file,treatment,fly,orientation,n_turns,turn_bias,switchiness,clumpiness,distance_mm,walking_speed_mm_s,fraction_walking,tortuosity
NNYM_07-03-2025-11-29-37__Y-Maze_cs-p_female_dosed_1-50_Day1.hdf5,0.5uM,0,inverse,332,0.6314199395770392,0.8789004841734467,0.8489290277558915,14995.398893892432,4.327186535679827,0.3930094820199433,3.8948369913696967
NNYM_07-03-2025-11-29-37__Y-Maze_cs-p_female_dosed_1-50_Day1.hdf5,0.5uM,1,inverse,539,0.654275092936803,0.89734853035673,0.78526367769333,21201.33993346177,4.855256271099633,0.5318352719492115,3.5253626800412756
NNYM_07-03-2025-11-29-37__Y-Maze_cs-p_female_dosed_1-50_Day1.hdf5,0.5uM,2,inverse,740,0.557510148849797,0.7140537406235081,1.3135732147803518,27452.792115020053,5.38403609671698,0.6586241802737556,3.2700854225785947
NNYM_07-03-2025-11-29-37__Y-Maze_cs-p_female_dosed_1-50_Day1.hdf5,0.5uM,3,inverse,558,0.6786355475763016,0.8205666246465452,0.5530406989415485,21877.618229549575,4.781286714984695,0.5511001080930298,3.518384565807449
NNYM_07-03-2025-11-29-37__Y-Maze_cs-p_female_dosed_1-50_Day1.hdf5,0.5uM,4,upright,529,0.5151515151515151,0.8356819957584553,0.5694853550056612,22311.973735099364,5.0301973145403736,0.5290008208603315,3.689266423508868
NNYM_07-03-2025-11-29-37__Y-Maze_cs-p_female_dosed_1-50_Day1.hdf5,0.5uM,5,upright,453,0.3230088495575221,0.91257497440552,0.5145409663079268,17814.58764974637,4.8949647993157495,0.40653269862460256,3.5325840505597883
NNYM_07-03-2025-11-29-37__Y-Maze_cs-p_female_dosed_1-50_Day1.hdf5,0.5uM,6,upright,897,0.31138392857142855,0.9170991364623872,0.4651702254542831,34372.12027358275,5.974642797345233,0.7623646193696434,3.2237187539435146
NNYM_07-03-2025-11-29-37__Y-Maze_cs-p_female_dosed_1-50_Day1.hdf5,0.5uM,7,upright,769,0.34765625,0.7013550357059491,2.391353576821802,26803.89575041255,5.914727125229555,0.6243996157540826,3.0477797108354805
NNYM_07-03-2025-11-29-37__Y-Maze_cs-p_female_dosed_1-50_Day1.hdf5,0.5uM,8,inverse,745,0.5040322580645161,0.9260359999562311,0.45753647032550676,29040.15686693695,5.521626669050228,0.6730637184601879,3.354513324142271
NNYM_07-03-2025-11-29-37__Y-Maze_cs-p_female_dosed_1-50_Day1.hdf5,0.5uM,9,inverse,918,0.41657579062159217,0.8220100786889435,0.5456222119389473,35314.79613885368,6.069473792237842,0.7772893900171998,3.092206842978687
NNYM_07-03-2025-11-29-37__Y-Maze_cs-p_female_dosed_1-50_Day1.hdf5,0.5uM,10,inverse,941,0.4542553191489362,0.8634574325499906,0.44627654371545916,36436.6288012079,6.097023082758971,0.7990239073233003,3.301790645694633
NNYM_07-03-2025-11-29-37__Y-Maze_cs-p_female_dosed_1-50_Day1.hdf5,0.5uM,11,inverse,827,0.47578692493946734,0.9306673490542468,0.3729055672168922,30186.156516849514,5.496219487273367,0.712246372396264,3.2556876449397323
NNYM_07-03-2025-11-29-37__Y-Maze_cs-p_female_dosed_1-50_Day1.hdf5,0.5uM,12,upright,1023,0.31702544031311153,0.827802448070515,0.3858082463349718,37628.80903852933,6.32510772328811,0.799867922560912,3.2181408027446836
NNYM_07-03-2025-11-29-37__Y-Maze_cs-p_female_dosed_1-50_Day1.hdf5,0.5uM,13,upright,681,0.4823529411764706,0.8523135463982837,0.6998234052008083,27276.7449672797,5.558339248176553,0.6227829345883994,3.361002115252734
NNYM_07-03-2025-11-29-37__Y-Maze_cs-p_female_dosed_1-50_Day1.hdf5,0.5uM,14,upright,980,0.5791624106230848,0.9606866070415286,0.42700834274132565,35235.26531823223,6.221869531159647,0.7516003896600911,3.1358324689926778
NNYM_07-03-2025-11-29-37__Y-Maze_cs-p_female_dosed_1-50_Day1.hdf5,0.5uM,15,upright,1008,0.4816285998013903,1.1805201830059262,0.3550477301342715,36305.472450461675,6.126531557383885,0.7952257367797673,3.1110475820635073
NNYM_07-03-2025-11-29-37__Y-Maze_cs-p_female_dosed_1-50_Day1.hdf5,0.5uM,16,inverse,903,0.4467849223946785,0.8576617850424495,0.7191461579058335,36070.35900721321,6.187982696323108,0.7844478923329034,3.2621066524097855
NNYM_07-03-2025-11-29-37__Y-Maze_cs-p_female_dosed_1-50_Day1.hdf5,0.5uM,17,inverse,649,0.558641975308642,0.7585015938743727,1.1208149804561127,24795.959773843573,5.699352602004712,0.5468802548898133,3.166430412175445
NNYM_07-03-2025-11-29-37__Y-Maze_cs-p_female_dosed_1-50_Day1.hdf5,0.5uM,18,inverse,965,0.5923236514522822,0.958967712410336,0.44674955484211143,34274.851414627185,6.237851549076234,0.7261920302152137,3.0019618931981924
NNYM_07-03-2025-11-29-37__Y-Maze_cs-p_female_dosed_1-50_Day1.hdf5,0.5uM,19,inverse,1210,0.456575682382134,0.8741430549693855,0.3382086712874354,40649.3619814728,6.66599301122549,0.8231957822692018,2.9651559722417833
NNYM_07-03-2025-11-29-37__Y-Maze_cs-p_female_dosed_1-50_Day1.hdf5,0.5uM,20,upright,761,0.5736842105263158,0.8026758148639105,0.4459650041549257,27230.546366148294,5.4577047627671496,0.6329795120930111,3.1444130696287123
NNYM_07-03-2025-11-29-37__Y-Maze_cs-p_female_dosed_1-50_Day1.hdf5,0.5uM,21,upright,749,0.44786096256684493,0.8066293192477667,0.593803865894486,26089.200973547686,5.022549083255795,0.6535929523693571,3.063519742255341
NNYM_07-03-2025-11-29-37__Y-Maze_cs-p_female_dosed_1-50_Day1.hdf5,0.5uM,22,upright,1054,0.3418803418803419,0.9886011801886326,0.4474767500377451,37872.2255276649,6.242141307976928,0.815898019260327,2.990829531255587
NNYM_07-03-2025-11-29-37__Y-Maze_cs-p_female_dosed_1-50_Day1.hdf5,0.5uM,23,inverse,598,0.3869346733668342,0.9654771251962911,1.2092976803847584,24005.787200025872,4.956957260227929,0.6559371659617976,3.4390895144252536
NNYM_07-03-2025-11-29-37__Y-Maze_cs-p_female_dosed_1-50_Day1.hdf5,0.5uM,24,inverse,693,0.38439306358381503,0.8745385201247345,1.9499288219760131,27670.840148907155,5.455072715171767,0.6646025089733111,3.4209958422238644
NNYM_07-03-2025-11-29-37__Y-Maze_cs-p_female_dosed_1-50_Day1.hdf5,0.5uM,25,inverse,921,0.6217391304347826,0.9392493614474027,0.42359058994131826,35316.989401402054,6.056641726028133,0.7754131980048315,3.2786093373330374
NNYM_07-03-2025-11-29-37__Y-Maze_cs-p_female_dosed_1-50_Day1.hdf5,0.5uM,26,upright,921,0.4923913043478261,1.0252646229835873,0.3866604413573183,35243.982856043775,6.04722514473028,0.7735242776624662,3.2200739385623547
NNYM_07-03-2025-11-29-37__Y-Maze_cs-p_female_dosed_1-50_Day1.hdf5,0.5uM,27,upright,736,0.4326530612244898,0.7520638930735007,1.3834168882157905,26544.44852362732,5.432526676861959,0.6432328427185513,3.08693335054015
NNYM_07-03-2025-11-29-37__Y-Maze_cs-p_female_dosed_1-50_Day1.hdf5,0.5uM,28,upright,695,0.5172910662824207,0.9564107497338279,1.3049941890622094,27181.85264477611,5.442018427178056,0.646547233283594,3.3419712067544154
NNYM_07-03-2025-11-29-37__Y-Maze_cs-p_female_dosed_1-50_Day1.hdf5,0.5uM,29,inverse,1038,0.46769527483124396,0.7987008771914644,0.44419696678781817,38010.57832566847,6.597263021141234,0.7704543480149423,3.083604268527138
NNYM_07-03-2025-11-29-37__Y-Maze_cs-p_female_dosed_1-50_Day1.hdf5,0.5uM,30,inverse,843,0.6104513064133017,0.9100444647968875,0.5003613570137935,32576.666218738002,5.62084096482203,0.7664837073577433,3.189707448929646
NNYM_07-03-2025-11-29-37__Y-Maze_cs-p_female_dosed_1-50_Day1.hdf5,0.5uM,31,inverse,908,0.3065049614112459,0.9294883826774479,0.4726207344921252,32678.871189758313,5.936530741527442,0.7239072490026306,3.0490139795437425
NNYM_07-03-2025-11-29-37__Y-Maze_cs-p_female_dosed_1-50_Day1.hdf5,0.5uM,32,upright,556,0.4828828828828829,0.8999717188782812,0.4769705299830352,21092.8313212398,4.938568598646931,0.5062222608998347,3.327562963940014
NNYM_07-03-2025-11-29-37__Y-Maze_cs-p_female_dosed_1-50_Day1.hdf5,0.5uM,33,upright,596,0.761344537815126,1.0469824058031003,0.39377501455366326,25076.65955101318,4.867757185698845,0.6408990560953987,3.7106828905803066
NNYM_07-03-2025-11-29-37__Y-Maze_cs-p_female_dosed_1-50_Day1.hdf5,0.5uM,34,upright,980,0.5832482124616956,0.9654125659428621,0.3644140787799705,36144.72073547763,5.897815976948016,0.8262826751946607,3.1438107800613415
NNYM_07-03-2025-11-29-37__Y-Maze_cs-p_female_dosed_1-50_Day1.hdf5,0.5uM,35,inverse,744,0.21534320323014805,0.9331920849264655,0.47348119414142104,30245.53879932998,5.5894667322765965,0.7078308535630383,3.5966565386100258
NNYM_07-03-2025-11-29-37__Y-Maze_cs-p_female_dosed_1-50_Day1.hdf5,0.5uM,36,inverse,731,0.48904109589041095,0.9524465721739588,0.3450543156259251,30527.32019366948,5.2458481512738215,0.7653904947192884,3.6899370172952457
NNYM_07-03-2025-11-29-37__Y-Maze_cs-p_female_dosed_1-50_Day1.hdf5,0.5uM,37,inverse,852,0.535840188014101,0.8514335541011875,0.4163017817387716,31151.908296447284,5.9245240063688085,0.6791183738818698,3.1331081509048424
NNYM_07-03-2025-11-29-37__Y-Maze_cs-p_female_dosed_1-50_Day1.hdf5,0.5uM,38,upright,652,0.5791090629800307,0.9972723874317322,0.5225370201704741,27190.89107682295,5.258887130590978,0.6563343021737995,3.5584602882374354
NNYM_07-03-2025-11-29-37__Y-Maze_cs-p_female_dosed_1-50_Day1.hdf5,0.5uM,39,upright,865,0.42592592592592593,1.0094081281416631,0.5462124290988255,32558.154279100803,5.853581073368311,0.7305975409194142,3.2503181727282247
NNYM_07-03-2025-11-29-37__Y-Maze_cs-p_female_dosed_1-50_Day1.hdf5,0.5uM,40,upright,754,0.43293492695883135,0.9560296167256707,0.5004609774047267,30201.168326227118,5.5277750919002955,0.7102491004224103,3.44646469102768
NNYM_07-03-2025-11-29-37__Y-Maze_cs-p_female_dosed_1-50_Day1.hdf5,0.5uM,41,inverse,366,0.4849315068493151,0.7864285499630793,2.093125655463858,15482.314681467491,4.436138099506072,0.43627236144866327,3.574933756075801
NNYM_07-03-2025-11-29-37__Y-Maze_cs-p_female_dosed_1-50_Day1.hdf5,0.5uM,42,inverse,969,0.5733471074380165,0.8793151194216869,0.5833743765817605,35830.44138547231,6.393420267565474,0.7439615210344708,3.2310115587329937
NNYM_07-03-2025-11-29-37__Y-Maze_cs-p_female_dosed_1-50_Day1.hdf5,0.5uM,43,inverse,753,0.7367021276595744,1.0159737908924311,0.5271823113091716,29259.80300721369,5.347740615520253,0.7125461318849662,3.332975558068561
NNYM_07-03-2025-11-29-37__Y-Maze_cs-p_female_dosed_1-50_Day1.hdf5,0.5uM,44,upright,997,0.5933734939759037,0.7185255096690447,0.35682257647276316,37081.24297991124,6.479280277629395,0.7666401322637928,3.302628685431884
NNYM_07-03-2025-11-29-37__Y-Maze_cs-p_female_dosed_1-50_Day1.hdf5,0.5uM,45,upright,1125,0.5382562277580071,0.886758452815515,0.3578992216548499,40271.269171230175,6.680449032446161,0.8203711325761225,3.105969684779691
NNYM_07-03-2025-11-29-37__Y-Maze_cs-p_female_dosed_1-50_Day1.hdf5,0.5uM,46,upright,979,0.532719836400818,0.8963667040409449,0.42241327371380893,38056.71751887873,6.212986312524769,0.8281114087888383,3.3591589816546574
NNYM_07-03-2025-11-29-37__Y-Maze_cs-p_female_dosed_1-50_Day1.hdf5,0.5uM,47,inverse,753,0.550531914893617,1.0385705699245282,3.5782968983222334,27394.16967309791,7.29113912375279,0.5059027099439033,2.91329631505176
NNYM_07-03-2025-11-29-37__Y-Maze_cs-p_female_dosed_1-50_Day1.hdf5,0.5uM,48,inverse,882,0.70261066969353,1.125764500901927,0.39230862433801844,34418.80852700691,6.030653502145163,0.7693013327688251,3.4780229949970143
NNYM_07-03-2025-11-29-37__Y-Maze_cs-p_female_dosed_1-50_Day1.hdf5,0.5uM,49,upright,944,0.5461293743372216,0.8458407116427604,0.5381357985769029,35988.966182201475,6.275234504052035,0.7679544544457405,3.271384948157332
NNYM_07-07-2025-08-58-05__Y-Maze_cs-p_female_dosed_1-87_Day1.hdf5,0.5uM,0,inverse,525,0.37595419847328243,0.9250022045857342,0.7403427878409099,24845.081581785067,4.463651434487459,0.7052087052696665,3.8095824141339145
NNYM_07-07-2025-08-58-05__Y-Maze_cs-p_female_dosed_1-87_Day1.hdf5,0.5uM,1,upright,717,0.42877094972067037,0.856543805023851,0.698682015362246,27933.877030845593,5.288997425340339,0.6834892814747574,3.2718157536638044
NNYM_07-07-2025-08-58-05__Y-Maze_cs-p_female_dosed_1-87_Day1.hdf5,0.5uM,2,inverse,824,0.5321992709599028,1.0188237777953806,0.4451690420659413,31560.820560094086,5.414487294629402,0.7708119397789575,3.3733779675125444
NNYM_07-07-2025-08-58-05__Y-Maze_cs-p_female_dosed_1-87_Day1.hdf5,0.5uM,3,upright,859,0.29953379953379955,0.8592403081766877,0.5420498419614859,30514.633064206697,5.5823441580444335,0.7133202111167238,3.127111097540942
NNYM_07-07-2025-08-58-05__Y-Maze_cs-p_female_dosed_1-87_Day1.hdf5,0.5uM,4,inverse,987,0.3255578093306288,0.8438277248222793,0.7083563205517845,36015.67096760394,6.540996560382207,0.741146253374943,3.147153581381021
NNYM_07-07-2025-08-58-05__Y-Maze_cs-p_female_dosed_1-87_Day1.hdf5,0.5uM,5,upright,628,0.4800637958532695,0.8863932214296556,0.9961451756044135,23164.348171153557,5.152495750602438,0.5507240025243672,3.1418288805169925
NNYM_07-07-2025-08-58-05__Y-Maze_cs-p_female_dosed_1-87_Day1.hdf5,0.5uM,6,inverse,747,0.5361930294906166,0.9904244675485898,0.5120580911177193,27868.15532071281,5.031398272966066,0.7181871914331409,3.217519314423575
NNYM_07-07-2025-08-58-05__Y-Maze_cs-p_female_dosed_1-87_Day1.hdf5,0.5uM,7,upright,793,0.41035353535353536,1.0057831880272234,0.456768615453604,29413.09157707741,5.19008474783776,0.733315949587136,3.241328616503766
NNYM_07-07-2025-08-58-05__Y-Maze_cs-p_female_dosed_1-87_Day1.hdf5,0.5uM,8,inverse,672,0.26229508196721313,1.0066138059701493,0.33847673027990954,28802.046882638868,5.3023438161080545,0.6972298325722983,3.767893584397907
NNYM_07-07-2025-08-58-05__Y-Maze_cs-p_female_dosed_1-87_Day1.hdf5,0.5uM,9,inverse,690,0.6560232220609579,0.8631137258452061,0.44707035184949273,28571.01923125729,5.006012741647965,0.7450062123673898,3.7368367758653203
NNYM_07-07-2025-08-58-05__Y-Maze_cs-p_female_dosed_1-87_Day1.hdf5,0.5uM,10,upright,741,0.7405405405405405,0.9190681701450966,0.6836897411064562,29389.211152548265,5.551611602992736,0.6904861839804127,3.4574157071217857
NNYM_07-07-2025-08-58-05__Y-Maze_cs-p_female_dosed_1-87_Day1.hdf5,0.5uM,11,inverse,1011,0.4881188118811881,0.7814124836406584,0.5337162872597233,37881.759426473625,6.271569847942483,0.8136721639615334,3.2335948977010047
NNYM_07-07-2025-08-58-05__Y-Maze_cs-p_female_dosed_1-87_Day1.hdf5,0.5uM,12,upright,776,0.4774193548387097,0.9709725875746548,0.4829352828506895,28519.541716948275,5.346694069929485,0.6865732062553352,3.2349468574171403
NNYM_07-07-2025-08-58-05__Y-Maze_cs-p_female_dosed_1-87_Day1.hdf5,0.5uM,13,inverse,294,0.7508532423208191,1.0434741721967278,3.0985555083473098,12985.165800621446,4.471775891601047,0.45099722232156697,3.583613994112165
NNYM_07-07-2025-08-58-05__Y-Maze_cs-p_female_dosed_1-87_Day1.hdf5,0.5uM,14,upright,407,0.5024630541871922,1.0815077259359924,2.168164969602334,16416.075832274317,5.039194598949754,0.41304816819643836,3.271491805393092
NNYM_07-07-2025-08-58-05__Y-Maze_cs-p_female_dosed_1-87_Day1.hdf5,0.5uM,15,inverse,729,0.15247252747252749,0.9579938352741931,0.3631397651614454,27662.222377186354,5.075158614310879,0.6930531150507142,3.323614029389561
NNYM_07-07-2025-08-58-05__Y-Maze_cs-p_female_dosed_1-87_Day1.hdf5,0.5uM,16,upright,800,0.46057571964956195,0.900334306492803,0.3695535785556311,30462.825807135643,5.175281637855774,0.7774558930994885,3.3607122462965817
NNYM_07-07-2025-08-58-05__Y-Maze_cs-p_female_dosed_1-87_Day1.hdf5,0.5uM,17,inverse,298,0.4983164983164983,0.8851451697707139,2.6385851539901326,12295.256019862007,5.124675532262291,0.34588063235601363,3.1786901639536533
NNYM_07-07-2025-08-58-05__Y-Maze_cs-p_female_dosed_1-87_Day1.hdf5,0.5uM,18,upright,729,0.5247252747252747,1.0645012973591452,0.4079103869280602,27334.55439095349,4.876759405793687,0.7150947657349339,3.317264437318136
NNYM_07-07-2025-08-58-05__Y-Maze_cs-p_female_dosed_1-87_Day1.hdf5,0.5uM,19,inverse,517,0.7848837209302325,0.9315350301758067,0.7610705018703628,22758.760366580093,4.978196779385671,0.5745777746550619,3.7316127143687896
NNYM_07-07-2025-08-58-05__Y-Maze_cs-p_female_dosed_1-87_Day1.hdf5,0.5uM,20,upright,860,0.26775320139697323,0.9362700184311438,0.38759074155521656,29845.529068339674,5.346533872897679,0.7284702611113525,3.0701069011898214
NNYM_07-07-2025-08-58-05__Y-Maze_cs-p_female_dosed_1-87_Day1.hdf5,0.5uM,21,inverse,905,0.3639380530973451,0.6625751467034762,0.6340652576074126,32425.954043601232,5.840288043368037,0.7323954710666004,3.073330294580029
NNYM_07-07-2025-08-58-05__Y-Maze_cs-p_female_dosed_1-87_Day1.hdf5,0.5uM,22,upright,975,0.3049281314168378,0.9189019429075537,0.33108496956083167,34682.80918942683,5.926152210447696,0.7759742519137092,3.0889334896847527
NNYM_07-07-2025-08-58-05__Y-Maze_cs-p_female_dosed_1-87_Day1.hdf5,0.5uM,23,inverse,657,0.6692073170731707,0.9655397556287122,0.7178590033543131,25289.68295721701,5.160439902083787,0.6133158240315167,3.1722318146391357
NNYM_07-07-2025-08-58-05__Y-Maze_cs-p_female_dosed_1-87_Day1.hdf5,0.5uM,24,upright,682,0.5051395007342144,0.7706696626100582,1.6245046171826762,25833.134353826063,5.821887835072574,0.5778953872605647,3.1266746151900633
NNYM_07-07-2025-08-58-05__Y-Maze_cs-p_female_dosed_1-87_Day1.hdf5,0.5uM,25,inverse,584,0.37735849056603776,0.888507497656982,0.9119055996922063,23844.455380653053,5.1344459242682134,0.5912831290966087,3.3879464289944523
NNYM_07-07-2025-08-58-05__Y-Maze_cs-p_female_dosed_1-87_Day1.hdf5,0.5uM,26,upright,975,0.23203285420944558,0.9055129984183723,0.5187361085531736,35305.23843543844,6.385151181638612,0.741953866790577,3.2036007665699695
NNYM_07-07-2025-08-58-05__Y-Maze_cs-p_female_dosed_1-87_Day1.hdf5,0.5uM,27,inverse,645,0.656832298136646,0.8072610202878014,0.5778409076987728,25832.635628225293,4.937948892610485,0.6591051423004662,3.513957981053153
NNYM_07-07-2025-08-58-05__Y-Maze_cs-p_female_dosed_1-87_Day1.hdf5,0.5uM,28,upright,689,0.48255813953488375,0.9764429387241326,0.7074745806383024,25734.611252905954,4.986244853784165,0.6421051716493815,3.0732052481451273
NNYM_07-07-2025-08-58-05__Y-Maze_cs-p_female_dosed_1-87_Day1.hdf5,0.5uM,29,inverse,552,0.46098003629764067,0.9988102571889256,0.8271792280778438,22303.61578941196,4.524472482499679,0.612418283354948,3.47931684768939
NNYM_07-07-2025-08-58-05__Y-Maze_cs-p_female_dosed_1-87_Day1.hdf5,0.5uM,30,upright,680,0.22091310751104565,1.0283576180359224,0.48118865673863387,30419.513067246487,5.094856319725124,0.7888682294472344,3.72260969200392
NNYM_07-07-2025-08-58-05__Y-Maze_cs-p_female_dosed_1-87_Day1.hdf5,0.5uM,31,inverse,782,0.6632522407170295,0.8122288225425107,0.8128306291587618,28455.289726970834,5.6861045554765814,0.6428048780487805,3.0657152561333874
NNYM_07-07-2025-08-58-05__Y-Maze_cs-p_female_dosed_1-87_Day1.hdf5,0.5uM,32,upright,1109,0.6895306859205776,0.8165091729451326,0.35820896469640356,38152.46865664215,6.594766545107699,0.775532415066084,3.0029427719566817
NNYM_07-07-2025-08-58-05__Y-Maze_cs-p_female_dosed_1-87_Day1.hdf5,0.5uM,33,inverse,929,0.4978448275862069,0.6839393520505233,0.47118993108891083,30996.535644457126,5.68332542075643,0.7121644674999129,2.951954279894562
NNYM_07-07-2025-08-58-05__Y-Maze_cs-p_female_dosed_1-87_Day1.hdf5,0.5uM,34,upright,614,0.5057096247960848,0.8759312142472945,0.541257773400965,24499.38440507689,4.754260588322786,0.6429995906957302,3.362364252880496
NNYM_07-07-2025-08-58-05__Y-Maze_cs-p_female_dosed_1-87_Day1.hdf5,0.5uM,35,inverse,376,0.552,0.7730673791255633,5.093233239688137,17091.525568991146,5.488800106278263,0.6031050902903272,3.6687882794639037
NNYM_07-07-2025-08-58-05__Y-Maze_cs-p_female_dosed_1-87_Day1.hdf5,0.5uM,36,upright,582,0.5817555938037866,0.9353523216476356,0.5458066389898811,23248.181613146364,4.810551548036652,0.5889252234575976,3.3873583461749917
NNYM_07-07-2025-08-58-05__Y-Maze_cs-p_female_dosed_1-87_Day1.hdf5,0.5uM,37,inverse,881,0.5079545454545454,0.8807689969905543,0.568753169469448,34615.533629809346,5.8991349937739495,0.7892372778077613,3.4113061128133375
NNYM_07-07-2025-08-58-05__Y-Maze_cs-p_female_dosed_1-87_Day1.hdf5,0.5uM,38,upright,344,0.6997084548104956,1.0158662398985596,2.854576275817338,13318.616142944069,4.330881179963691,0.4196764709073353,3.205297175739531
NNYM_07-07-2025-08-58-05__Y-Maze_cs-p_female_dosed_1-87_Day1.hdf5,0.5uM,39,inverse,439,0.3744292237442922,0.8743703223582872,0.8316159887646325,18398.23787499931,4.413170024384997,0.4807288752098489,3.550896141420961
NNYM_07-07-2025-08-58-05__Y-Maze_cs-p_female_dosed_1-87_Day1.hdf5,0.5uM,40,upright,773,0.4740932642487047,0.9415679746430045,0.5732115415298425,29910.694228181743,5.63378752586094,0.6978418527969974,3.426169544738156
NNYM_07-07-2025-08-58-05__Y-Maze_cs-p_female_dosed_1-87_Day1.hdf5,0.5uM,41,inverse,715,0.6092436974789915,0.8395146859452688,0.5013112265320824,27433.664204538276,4.9697711478085695,0.702691432245061,3.3268469159808878
NNYM_07-07-2025-08-58-05__Y-Maze_cs-p_female_dosed_1-87_Day1.hdf5,0.5uM,42,upright,63,0.2903225806451613,0.8354446100347739,1.042387655546289,5094.12117707849,3.393815383828659,0.06537566453871939,4.413882817895816
NNYM_07-07-2025-08-58-05__Y-Maze_cs-p_female_dosed_1-87_Day1.hdf5,0.5uM,43,inverse,553,0.38768115942028986,1.093281805122638,0.5811744221294853,21352.889181035676,4.531015793275935,0.5601454697315075,3.187085033970838
NNYM_07-07-2025-08-58-05__Y-Maze_cs-p_female_dosed_1-87_Day1.hdf5,0.5uM,44,upright,779,0.35989717223650386,0.9078292393696868,0.5704669677298668,27861.26044117448,5.0752533819722245,0.6985007991105552,3.0910933595050114
NNYM_07-07-2025-08-58-05__Y-Maze_cs-p_female_dosed_1-87_Day1.hdf5,0.5uM,45,inverse,460,0.3572984749455338,0.9460565781088941,0.5907895775612068,22694.93931666659,4.473879676662545,0.6281221413947815,4.221461405777466
NNYM_07-07-2025-08-58-05__Y-Maze_cs-p_female_dosed_1-87_Day1.hdf5,0.5uM,46,upright,620,0.5541195476575121,0.9103416668683595,1.1799538581343658,23957.14308313036,4.964184289521027,0.6052105091527634,3.1926028232945374
NNYM_07-07-2025-08-58-05__Y-Maze_cs-p_female_dosed_1-87_Day1.hdf5,0.5uM,47,inverse,419,0.6267942583732058,0.9585223189622114,0.6739766782332156,17968.79807245658,4.1927289920768915,0.4696578887746388,3.520700247278799
NNYM_07-07-2025-08-58-05__Y-Maze_cs-p_female_dosed_1-87_Day1.hdf5,0.5uM,48,upright,892,0.40404040404040403,0.7955963149876213,0.6413192822836412,32156.511601085418,6.03389996256199,0.7024579673556689,3.0820347453684382
NNYM_07-07-2025-08-58-05__Y-Maze_cs-p_female_dosed_1-87_Day1.hdf5,0.5uM,49,inverse,661,0.4196969696969697,1.0249196408803511,0.42770016645537023,30515.201919874307,5.372868879576905,0.7503403022582109,3.922171253189966
NNYM_07-07-2025-08-58-05__Y-Maze_cs-p_female_dosed_1-87_Day1.hdf5,0.5uM,50,upright,710,0.43582510578279265,0.8875017655367232,1.4157925457733103,25165.1585921446,5.341161312696737,0.6816570145372888,3.063658175865946
NNYM_07-07-2025-08-58-05__Y-Maze_cs-p_female_dosed_1-87_Day1.hdf5,0.5uM,51,inverse,698,0.6341463414634146,0.93822391688771,0.6000228244419914,26570.388037092027,5.2496638384052074,0.645477927667839,3.2352591225733303
NNYM_07-07-2025-08-58-05__Y-Maze_cs-p_female_dosed_1-87_Day1.hdf5,0.5uM,52,upright,281,0.3892857142857143,0.9347187200076302,1.1656049620982178,14016.591725630082,4.466417883018634,0.3455375881803641,3.8039718700178113
NNYM_07-07-2025-08-58-05__Y-Maze_cs-p_female_dosed_1-87_Day1.hdf5,0.5uM,53,inverse,203,0.6039603960396039,1.071184038822282,1.0841211154494108,10413.761366711238,4.008667010226201,0.2838744270154338,3.8509647985411433
NNYM_07-07-2025-08-58-05__Y-Maze_cs-p_female_dosed_1-87_Day1.hdf5,0.5uM,54,upright,1025,0.578125,0.873726121037949,0.4182386401700845,36009.10150207574,6.084246035582728,0.7930088325987352,3.085762836042912
NNYM_07-07-2025-08-58-05__Y-Maze_cs-p_female_dosed_1-87_Day1.hdf5,0.5uM,55,inverse,979,0.37627811860940696,0.8090016476609926,0.40585264425385126,35568.207850067934,5.995906953354023,0.7958395994332258,3.2388507375020263
NNYM_07-07-2025-08-58-05__Y-Maze_cs-p_female_dosed_1-87_Day1.hdf5,0.5uM,56,upright,542,0.3974121996303142,0.7964929482200134,0.583276462231402,20146.374415746843,4.3956349160952985,0.5341288282464753,3.2961617013529456
NNYM_07-07-2025-08-58-05__Y-Maze_cs-p_female_dosed_1-87_Day1.hdf5,0.5uM,57,inverse,750,0.3538050734312417,0.8215748310792499,1.1491284924771688,28762.721598318785,5.539080907755594,0.6853661564656013,3.2723106014691625
NNYM_07-07-2025-08-58-05__Y-Maze_cs-p_female_dosed_1-87_Day1.hdf5,0.5uM,58,upright,259,0.32945736434108525,1.153672551092365,3.0580301113870294,11270.695053433064,4.185759311393479,0.32035553463895694,3.4522439063523946
NNYM_07-07-2025-08-58-05__Y-Maze_cs-p_female_dosed_1-87_Day1.hdf5,0.5uM,59,inverse,793,0.4936868686868687,1.011539264654863,0.4505666055673183,33272.98072070973,5.5716955763618605,0.794874466994937,3.594750025898751
NNYM_07-07-2025-08-58-05__Y-Maze_cs-p_female_dosed_1-87_Day1.hdf5,0.5uM,60,upright,639,0.384012539184953,1.0253491462135444,0.6818727164437873,25270.45608046466,5.057893616638583,0.6315224693124416,3.377836946182927
NNYM_07-07-2025-08-58-05__Y-Maze_cs-p_female_dosed_1-87_Day1.hdf5,0.5uM,61,inverse,439,0.4223744292237443,1.0364224518836,0.5597847405370003,21563.12334176326,4.483257317340949,0.5686223335769217,4.249908101801976
NNYM_07-07-2025-08-58-05__Y-Maze_cs-p_female_dosed_1-87_Day1.hdf5,0.5uM,62,upright,1213,0.41254125412541254,0.9557492461425694,0.4449823507627106,43766.324523015675,7.016128473302579,0.8504757353260634,3.035956191570126
NNYM_07-07-2025-08-58-05__Y-Maze_cs-p_female_dosed_1-87_Day1.hdf5,0.5uM,63,inverse,1127,0.5088809946714032,0.9016177831638101,0.40290471662489374,39555.81141140837,6.649310515187796,0.8020883184685664,3.0916774677261634
NNYM_07-07-2025-08-58-05__Y-Maze_cs-p_female_dosed_1-87_Day1.hdf5,0.5uM,64,upright,568,0.09876543209876543,1.0520021540248803,0.5848304831634411,24016.77433731631,4.886715146442588,0.5986209415160948,3.488778700862891
NNYM_07-07-2025-08-58-05__Y-Maze_cs-p_female_dosed_1-87_Day1.hdf5,0.5uM,65,inverse,515,0.3715953307392996,1.0184338225854495,0.6866454237724823,21530.08070774984,4.814774010575735,0.544381354813152,3.7245223667338694
NNYM_07-07-2025-08-58-05__Y-Maze_cs-p_female_dosed_1-87_Day1.hdf5,0.5uM,66,upright,573,0.527972027972028,0.9697601383524767,0.526463384257887,23498.905342339887,4.505623584934763,0.6329091935553915,3.7306873987163462
NNYM_07-07-2025-08-58-05__Y-Maze_cs-p_female_dosed_1-87_Day1.hdf5,0.5uM,67,inverse,394,0.5063613231552163,1.081807760663194,0.6688613744901565,18386.86478277335,4.3313641037390305,0.4814684298161379,4.026187025207036
NNYM_07-07-2025-08-58-05__Y-Maze_cs-p_female_dosed_1-87_Day1.hdf5,0.5uM,68,upright,322,0.5077881619937694,0.8939668959190805,1.2029568524299645,18081.616682051343,4.023300437004497,0.5144114470360354,4.387575898649994
NNYM_07-07-2025-08-58-05__Y-Maze_cs-p_female_dosed_1-87_Day1.hdf5,0.5uM,69,inverse,796,0.5911949685534591,0.914554638512246,0.4104039755519376,30309.31910792181,5.291281088274984,0.7499130434782608,3.440705415863533
NNYM_07-07-2025-08-58-05__Y-Maze_cs-p_female_dosed_1-87_Day1.hdf5,0.5uM,70,upright,1105,0.46467391304347827,0.8984102785493062,0.3561887778672247,39535.951245501834,6.407731723846157,0.8363476764498831,3.204445353946266
NNYM_07-07-2025-08-58-05__Y-Maze_cs-p_female_dosed_1-87_Day1.hdf5,0.5uM,71,inverse,569,0.6637323943661971,1.0272644225824703,0.7689765491947904,23595.02614661182,4.833302411360391,0.6083133210905495,3.6445087842462933
NNYM_07-07-2025-08-58-05__Y-Maze_cs-p_female_dosed_1-87_Day1.hdf5,0.5uM,72,upright,327,0.5950920245398773,1.130106697426285,0.4685916812153491,16572.079042323847,3.8546057678805714,0.4425192591235463,4.420184620503939
NNYM_07-07-2025-08-58-05__Y-Maze_cs-p_female_dosed_1-87_Day1.hdf5,0.5uM,73,inverse,243,0.45454545454545453,1.3890733056708162,1.1074690900880901,14476.97537801904,3.972777751878731,0.37920109337143565,4.492004267092204
NNYM_07-07-2025-08-58-05__Y-Maze_cs-p_female_dosed_1-87_Day1.hdf5,0.5uM,74,upright,1074,0.2590866728797763,1.0034894015229945,0.36607163104164225,37306.42731207185,6.426597842285946,0.7758742201842845,3.0185110029077538
NNYM_07-07-2025-08-58-05__Y-Maze_cs-p_female_dosed_1-87_Day1.hdf5,0.5uM,75,inverse,148,0.6462585034013606,1.2583578281847931,0.9565237442907935,11171.75413678003,3.8606133112912944,0.24584412924824817,5.847772019772049
NNYM_07-07-2025-08-58-05__Y-Maze_cs-p_female_dosed_1-87_Day1.hdf5,0.5uM,76,upright,474,0.5116279069767442,0.9030307616112702,1.0462236219015293,19021.436615578714,5.081242895700129,0.4812277284173516,3.3086618034352693
NNYM_07-07-2025-08-58-05__Y-Maze_cs-p_female_dosed_1-87_Day1.hdf5,0.5uM,77,inverse,582,0.5008605851979346,1.0586238257515395,0.6268952900420804,22659.60672102225,4.580658433468543,0.6086769797098909,3.428681595289893
NNYM_07-07-2025-08-58-05__Y-Maze_cs-p_female_dosed_1-87_Day1.hdf5,0.5uM,78,upright,124,0.43089430894308944,1.0361870885069153,3.199846356052054,7863.909497761207,3.9411150248201174,0.3549314810158411,4.098684155531836
NNYM_07-07-2025-08-58-05__Y-Maze_cs-p_female_dosed_1-87_Day1.hdf5,0.5uM,79,inverse,772,0.5058365758754864,0.9325946101142952,0.6058159995948162,34720.490627989886,6.223146153093432,0.7463388254585736,3.64320981509422
NNYM_07-07-2025-08-58-05__Y-Maze_cs-p_female_dosed_1-87_Day1.hdf5,0.5uM,80,upright,238,0.6624472573839663,1.0137919343085393,0.7878362090853334,18220.21786268743,4.037413207953719,0.4903650675053431,5.487432142356278
NNYM_07-07-2025-08-58-05__Y-Maze_cs-p_female_dosed_1-87_Day1.hdf5,0.5uM,81,inverse,784,0.44572158365261816,0.9084033672543833,0.4230925865581175,30546.65731058824,5.316857517823714,0.754357431116059,3.4628685529459347
NNYM_07-07-2025-08-58-05__Y-Maze_cs-p_female_dosed_1-87_Day1.hdf5,0.5uM,82,upright,556,0.5981981981981982,1.0250992272663528,0.7036644132272996,23557.195880146184,4.972969813252104,0.5952177397809244,3.720776713645146
NNYM_07-07-2025-08-58-05__Y-Maze_cs-p_female_dosed_1-87_Day1.hdf5,0.5uM,83,unknown,1,,,,1345.1498852331956,4.0154040024202935,0.04773592890393567,
NNYM_07-07-2025-08-58-05__Y-Maze_cs-p_female_dosed_1-87_Day1.hdf5,0.5uM,84,upright,1036,0.5980676328502416,0.9856943462777557,0.396268799014918,33254.63212681169,5.960533000348584,0.7325461833391426,2.907490523674868
NNYM_07-07-2025-08-58-05__Y-Maze_cs-p_female_dosed_1-87_Day1.hdf5,0.5uM,85,inverse,423,0.5592417061611374,1.204558431568116,0.5631386404811977,18939.58672343163,4.284945535899015,0.49419548557163556,3.809350708772936
NNYM_07-07-2025-08-58-05__Y-Maze_cs-p_female_dosed_1-87_Day1.hdf5,0.5uM,86,upright,856,0.49122807017543857,0.897231659763962,0.5052981310180623,32705.677491120918,5.880812086687048,0.7338225193660288,3.215185067294635
NNYM_07-08-2025-13-55-56__Y-Maze_cs-p_female_dosed_1-98_Day1.hdf5,0.5uM,0,inverse,744,0.4858681022880215,0.8632232718410406,1.8015257645040919,26740.54152999552,6.9693961980535715,0.5164036833094258,3.0162630142203875
NNYM_07-08-2025-13-55-56__Y-Maze_cs-p_female_dosed_1-98_Day1.hdf5,0.5uM,1,upright,1146,0.27685589519650655,0.9670948719840333,0.5376446305851749,42269.861405986914,7.104909252400134,0.7984253610720058,3.0162107491567647
NNYM_07-08-2025-13-55-56__Y-Maze_cs-p_female_dosed_1-98_Day1.hdf5,0.5uM,2,inverse,880,0.5415244596131968,0.802803549620643,0.4147579223982717,33970.806767063346,5.68812847555569,0.7943484267876229,3.386747835769013
NNYM_07-08-2025-13-55-56__Y-Maze_cs-p_female_dosed_1-98_Day1.hdf5,0.5uM,3,upright,1207,0.4071310116086235,0.8578089728510159,0.41991434796445903,42438.34399992993,6.8249860688967905,0.8396466510896662,2.993071531695189
NNYM_07-08-2025-13-55-56__Y-Maze_cs-p_female_dosed_1-98_Day1.hdf5,0.5uM,4,inverse,785,0.5,0.9374201787994891,0.5371902530321632,30082.274922896224,5.6122852788147695,0.689901589178287,3.2821862685598298
NNYM_07-08-2025-13-55-56__Y-Maze_cs-p_female_dosed_1-98_Day1.hdf5,0.5uM,5,upright,806,0.5018633540372671,0.8806092451374887,0.6457641504690921,29862.922259818533,5.517156924500254,0.7097159914116641,3.222244328721221
NNYM_07-08-2025-13-55-56__Y-Maze_cs-p_female_dosed_1-98_Day1.hdf5,0.5uM,6,inverse,1070,0.64733395696913,0.8510494867005624,0.3676247994123994,39073.103347993325,6.378554819454182,0.8249307142298636,3.1711614073152115
NNYM_07-08-2025-13-55-56__Y-Maze_cs-p_female_dosed_1-98_Day1.hdf5,0.5uM,7,upright,987,0.422920892494929,0.9172291995206705,0.40180428813482155,37889.74839025619,6.307325250793089,0.8070779531324725,3.341062337909184
NNYM_07-08-2025-13-55-56__Y-Maze_cs-p_female_dosed_1-98_Day1.hdf5,0.5uM,8,inverse,637,0.7374213836477987,0.9108968805836442,0.5466924186715745,25539.295197700245,4.752075592195294,0.6686876758972934,3.416443634535988
NNYM_07-08-2025-13-55-56__Y-Maze_cs-p_female_dosed_1-98_Day1.hdf5,0.5uM,9,upright,285,0.6408450704225352,0.8827678937843145,1.1151829348359783,12427.137498188611,5.1447715744238645,0.47668141592920354,3.4028461070200384
NNYM_07-08-2025-13-55-56__Y-Maze_cs-p_female_dosed_1-98_Day1.hdf5,0.5uM,10,inverse,994,0.7069486404833837,0.905043946603225,0.4300886719845013,40243.40198038035,6.735343801117584,0.8056716391975604,3.322435760079251
NNYM_07-08-2025-13-55-56__Y-Maze_cs-p_female_dosed_1-98_Day1.hdf5,0.5uM,11,upright,838,0.5017921146953405,0.9880509707066882,0.42601331309612056,33680.50246079999,5.741507890347,0.7745024767532807,3.401758456179305
NNYM_07-08-2025-13-55-56__Y-Maze_cs-p_female_dosed_1-98_Day1.hdf5,0.5uM,12,inverse,1000,0.4854854854854855,0.782222292874891,0.44080763648810084,39119.42218274757,6.36046220460202,0.8332738742658256,3.4535225722978398
NNYM_07-08-2025-13-55-56__Y-Maze_cs-p_female_dosed_1-98_Day1.hdf5,0.5uM,13,upright,1030,0.5986394557823129,0.8603314625014238,0.4259284968532862,39973.55268149082,6.548431129936165,0.84711527333909,3.371929673474095
NNYM_07-08-2025-13-55-56__Y-Maze_cs-p_female_dosed_1-98_Day1.hdf5,0.5uM,14,inverse,1141,0.6201754385964913,0.8721567088709454,0.5050914669829032,43759.51852248362,7.040516692735341,0.8447017738937054,3.3124382828923116
NNYM_07-08-2025-13-55-56__Y-Maze_cs-p_female_dosed_1-98_Day1.hdf5,0.5uM,15,upright,1168,0.5355612682090831,0.9240567670719588,0.32470910049325,41363.60874590489,6.5937984966256815,0.8468887055451821,3.072668594751951
NNYM_07-08-2025-13-55-56__Y-Maze_cs-p_female_dosed_1-98_Day1.hdf5,0.5uM,16,inverse,1133,0.30918727915194344,0.8568914250050154,0.3687414178859364,39871.7020315037,6.483446539285971,0.8341597748128524,3.1529009587199135
NNYM_07-08-2025-13-55-56__Y-Maze_cs-p_female_dosed_1-98_Day1.hdf5,0.5uM,17,upright,1061,0.5179245283018868,0.8301509140298154,0.35166652289049116,38094.14426801121,6.116399808050712,0.8355938384592675,3.164409145278234
NNYM_07-08-2025-13-55-56__Y-Maze_cs-p_female_dosed_1-98_Day1.hdf5,0.5uM,18,inverse,756,0.49801324503311256,0.9761427330589333,0.4778780722511673,31500.73910135073,5.293532895582762,0.7820578549021994,3.582840190367977
NNYM_07-08-2025-13-55-56__Y-Maze_cs-p_female_dosed_1-98_Day1.hdf5,0.5uM,19,upright,1102,0.5703905540417802,0.8736793676724967,0.4304225422661809,41607.74170488439,6.782928134764396,0.828501659801519,3.232730395518888
NNYM_07-08-2025-13-55-56__Y-Maze_cs-p_female_dosed_1-98_Day1.hdf5,0.5uM,20,inverse,972,0.46446961894953653,0.9201101350246434,0.3836396694874094,36073.33961215963,6.224569047292586,0.7719243313763862,3.3012821442326574
NNYM_07-08-2025-13-55-56__Y-Maze_cs-p_female_dosed_1-98_Day1.hdf5,0.5uM,21,upright,3,0.0,,0.3947037187825705,77.62583400729514,11.793019879544893,0.4297520661157025,
NNYM_07-08-2025-13-55-56__Y-Maze_cs-p_female_dosed_1-98_Day1.hdf5,0.5uM,22,inverse,933,0.18240343347639484,1.0875649389469837,0.37431221224758904,34922.398453666836,6.0659478924040195,0.7551678015564203,3.2541283646327432
NNYM_07-08-2025-13-55-56__Y-Maze_cs-p_female_dosed_1-98_Day1.hdf5,0.5uM,23,upright,951,0.42526315789473684,0.7889656223232994,0.456346630480274,41158.65319131834,6.76393362248023,0.8192336758714743,3.591341781049692
NNYM_07-08-2025-13-55-56__Y-Maze_cs-p_female_dosed_1-98_Day1.hdf5,0.5uM,24,inverse,801,0.56125,0.9250200051061931,0.37427350691136746,31021.775949145114,5.514599654991209,0.7344718741576161,3.4884154401161283
NNYM_07-08-2025-13-55-56__Y-Maze_cs-p_female_dosed_1-98_Day1.hdf5,0.5uM,25,upright,1063,0.6374764595103578,0.9584117151265558,0.44098601320487407,39815.08374774079,6.463594291575644,0.8322586251846702,3.1963935857312147
NNYM_07-08-2025-13-55-56__Y-Maze_cs-p_female_dosed_1-98_Day1.hdf5,0.5uM,26,inverse,937,0.4583333333333333,0.8659062862271417,0.36815903104538433,37743.14436764654,6.2362786526994105,0.8112275514197504,3.5154582247597443
NNYM_07-08-2025-13-55-56__Y-Maze_cs-p_female_dosed_1-98_Day1.hdf5,0.5uM,27,upright,1064,0.4628410159924741,0.8976130279350227,0.4171224418141092,40597.05952879177,6.767645385576852,0.820418788310512,3.365792934638106
NNYM_07-08-2025-13-55-56__Y-Maze_cs-p_female_dosed_1-98_Day1.hdf5,0.5uM,28,inverse,659,0.378419452887538,0.9123949549972226,0.49349819300688946,26894.86382133752,4.995266467932453,0.6829115302522106,3.680031083114443
NNYM_07-08-2025-13-55-56__Y-Maze_cs-p_female_dosed_1-98_Day1.hdf5,0.5uM,29,upright,974,0.447070914696814,0.9239338050466253,0.49732109653324547,37079.755798546714,5.988371431594629,0.8339340147811058,3.381429631304089
NNYM_07-08-2025-13-55-56__Y-Maze_cs-p_female_dosed_1-98_Day1.hdf5,0.5uM,30,inverse,1102,0.29427792915531337,0.8667245817245818,0.4180576729280127,41418.96934592475,6.674875023617788,0.8405543969412582,3.2371998956599177
NNYM_07-08-2025-13-55-56__Y-Maze_cs-p_female_dosed_1-98_Day1.hdf5,0.5uM,31,upright,1126,0.5964444444444444,0.8944904879379555,0.33406113993059044,38401.063065933864,6.282438871796377,0.8181589209564092,2.959293308843619
NNYM_07-08-2025-13-55-56__Y-Maze_cs-p_female_dosed_1-98_Day1.hdf5,0.5uM,32,inverse,834,0.6122448979591837,0.860682354925776,0.36443749874039216,32372.462221618705,5.256919943450773,0.8151647644793686,3.4235628111881367
NNYM_07-08-2025-13-55-56__Y-Maze_cs-p_female_dosed_1-98_Day1.hdf5,0.5uM,33,upright,1058,0.4938505203405866,0.850507439376578,0.41575940112344445,39178.35573158646,6.275429674224175,0.8420974914877354,3.1678553904850304
NNYM_07-08-2025-13-55-56__Y-Maze_cs-p_female_dosed_1-98_Day1.hdf5,0.5uM,34,inverse,785,0.6811224489795918,0.8996643850359464,0.6254025915895103,39223.052932931176,6.419832361347371,0.8215265955598791,3.947546089752035
NNYM_07-08-2025-13-55-56__Y-Maze_cs-p_female_dosed_1-98_Day1.hdf5,0.5uM,35,upright,1138,0.5743183817062445,0.9325751078713558,0.3214080831483113,41846.16558549242,6.681460412685235,0.8514739623166238,3.26879366067759
NNYM_07-08-2025-13-55-56__Y-Maze_cs-p_female_dosed_1-98_Day1.hdf5,0.5uM,36,inverse,1104,0.5983680870353582,0.9458657477049545,0.32452104550905375,41369.320137887116,6.698892421655472,0.8338574332424121,3.224057350125066
NNYM_07-08-2025-13-55-56__Y-Maze_cs-p_female_dosed_1-98_Day1.hdf5,0.5uM,37,upright,954,0.540398740818468,0.9727368071846374,0.37465347893183154,36710.24824916397,6.1650961708633005,0.7929063474551977,3.2469382470625674
NNYM_07-08-2025-13-55-56__Y-Maze_cs-p_female_dosed_1-98_Day1.hdf5,0.5uM,38,inverse,1342,0.4750186428038777,0.8753193643044055,0.3504947167493287,47166.73838424698,7.293692962905677,0.8829651379972374,2.9744875498233316
NNYM_07-08-2025-13-55-56__Y-Maze_cs-p_female_dosed_1-98_Day1.hdf5,0.5uM,39,upright,977,0.5030737704918032,0.9272145287121666,0.35534859876420105,35993.70114440106,5.83196978485823,0.8301464075444173,3.281575274300323
NNYM_07-08-2025-13-55-56__Y-Maze_cs-p_female_dosed_1-98_Day1.hdf5,0.5uM,40,inverse,492,0.4663951120162933,0.8733327335400975,1.4596569961388413,20120.395229688642,6.223874876371507,0.5060630382437797,3.4071559421637883
NNYM_07-08-2025-13-55-56__Y-Maze_cs-p_female_dosed_1-98_Day1.hdf5,0.5uM,41,upright,1003,0.5788423153692615,0.8400686582579049,0.35770679131703204,40025.14376325108,6.6584170121465975,0.8305158522177115,3.5465232583841915
NNYM_07-08-2025-13-55-56__Y-Maze_cs-p_female_dosed_1-98_Day1.hdf5,0.5uM,42,inverse,1205,0.6121262458471761,0.9347903908871172,0.39227584396921783,44614.39591019148,6.922536901003376,0.8819324731407477,3.287441480880348
NNYM_07-08-2025-13-55-56__Y-Maze_cs-p_female_dosed_1-98_Day1.hdf5,0.5uM,43,upright,724,0.42461964038727523,1.0714440441998652,0.31425139021439974,28281.441740178936,5.042316940831504,0.7165948650244937,3.4701919391775324
NNYM_07-08-2025-13-55-56__Y-Maze_cs-p_female_dosed_1-98_Day1.hdf5,0.5uM,44,inverse,1130,0.30823737821080605,0.9770490541647657,0.40842812176575327,42948.85869264946,6.800030752144025,0.8610302956394488,3.2757290208573466
NNYM_07-08-2025-13-55-56__Y-Maze_cs-p_female_dosed_1-98_Day1.hdf5,0.5uM,45,upright,805,0.4987562189054726,1.048574359027788,0.445600231440742,33087.9601800541,5.714020371510473,0.763838921042112,3.551915984847664
NNYM_07-08-2025-13-55-56__Y-Maze_cs-p_female_dosed_1-98_Day1.hdf5,0.5uM,46,inverse,1494,0.2913596784996651,0.9560072081047714,0.5173568292177523,47080.36110768841,7.617719806948482,0.837017534713171,2.581866121071231
NNYM_07-08-2025-13-55-56__Y-Maze_cs-p_female_dosed_1-98_Day1.hdf5,0.5uM,47,upright,976,0.6184615384615385,0.8506223395508383,0.333279341915785,37506.24654632478,6.069063457366475,0.8311884804006817,3.264953891920021
NNYM_07-08-2025-13-55-56__Y-Maze_cs-p_female_dosed_1-98_Day1.hdf5,0.5uM,48,inverse,324,0.5975232198142415,1.110572621791365,0.6546492074663282,21358.64139150695,3.9420121678348736,0.650207371468816,5.043358125364844
NNYM_07-08-2025-13-55-56__Y-Maze_cs-p_female_dosed_1-98_Day1.hdf5,0.5uM,49,upright,888,0.7914317925591883,0.9811978283197245,0.36925004887770463,33534.896380361344,5.904693517332847,0.7441195638006691,3.3211577603455207
NNYM_07-08-2025-13-55-56__Y-Maze_cs-p_female_dosed_1-98_Day1.hdf5,0.5uM,50,unknown,6,,,0.8916605806256258,64.32222323987327,6.525622084780127,0.29357798165137616,
NNYM_07-08-2025-13-55-56__Y-Maze_cs-p_female_dosed_1-98_Day1.hdf5,0.5uM,51,upright,779,0.31876606683804626,0.9601202715627548,0.7800706250678956,31723.99681702403,5.575759946120665,0.744807869445072,3.3577895244966234
NNYM_07-08-2025-13-55-56__Y-Maze_cs-p_female_dosed_1-98_Day1.hdf5,0.5uM,52,inverse,672,0.30998509687034276,0.9350411197873402,0.3700301153943597,27057.709223336213,4.969082773992746,0.6908108014149262,3.5953281703236826
NNYM_07-08-2025-13-55-56__Y-Maze_cs-p_female_dosed_1-98_Day1.hdf5,0.5uM,53,upright,1097,0.31843065693430656,0.9194167291645243,0.3542097531657406,41686.04409522543,6.594850834460564,0.8540557442262426,3.3059642216106053
NNYM_07-08-2025-13-55-56__Y-Maze_cs-p_female_dosed_1-98_Day1.hdf5,0.5uM,54,inverse,614,0.5383360522022839,1.0157752698466687,0.5075759874486387,24785.766651553124,5.001536926807655,0.6074874801514596,3.597183081438235
NNYM_07-08-2025-13-55-56__Y-Maze_cs-p_female_dosed_1-98_Day1.hdf5,0.5uM,55,upright,1037,0.6853281853281853,0.8176474394215086,0.43412014440835994,39096.53898820732,6.4247704130938,0.8281169246401948,3.3896015866813043
NNYM_07-08-2025-13-55-56__Y-Maze_cs-p_female_dosed_1-98_Day1.hdf5,0.5uM,56,inverse,854,0.4947245017584994,0.9484623936904248,0.38976255661367265,32448.18342065899,5.630950451612549,0.7582880257492062,3.4069173755702584
NNYM_07-08-2025-13-55-56__Y-Maze_cs-p_female_dosed_1-98_Day1.hdf5,0.5uM,57,upright,943,0.4182590233545648,1.0831462056273646,0.3219478134639707,38499.068912935385,6.127547421438561,0.8465746763114704,3.5272247965415424
NNYM_07-08-2025-13-55-56__Y-Maze_cs-p_female_dosed_1-98_Day1.hdf5,0.5uM,58,inverse,1167,0.6046312178387651,0.9066559491029289,0.4468888055326393,39124.342061117175,6.557636720876154,0.802063920578246,2.982811705114138
NNYM_07-08-2025-13-55-56__Y-Maze_cs-p_female_dosed_1-98_Day1.hdf5,0.5uM,59,upright,1055,0.5664136622390892,0.957056379793699,0.4034157997354249,38095.07992278375,6.255366837894341,0.8173662064888549,3.1056625399916107
NNYM_07-08-2025-13-55-56__Y-Maze_cs-p_female_dosed_1-98_Day1.hdf5,0.5uM,60,inverse,1118,0.4986571172784244,1.044810403952029,0.32802808700333563,39785.749434954894,6.512953581931714,0.8203980920772552,3.0487964358393715
NNYM_07-08-2025-13-55-56__Y-Maze_cs-p_female_dosed_1-98_Day1.hdf5,0.5uM,61,upright,1216,0.3925925925925926,0.9792919657228027,0.31891252656791225,43983.22651971417,7.2702777993222085,0.8152083188425958,3.0784570345774886
NNYM_07-08-2025-13-55-56__Y-Maze_cs-p_female_dosed_1-98_Day1.hdf5,0.5uM,62,inverse,634,0.5308056872037915,1.099108883820118,0.7739141271264927,27074.89077233868,5.300984142660739,0.6612488184014285,3.7028541405355773
NNYM_07-08-2025-13-55-56__Y-Maze_cs-p_female_dosed_1-98_Day1.hdf5,0.5uM,63,upright,823,0.45498783454987834,0.9651913396573334,0.9865232268830146,31147.540609080377,6.2015220110253715,0.6556038744564123,3.2123449771039594
NNYM_07-08-2025-13-55-56__Y-Maze_cs-p_female_dosed_1-98_Day1.hdf5,0.5uM,64,inverse,1022,0.44662095984329087,1.1007812143255067,0.429181197353563,35575.69275849136,6.1528112339175856,0.7692796407341973,3.0086725047621363
NNYM_07-08-2025-13-55-56__Y-Maze_cs-p_female_dosed_1-98_Day1.hdf5,0.5uM,65,upright,1143,0.4711033274956217,0.9391578879504007,0.3970098271568869,41148.81542714784,6.941950710741654,0.797590089307433,3.0214899899686074
NNYM_07-08-2025-13-55-56__Y-Maze_cs-p_female_dosed_1-98_Day1.hdf5,0.5uM,66,inverse,982,0.41590214067278286,1.052215958372878,0.36125495828803933,41165.09478642745,6.801935274131457,0.8123327425016509,3.5122156619858167
NNYM_07-08-2025-13-55-56__Y-Maze_cs-p_female_dosed_1-98_Day1.hdf5,0.5uM,67,upright,613,0.5686274509803921,0.9841708181766876,1.0344392704280219,24211.70296820609,5.783793146078625,0.5414123333034995,3.2472724971973075
NNYM_07-08-2025-13-55-56__Y-Maze_cs-p_female_dosed_1-98_Day1.hdf5,0.5uM,68,inverse,130,0.4263565891472868,1.0062029714373464,3.7611757911805985,9989.022944239137,3.74804328474067,0.3519868021268515,5.104387059596358
NNYM_07-08-2025-13-55-56__Y-Maze_cs-p_female_dosed_1-98_Day1.hdf5,0.5uM,69,upright,1039,0.5183044315992292,0.9076774223614731,0.38094259837924654,39779.99633346785,6.367590431014418,0.8521435431764603,3.4521523128330514
NNYM_07-08-2025-13-55-56__Y-Maze_cs-p_female_dosed_1-98_Day1.hdf5,0.5uM,70,inverse,573,0.6818181818181818,1.0333083145692603,0.4529251942626274,24465.74525776331,4.717270473075682,0.6416326245591983,3.777884412572474
NNYM_07-08-2025-13-55-56__Y-Maze_cs-p_female_dosed_1-98_Day1.hdf5,0.5uM,71,upright,778,0.46846846846846846,0.9418901799755373,0.3709354818042524,30663.854445346125,5.5535460148071465,0.7158495622965941,3.509905505265305
NNYM_07-08-2025-13-55-56__Y-Maze_cs-p_female_dosed_1-98_Day1.hdf5,0.5uM,72,inverse,927,0.5604751619870411,0.9764465805084458,0.43101508605345756,39601.481226891214,6.43801001677058,0.8266600672102534,3.7060264448935873
NNYM_07-08-2025-13-55-56__Y-Maze_cs-p_female_dosed_1-98_Day1.hdf5,0.5uM,73,upright,635,0.3659305993690852,1.0315099002454633,0.47861779592629244,24538.567908971825,4.722800511548469,0.645505774314735,3.3245883550976965
NNYM_07-08-2025-13-55-56__Y-Maze_cs-p_female_dosed_1-98_Day1.hdf5,0.5uM,74,inverse,1027,0.40253411306042886,1.0567397830948555,0.45902558335895033,43915.57720049772,6.9176330775812485,0.8642396761696287,3.5842983145514706
NNYM_07-08-2025-13-55-56__Y-Maze_cs-p_female_dosed_1-98_Day1.hdf5,0.5uM,75,upright,920,0.6420021762785637,1.0758860814831201,0.37414393455517686,36827.99807636911,5.968785939442701,0.8285811122022438,3.4032342850601482
NNYM_07-08-2025-13-55-56__Y-Maze_cs-p_female_dosed_1-98_Day1.hdf5,0.5uM,76,inverse,654,0.4793261868300153,1.0078580298227997,0.5923127472989431,26522.894566835363,5.108078641384486,0.6620201176429641,3.48437011071191
NNYM_07-08-2025-13-55-56__Y-Maze_cs-p_female_dosed_1-98_Day1.hdf5,0.5uM,77,upright,907,0.7384105960264901,1.0125270135545243,0.39683284315480166,38549.27031653933,6.330822721803003,0.8161625462568842,3.5885640929115423
NNYM_07-08-2025-13-55-56__Y-Maze_cs-p_female_dosed_1-98_Day1.hdf5,0.5uM,78,inverse,1067,0.45121951219512196,1.004869658390785,0.33027968090718046,39658.48314672135,6.518352333211633,0.8160657987302304,3.290245651768025
NNYM_07-08-2025-13-55-56__Y-Maze_cs-p_female_dosed_1-98_Day1.hdf5,0.5uM,79,upright,673,0.5,1.0044709388971684,0.5638341919305431,33406.4871429527,5.567147906419318,0.795840389040858,3.943352115264024
NNYM_07-08-2025-13-55-56__Y-Maze_cs-p_female_dosed_1-98_Day1.hdf5,0.5uM,80,inverse,1000,0.6336336336336337,0.9841255037462074,0.38361534704504446,36337.3569999396,6.2356950726376095,0.7755091392893789,3.211502303545467
NNYM_07-08-2025-13-55-56__Y-Maze_cs-p_female_dosed_1-98_Day1.hdf5,0.5uM,81,upright,1235,0.38168557536466774,0.9089656555095601,0.3570970858087824,42127.71943620981,6.987721483643572,0.8107126408814814,2.9697475657231465
NNYM_07-08-2025-13-55-56__Y-Maze_cs-p_female_dosed_1-98_Day1.hdf5,0.5uM,82,inverse,1364,0.4284666177549523,1.0268922474115671,0.5186508579611183,52865.26167220849,8.165520493065952,0.8874737189623116,3.1200039466969463
NNYM_07-08-2025-13-55-56__Y-Maze_cs-p_female_dosed_1-98_Day1.hdf5,0.5uM,83,unknown,0,,,,,,,
NNYM_07-08-2025-13-55-56__Y-Maze_cs-p_female_dosed_1-98_Day1.hdf5,0.5uM,84,unknown,0,,,,,,,
NNYM_07-08-2025-13-55-56__Y-Maze_cs-p_female_dosed_1-98_Day1.hdf5,0.5uM,85,unknown,0,,,,,,,
NNYM_07-08-2025-13-55-56__Y-Maze_cs-p_female_dosed_1-98_Day1.hdf5,0.5uM,86,unknown,0,,,,,,,
NNYM_07-08-2025-13-55-56__Y-Maze_cs-p_female_dosed_1-98_Day1.hdf5,0.5uM,87,unknown,0,,,,,,,
NNYM_07-08-2025-13-55-56__Y-Maze_cs-p_female_dosed_1-98_Day1.hdf5,0.5uM,88,unknown,1,,,,37.56642844053509,4.465237989536043,0.22081218274111675,
NNYM_07-08-2025-13-55-56__Y-Maze_cs-p_female_dosed_1-98_Day1.hdf5,0.5uM,89,unknown,1,,,,307.25062610714065,17.991895920770457,0.6238532110091743,
NNYM_07-08-2025-13-55-56__Y-Maze_cs-p_female_dosed_1-98_Day1.hdf5,0.5uM,90,unknown,0,,,,,,,
NNYM_07-08-2025-13-55-56__Y-Maze_cs-p_female_dosed_1-98_Day1.hdf5,0.5uM,91,unknown,1,,,,0.0,,0.0,
NNYM_07-08-2025-13-55-56__Y-Maze_cs-p_female_dosed_1-98_Day1.hdf5,0.5uM,92,unknown,0,,,,,,,
NNYM_07-08-2025-13-55-56__Y-Maze_cs-p_female_dosed_1-98_Day1.hdf5,0.5uM,93,unknown,0,,,,,,,
NNYM_07-08-2025-13-55-56__Y-Maze_cs-p_female_dosed_1-98_Day1.hdf5,0.5uM,94,unknown,0,,,,,,,
NNYM_07-08-2025-13-55-56__Y-Maze_cs-p_female_dosed_1-98_Day1.hdf5,0.5uM,95,unknown,0,,,,,,,
NNYM_07-08-2025-13-55-56__Y-Maze_cs-p_female_dosed_1-98_Day1.hdf5,0.5uM,96,unknown,0,,,,,,,
NNYM_07-08-2025-13-55-56__Y-Maze_cs-p_female_dosed_1-98_Day1.hdf5,0.5uM,97,unknown,0,,,,,,,
NNYM_07-09-2025-09-06-49__Y-Maze_cs-p_female_dosed_1-93_Day1.hdf5,0.5uM,0,upright,989,0.8046558704453441,0.8250537992369207,0.41004314404252107,35250.71621266222,5.999782549909857,0.7848326050244607,3.213553835560629
NNYM_07-09-2025-09-06-49__Y-Maze_cs-p_female_dosed_1-93_Day1.hdf5,0.5uM,1,inverse,881,0.5795454545454546,0.901076945244783,0.4256294097254052,31329.074090701284,5.520961886843404,0.7451261966927764,3.2613302100854296
NNYM_07-09-2025-09-06-49__Y-Maze_cs-p_female_dosed_1-93_Day1.hdf5,0.5uM,2,upright,1041,0.5884615384615385,0.8485038539415898,0.3902904689593709,36517.487450872024,6.045215249282292,0.8080321843474937,3.095486530862846
NNYM_07-09-2025-09-06-49__Y-Maze_cs-p_female_dosed_1-93_Day1.hdf5,0.5uM,3,inverse,644,0.16485225505443235,0.7071096825836218,1.7789895574216814,23011.897420911217,5.171191189589594,0.5967992123424453,3.1853925820270907
NNYM_07-09-2025-09-06-49__Y-Maze_cs-p_female_dosed_1-93_Day1.hdf5,0.5uM,4,upright,680,0.4845360824742268,1.092490428670056,0.5295955649888742,25702.72945858533,4.943432056358754,0.6543883464731374,3.343005100708958
NNYM_07-09-2025-09-06-49__Y-Maze_cs-p_female_dosed_1-93_Day1.hdf5,0.5uM,5,inverse,775,0.4909560723514212,0.8126850327597286,1.8626207537265287,26967.95038069567,5.31371447805796,0.6681197015484182,3.1091928419258363
NNYM_07-09-2025-09-06-49__Y-Maze_cs-p_female_dosed_1-93_Day1.hdf5,0.5uM,6,upright,786,0.6917197452229299,0.9989057806356184,0.38304481360203524,30346.541624865582,5.225984152085934,0.7598021746877471,3.3516162070196147
NNYM_07-09-2025-09-06-49__Y-Maze_cs-p_female_dosed_1-93_Day1.hdf5,0.5uM,7,inverse,515,0.5486381322957199,0.8383423147826361,1.4992913234087761,19245.56884789859,4.932798673915429,0.48901838567503275,3.2103793206799422
NNYM_07-09-2025-09-06-49__Y-Maze_cs-p_female_dosed_1-93_Day1.hdf5,0.5uM,8,upright,752,0.7989347536617842,0.9794277851361293,0.5465964918087823,29565.504565898184,5.108013313071876,0.7575902400027806,3.480946525591527
NNYM_07-09-2025-09-06-49__Y-Maze_cs-p_female_dosed_1-93_Day1.hdf5,0.5uM,9,inverse,163,0.4506172839506173,0.953399418938698,4.744984244293114,7951.601628677519,4.064563914492667,0.3133296577462997,3.8543852305090955
NNYM_07-09-2025-09-06-49__Y-Maze_cs-p_female_dosed_1-93_Day1.hdf5,0.5uM,10,upright,176,0.5942857142857143,1.0487883089874348,8.360879219634745,7385.024069945594,4.886922859339272,0.49341727307545,3.328531325477298
NNYM_07-09-2025-09-06-49__Y-Maze_cs-p_female_dosed_1-93_Day1.hdf5,0.5uM,11,inverse,865,0.4930555555555556,0.8970444198868348,0.4977213439172583,33013.3070292388,5.855782765711316,0.743480908062973,3.3127567921167405
NNYM_07-09-2025-09-06-49__Y-Maze_cs-p_female_dosed_1-93_Day1.hdf5,0.5uM,12,upright,750,0.46194926568758343,0.8579097034903981,0.5155388350847565,28506.34393016642,4.978416059470308,0.7493482374072492,3.453838686080407
NNYM_07-09-2025-09-06-49__Y-Maze_cs-p_female_dosed_1-93_Day1.hdf5,0.5uM,13,inverse,187,0.510752688172043,0.811185969080706,4.207964350998328,7305.912132868252,4.698126829842506,0.5072931962799804,3.4215985529247726
NNYM_07-09-2025-09-06-49__Y-Maze_cs-p_female_dosed_1-93_Day1.hdf5,0.5uM,14,upright,257,0.328125,1.0939743339196144,2.127064044758465,12321.264087999838,4.160798414037778,0.3502116174937128,3.747598432170016
NNYM_07-09-2025-09-06-49__Y-Maze_cs-p_female_dosed_1-93_Day1.hdf5,0.5uM,15,inverse,161,0.64375,0.8090079261780267,2.883096273045646,9532.411522062297,4.181366568293777,0.2214134591121722,3.700227609390495
NNYM_07-09-2025-09-06-49__Y-Maze_cs-p_female_dosed_1-93_Day1.hdf5,0.5uM,16,upright,676,0.49925925925925924,0.9732959047235628,0.5376100646332767,26316.01473977454,4.961180048289239,0.6779612259841696,3.456556678147255
NNYM_07-09-2025-09-06-49__Y-Maze_cs-p_female_dosed_1-93_Day1.hdf5,0.5uM,17,unknown,5,,,1.2388970161713093,1468.1434022554704,4.346775529888226,0.04653837048060337,2.9589247551315037
NNYM_07-09-2025-09-06-49__Y-Maze_cs-p_female_dosed_1-93_Day1.hdf5,0.5uM,18,upright,785,0.49362244897959184,0.8353849531190682,0.7429459406125137,29255.149797467944,5.337022818911714,0.7131438025164352,3.1847347742524206
NNYM_07-09-2025-09-06-49__Y-Maze_cs-p_female_dosed_1-93_Day1.hdf5,0.5uM,19,inverse,758,0.42668428005284015,0.8083862247030486,0.546115976991293,29119.397276446412,5.131483518521961,0.7349037073119814,3.3640741930892233
NNYM_07-09-2025-09-06-49__Y-Maze_cs-p_female_dosed_1-93_Day1.hdf5,0.5uM,20,upright,588,0.393526405451448,0.933097702906826,0.8377897878381383,22432.340003703146,5.07214621553536,0.5348908243589967,3.1887992806532743
NNYM_07-09-2025-09-06-49__Y-Maze_cs-p_female_dosed_1-93_Day1.hdf5,0.5uM,21,inverse,228,0.5330396475770925,0.9243903078508947,3.437872739787575,10111.164528656,4.306190883249465,0.36935617645534186,3.2815257252383807
NNYM_07-09-2025-09-06-49__Y-Maze_cs-p_female_dosed_1-93_Day1.hdf5,0.5uM,22,upright,617,0.525974025974026,0.8543380370384119,0.5721782763941897,25623.895067491198,4.969405383817161,0.6502878110707268,3.460788597591761
NNYM_07-09-2025-09-06-49__Y-Maze_cs-p_female_dosed_1-93_Day1.hdf5,0.5uM,23,inverse,686,0.40875912408759124,0.8832117588209206,2.225167141029304,26599.099023428767,5.334471449651882,0.6922602355580483,3.371618274543064
NNYM_07-09-2025-09-06-49__Y-Maze_cs-p_female_dosed_1-93_Day1.hdf5,0.5uM,24,upright,686,0.8510948905109489,1.0151704949882414,0.43455116456555853,25470.538028521714,4.892459918251474,0.6541828370546979,3.3105400814622774
NNYM_07-09-2025-09-06-49__Y-Maze_cs-p_female_dosed_1-93_Day1.hdf5,0.5uM,25,inverse,330,0.3343465045592705,0.863021671779607,5.582397093025264,12962.858040959534,4.536429387686724,0.5477202797202797,3.219347693134777
NNYM_07-09-2025-09-06-49__Y-Maze_cs-p_female_dosed_1-93_Day1.hdf5,0.5uM,26,upright,151,0.35333333333333333,0.7636985988415278,1.2818111991585657,6093.630803212248,5.311922265393514,0.5110805098315506,3.2148119828242914
NNYM_07-09-2025-09-06-49__Y-Maze_cs-p_female_dosed_1-93_Day1.hdf5,0.5uM,27,inverse,718,0.47419804741980476,0.826222546462682,0.5955791097651275,28872.891559074604,5.221905023360095,0.733036697651879,3.5813580928104147
NNYM_07-09-2025-09-06-49__Y-Maze_cs-p_female_dosed_1-93_Day1.hdf5,0.5uM,28,upright,682,0.5066079295154186,0.7501310170807454,2.5337927676664287,27674.67285797444,5.575230039356102,0.7066905955636584,3.370971731233353
NNYM_07-09-2025-09-06-49__Y-Maze_cs-p_female_dosed_1-93_Day1.hdf5,0.5uM,29,inverse,740,0.2070365358592693,0.9326569086588054,0.3994646953702057,27901.785484844502,5.129831323803992,0.6962250867021877,3.3808669242758294
NNYM_07-09-2025-09-06-49__Y-Maze_cs-p_female_dosed_1-93_Day1.hdf5,0.5uM,30,upright,278,0.5451263537906137,1.015518333417124,2.609444632733642,12959.913749918916,4.419955980826639,0.4110691990382282,3.677996339124237
NNYM_07-09-2025-09-06-49__Y-Maze_cs-p_female_dosed_1-93_Day1.hdf5,0.5uM,31,inverse,545,0.5422794117647058,0.9385710021783297,0.7221738985725923,21562.304159487503,4.819197917811003,0.5364725190306585,3.395360406999709
NNYM_07-09-2025-09-06-49__Y-Maze_cs-p_female_dosed_1-93_Day1.hdf5,0.5uM,32,upright,414,0.6513317191283293,0.9725893451514459,1.4753461614790533,17066.87016834504,4.597084024060323,0.508780185014617,3.4039522544899006
NNYM_07-09-2025-09-06-49__Y-Maze_cs-p_female_dosed_1-93_Day1.hdf5,0.5uM,33,inverse,800,0.7459324155193993,0.9786109817805001,0.4321576853074896,30954.668197523424,5.505839388113537,0.7404196364777025,3.397280198548155
NNYM_07-09-2025-09-06-49__Y-Maze_cs-p_female_dosed_1-93_Day1.hdf5,0.5uM,34,upright,290,0.4429065743944637,1.0272832624331436,2.060459166835468,13678.290943337704,4.296843450210308,0.36335531149511935,3.6976627149232697
NNYM_07-09-2025-09-06-49__Y-Maze_cs-p_female_dosed_1-93_Day1.hdf5,0.5uM,35,inverse,30,0.4482758620689655,1.1552197802197803,1.341894645566384,2229.2370705787907,4.022176902146717,0.1713523131672598,3.549763435331129
NNYM_07-09-2025-09-06-49__Y-Maze_cs-p_female_dosed_1-93_Day1.hdf5,0.5uM,36,upright,348,0.3688760806916426,0.9186720131575475,0.8336351261967667,14718.55620174059,4.887767770661569,0.5572065378900446,3.527329809027818
NNYM_07-09-2025-09-06-49__Y-Maze_cs-p_female_dosed_1-93_Day1.hdf5,0.5uM,37,inverse,36,0.3142857142857143,1.0918003565062389,1.1950993145485997,2285.0898065797624,4.528254017384544,0.19637975312732997,3.683021564155409
NNYM_07-09-2025-09-06-49__Y-Maze_cs-p_female_dosed_1-93_Day1.hdf5,0.5uM,38,upright,501,0.542,0.944540428768396,0.6400086468957933,20840.62851645294,4.491466770046277,0.5530881634930599,3.675661640890198
NNYM_07-09-2025-09-06-49__Y-Maze_cs-p_female_dosed_1-93_Day1.hdf5,0.5uM,39,inverse,486,0.17525773195876287,0.771885634419057,0.44831371401603276,20396.252419027816,4.263883540184121,0.5523402923300321,3.7284132379271915
NNYM_07-09-2025-09-06-49__Y-Maze_cs-p_female_dosed_1-93_Day1.hdf5,0.5uM,40,unknown,1,,,,320.90128469629514,3.11400935236992,0.08402100525131283,
NNYM_07-09-2025-09-06-49__Y-Maze_cs-p_female_dosed_1-93_Day1.hdf5,0.5uM,41,inverse,766,0.2758169934640523,1.0386436212357604,0.4309883631824703,30523.88660614674,5.227907308872579,0.7671121876415851,3.5587618450563765
NNYM_07-09-2025-09-06-49__Y-Maze_cs-p_female_dosed_1-93_Day1.hdf5,0.5uM,42,upright,425,0.6132075471698113,1.031607520657858,5.829395361936626,17838.22612127939,5.037304165207467,0.6066999727064519,3.612513540102059
NNYM_07-09-2025-09-06-49__Y-Maze_cs-p_female_dosed_1-93_Day1.hdf5,0.5uM,43,inverse,873,0.6146788990825688,1.0737037707966646,0.37129527547109276,31704.194459231414,5.709378537846095,0.7177014370362648,3.193036534347502
NNYM_07-09-2025-09-06-49__Y-Maze_cs-p_female_dosed_1-93_Day1.hdf5,0.5uM,44,upright,575,0.3397212543554007,0.976425397776708,0.6046491163083849,22312.741755960837,4.444964575751636,0.6221584194816222,3.405713465915375
NNYM_07-09-2025-09-06-49__Y-Maze_cs-p_female_dosed_1-93_Day1.hdf5,0.5uM,45,inverse,287,0.40559440559440557,0.9023436888366962,7.953286308409674,11295.08922411645,5.526963129190955,0.4388234739274654,3.0363718109332067
NNYM_07-09-2025-09-06-49__Y-Maze_cs-p_female_dosed_1-93_Day1.hdf5,0.5uM,46,upright,215,0.6401869158878505,0.9885039055389625,3.5559520619276626,9170.008495058326,5.266479219173018,0.44276647805474845,3.0740203155789283
NNYM_07-09-2025-09-06-49__Y-Maze_cs-p_female_dosed_1-93_Day1.hdf5,0.5uM,47,inverse,38,0.4594594594594595,1.1743872549019607,2.159601334740936,4164.865252376481,5.924113829768061,0.1532607423018382,3.009366536074699
NNYM_07-09-2025-09-06-49__Y-Maze_cs-p_female_dosed_1-93_Day1.hdf5,0.5uM,48,upright,152,0.48344370860927155,1.0010976466455919,4.0957344949331,7361.738196630761,5.654691102181795,0.3227806331620103,2.940303272126236
NNYM_07-09-2025-09-06-49__Y-Maze_cs-p_female_dosed_1-93_Day1.hdf5,0.5uM,49,inverse,402,0.4488778054862843,1.020669997486174,2.771902008267079,16355.318759490887,4.751188836286747,0.46051522812086193,3.467024471734575
NNYM_07-09-2025-09-06-49__Y-Maze_cs-p_female_dosed_1-93_Day1.hdf5,0.5uM,50,upright,283,0.7198581560283688,1.0146975510590834,2.8875371607250453,13472.371350609657,4.346553975725987,0.3898644750559205,3.548042502551028
NNYM_07-09-2025-09-06-49__Y-Maze_cs-p_female_dosed_1-93_Day1.hdf5,0.5uM,51,inverse,306,0.6032786885245902,1.0445674631692419,4.226009697023137,13422.73854494881,4.443253962143631,0.5099879087107663,3.6217064113995163
NNYM_07-09-2025-09-06-49__Y-Maze_cs-p_female_dosed_1-93_Day1.hdf5,0.5uM,52,upright,328,0.30275229357798167,0.893681935597499,6.454522375835211,13736.230754740038,4.81926404914019,0.4479569995911594,3.5096280901603296
NNYM_07-09-2025-09-06-49__Y-Maze_cs-p_female_dosed_1-93_Day1.hdf5,0.5uM,53,inverse,337,0.4851190476190476,0.9919233930704647,4.053636914330936,14748.635485262228,4.769272673806925,0.5305974983804256,3.597887125182301
NNYM_07-09-2025-09-06-49__Y-Maze_cs-p_female_dosed_1-93_Day1.hdf5,0.5uM,54,upright,274,0.6813186813186813,0.973625719753975,10.272258305915514,10668.64135365034,5.521740688106493,0.5196145905024088,3.173622684505656
NNYM_07-09-2025-09-06-49__Y-Maze_cs-p_female_dosed_1-93_Day1.hdf5,0.5uM,55,inverse,404,0.4441687344913151,0.9118671469567565,1.1836131433195198,18378.20554175749,4.428068637657135,0.5797604003437294,3.891648903112254
NNYM_07-09-2025-09-06-49__Y-Maze_cs-p_female_dosed_1-93_Day1.hdf5,0.5uM,56,upright,240,0.3472803347280335,0.8804602702990373,4.407404221500398,11573.894228510644,4.6169098895015654,0.3820140801958984,3.757846845419149
NNYM_07-09-2025-09-06-49__Y-Maze_cs-p_female_dosed_1-93_Day1.hdf5,0.5uM,57,inverse,203,0.3465346534653465,1.0545712993474188,6.510755812120453,8363.571000247877,4.959972271954141,0.44602584181675803,3.2615834850089938
NNYM_07-09-2025-09-06-49__Y-Maze_cs-p_female_dosed_1-93_Day1.hdf5,0.5uM,58,upright,353,0.6051136363636364,1.0074894700827757,1.5238878605730735,15303.466556985875,4.276575430811583,0.4123276968580836,3.652113941716965
NNYM_07-09-2025-09-06-49__Y-Maze_cs-p_female_dosed_1-93_Day1.hdf5,0.5uM,59,inverse,343,0.5175438596491229,0.8808498524687202,3.408062712339054,14823.597666651598,4.595230237814737,0.45473174956955287,3.4923626310488465
NNYM_07-09-2025-09-06-49__Y-Maze_cs-p_female_dosed_1-93_Day1.hdf5,0.5uM,60,upright,715,0.34593837535014005,1.02896629202745,0.3520580451936234,27226.09604419071,4.9550454993535284,0.7013945643290616,3.350600298304375
NNYM_07-09-2025-09-06-49__Y-Maze_cs-p_female_dosed_1-93_Day1.hdf5,0.5uM,61,inverse,640,0.5336463223787168,0.9478658888525353,0.6992003603850643,25067.127221772775,4.777599276730948,0.6657536644060381,3.3071713924571187
NNYM_07-09-2025-09-06-49__Y-Maze_cs-p_female_dosed_1-93_Day1.hdf5,0.5uM,62,upright,529,0.4185606060606061,0.9239424714089791,2.848610337761359,19516.326627549148,4.79810113130582,0.5779551272398735,3.1840850196126493
NNYM_07-09-2025-09-06-49__Y-Maze_cs-p_female_dosed_1-93_Day1.hdf5,0.5uM,63,inverse,12,0.36363636363636365,0.8642857142857142,1.8085629546243518,2074.2012350431514,4.322567020215932,0.08965866954013882,2.9932854737195713
NNYM_07-09-2025-09-06-49__Y-Maze_cs-p_female_dosed_1-93_Day1.hdf5,0.5uM,64,upright,394,0.5648854961832062,0.8251199306180509,3.2314747521521276,15165.995024703145,4.852447354453849,0.5953922340723734,3.2161970942946816
NNYM_07-09-2025-09-06-49__Y-Maze_cs-p_female_dosed_1-93_Day1.hdf5,0.5uM,65,inverse,497,0.6653225806451613,1.0297504434634774,2.7583240450381656,20859.68575415177,4.989378042933626,0.5416658955900586,3.4174310103961822
NNYM_07-09-2025-09-06-49__Y-Maze_cs-p_female_dosed_1-93_Day1.hdf5,0.5uM,66,upright,582,0.44922547332185886,0.8605988138294358,0.5079888769892844,23831.861755031914,4.762311286997151,0.6412928924852187,3.63688886345324
NNYM_07-09-2025-09-06-49__Y-Maze_cs-p_female_dosed_1-93_Day1.hdf5,0.5uM,67,inverse,420,0.5536992840095465,0.9003370479448247,2.2025155151373346,19549.981304758992,4.991513401862156,0.5239363236114049,3.8256076227660873
NNYM_07-09-2025-09-06-49__Y-Maze_cs-p_female_dosed_1-93_Day1.hdf5,0.5uM,68,upright,15,0.5714285714285714,0.9423076923076923,2.3965887066291396,2120.413131046748,3.9545905321546444,0.09178468459905585,3.6185315867313994
NNYM_07-09-2025-09-06-49__Y-Maze_cs-p_female_dosed_1-93_Day1.hdf5,0.5uM,69,inverse,585,0.488013698630137,0.8581260858796372,5.091321097091513,22500.551400506225,5.63457887178729,0.6849028881032186,3.308563305130678
NNYM_07-09-2025-09-06-49__Y-Maze_cs-p_female_dosed_1-93_Day1.hdf5,0.5uM,70,upright,788,0.5133418043202033,0.8963124881638902,0.40408617820597353,29797.91642484026,5.246273328729216,0.7406866706639902,3.4089550370099477
NNYM_07-09-2025-09-06-49__Y-Maze_cs-p_female_dosed_1-93_Day1.hdf5,0.5uM,71,inverse,4,0.3333333333333333,1.125,1.2717433230894086,1593.8260058169712,4.633528052967082,0.07256309834638816,7.054827175296895
NNYM_07-09-2025-09-06-49__Y-Maze_cs-p_female_dosed_1-93_Day1.hdf5,0.5uM,72,upright,332,0.3957703927492447,0.887030996992829,3.8500637670011235,14173.452840127291,4.711687117352164,0.5025974976220092,3.4800010635847873
NNYM_07-09-2025-09-06-49__Y-Maze_cs-p_female_dosed_1-93_Day1.hdf5,0.5uM,73,inverse,811,0.691358024691358,0.9384442874801342,0.37321913697999437,30084.26138512358,5.059234683806181,0.7836341192016134,3.358482991797216
NNYM_07-09-2025-09-06-49__Y-Maze_cs-p_female_dosed_1-93_Day1.hdf5,0.5uM,74,upright,446,0.26292134831460673,0.9355634069810898,0.6720665467182546,20530.36463837664,4.513606628372749,0.5520311483766633,4.040512590775933
NNYM_07-09-2025-09-06-49__Y-Maze_cs-p_female_dosed_1-93_Day1.hdf5,0.5uM,75,inverse,347,0.7687861271676301,1.0843840579710144,1.8590933864668229,16569.18385022645,4.133194645701528,0.4945064377682403,4.05492014240655
NNYM_07-09-2025-09-06-49__Y-Maze_cs-p_female_dosed_1-93_Day1.hdf5,0.5uM,76,upright,576,0.6747826086956522,0.869289800520295,2.9327110023996488,21159.885121321247,4.91462164925576,0.5742304831313616,3.1303633041491796
NNYM_07-09-2025-09-06-49__Y-Maze_cs-p_female_dosed_1-93_Day1.hdf5,0.5uM,77,inverse,792,0.42351453855878635,0.9721146723080137,0.5619666680078218,31950.776239577313,5.426542128810823,0.7824063198740201,3.491343638995497
NNYM_07-09-2025-09-06-49__Y-Maze_cs-p_female_dosed_1-93_Day1.hdf5,0.5uM,78,upright,581,0.6241379310344828,0.9239662014423242,0.5002930725404608,24953.181691852224,4.838965815326846,0.6449064739410126,3.7319665254758254
NNYM_07-09-2025-09-06-49__Y-Maze_cs-p_female_dosed_1-93_Day1.hdf5,0.5uM,79,inverse,699,0.4828080229226361,0.7498104279325479,0.38618497705775207,26741.92313528182,5.1329950136423586,0.6584019404139898,3.4091629975688127
NNYM_07-09-2025-09-06-49__Y-Maze_cs-p_female_dosed_1-93_Day1.hdf5,0.5uM,80,upright,471,0.5957446808510638,0.9119026243647498,1.7312641382002545,19594.526711161718,4.604513558811281,0.5316082211613352,3.5529462254887854
NNYM_07-09-2025-09-06-49__Y-Maze_cs-p_female_dosed_1-93_Day1.hdf5,0.5uM,81,inverse,412,0.41849148418491483,1.0523561374321537,0.6148333961031112,18534.28422860552,4.188400853291492,0.5015322919585318,4.017741260882902
NNYM_07-09-2025-09-06-49__Y-Maze_cs-p_female_dosed_1-93_Day1.hdf5,0.5uM,82,upright,331,0.4212121212121212,1.0597483279469135,0.6386388822062138,17670.439492380643,4.161552931188202,0.4797835309956334,4.569054530464971
NNYM_07-09-2025-09-06-49__Y-Maze_cs-p_female_dosed_1-93_Day1.hdf5,0.5uM,83,inverse,287,0.6398601398601399,1.0125594638088669,4.518544081471882,14457.20666308195,4.074970197883938,0.5210683495802108,4.435158293122035
NNYM_07-09-2025-09-06-49__Y-Maze_cs-p_female_dosed_1-93_Day1.hdf5,0.5uM,84,upright,717,0.5139664804469274,1.0945603247327387,0.4656669237132364,27116.568694931004,4.854744020718096,0.7141453233030395,3.425603529757868
NNYM_07-09-2025-09-06-49__Y-Maze_cs-p_female_dosed_1-93_Day1.hdf5,0.5uM,85,inverse,578,0.3968804159445407,0.9610152842784999,4.541170534250473,21863.734722236695,5.362510354268429,0.6530264465879423,3.3204316619676457
NNYM_07-09-2025-09-06-49__Y-Maze_cs-p_female_dosed_1-93_Day1.hdf5,0.5uM,86,upright,468,0.7002141327623126,1.0427308624753204,0.6064319308027643,20198.767464944565,4.385146358187092,0.5422672685758109,3.7120349866652433
NNYM_07-09-2025-09-06-49__Y-Maze_cs-p_female_dosed_1-93_Day1.hdf5,0.5uM,87,inverse,203,0.37623762376237624,0.9327713978146028,4.3923198753230315,8638.605918749978,4.8767838302506865,0.4179504715283277,3.3998579611222026
NNYM_07-09-2025-09-06-49__Y-Maze_cs-p_female_dosed_1-93_Day1.hdf5,0.5uM,88,upright,641,0.49375,1.0611986761429126,0.41410628696538854,24430.808809684127,4.672362808767327,0.653777870607279,3.374671728439146
NNYM_07-09-2025-09-06-49__Y-Maze_cs-p_female_dosed_1-93_Day1.hdf5,0.5uM,89,inverse,582,0.5111876075731497,1.0074009072430636,0.7672621039907346,22100.411738196497,4.872193534578664,0.5709227429628839,3.4231444469975725
NNYM_07-09-2025-09-06-49__Y-Maze_cs-p_female_dosed_1-93_Day1.hdf5,0.5uM,90,upright,719,0.3398328690807799,0.907641658247046,2.5802244830923655,27111.088424355097,5.2661556300483365,0.7229284126194921,3.349683661835881
NNYM_07-09-2025-09-06-49__Y-Maze_cs-p_female_dosed_1-93_Day1.hdf5,0.5uM,91,inverse,535,0.5131086142322098,0.9424864606914977,0.9813590695815871,21787.005610814987,4.610961524545817,0.5921970007667481,3.5382549607567206
NNYM_07-09-2025-09-06-49__Y-Maze_cs-p_female_dosed_1-93_Day1.hdf5,0.5uM,92,upright,615,0.6368078175895765,0.9980472151660557,0.6884392425492213,24696.522297495292,4.8959290879377235,0.6565687183510449,3.537452717274399
NNYM_07-11-2025-09-58-48__Y-Maze_cs-p_female_dosed_1-95_Day1.hdf5,0.5uM,0,upright,958,0.6426332288401254,0.8084685288330532,0.5404265484370256,32467.502355324123,5.939537398460962,0.7211904429786979,3.0439665063090002
NNYM_07-11-2025-09-58-48__Y-Maze_cs-p_female_dosed_1-95_Day1.hdf5,0.5uM,1,inverse,630,0.4260731319554849,0.9246726145723909,0.5218640678093295,23340.59478543308,5.522638912043303,0.517469017874111,3.3201047620659225
NNYM_07-11-2025-09-58-48__Y-Maze_cs-p_female_dosed_1-95_Day1.hdf5,0.5uM,2,upright,549,0.458029197080292,1.0641711157818574,0.575312381974199,22533.241679442344,4.744413149218429,0.5728533955696519,3.5174706473674697
NNYM_07-11-2025-09-58-48__Y-Maze_cs-p_female_dosed_1-95_Day1.hdf5,0.5uM,3,inverse,728,0.3658872077028886,0.8905143004874191,0.5532758503326523,25939.635069299897,5.196530831657084,0.6362079267078271,3.2026879387277787
NNYM_07-11-2025-09-58-48__Y-Maze_cs-p_female_dosed_1-95_Day1.hdf5,0.5uM,4,upright,740,0.523680649526387,0.8691582746224454,0.4604955733886694,27011.706089840056,5.111873266330786,0.6858132040268591,3.2720482472870245
NNYM_07-11-2025-09-58-48__Y-Maze_cs-p_female_dosed_1-95_Day1.hdf5,0.5uM,5,inverse,559,0.43189964157706096,0.8890233665308137,0.8083981500912436,20618.415533260348,5.016490577111301,0.5029200246109156,3.232278108681286
NNYM_07-11-2025-09-58-48__Y-Maze_cs-p_female_dosed_1-95_Day1.hdf5,0.5uM,6,upright,916,0.5038251366120219,0.9059611191769668,0.4914687865469181,32132.02976230045,5.7271507639523564,0.7462034054302807,3.0659609668753496
NNYM_07-11-2025-09-58-48__Y-Maze_cs-p_female_dosed_1-95_Day1.hdf5,0.5uM,7,inverse,591,0.4016949152542373,1.1408753683741335,0.4927864838639406,23629.421638616623,4.790907304211345,0.6125254734330732,3.565488235396525
NNYM_07-11-2025-09-58-48__Y-Maze_cs-p_female_dosed_1-95_Day1.hdf5,0.5uM,8,upright,925,0.5735930735930735,0.9324429080580008,0.38788511844026907,34348.08050504684,5.742143374950436,0.7987889616835417,3.2109490836426797
NNYM_07-11-2025-09-58-48__Y-Maze_cs-p_female_dosed_1-95_Day1.hdf5,0.5uM,9,inverse,579,0.27335640138408307,0.9335923062378099,0.5607128765972956,23698.488989880705,4.790080943883587,0.6156410460534172,3.46490495980352
NNYM_07-11-2025-09-58-48__Y-Maze_cs-p_female_dosed_1-95_Day1.hdf5,0.5uM,10,upright,595,0.3468013468013468,0.9714708245852971,0.4774083172566605,25439.99160761968,4.829586427502562,0.6575267588276801,3.710207153696575
NNYM_07-11-2025-09-58-48__Y-Maze_cs-p_female_dosed_1-95_Day1.hdf5,0.5uM,11,inverse,707,0.49008498583569404,0.808828694024242,3.5786861356438933,26775.864889934237,5.791277573277299,0.684932736432282,3.1855892308863893
NNYM_07-11-2025-09-58-48__Y-Maze_cs-p_female_dosed_1-95_Day1.hdf5,0.5uM,12,upright,525,0.4599236641221374,0.9275652156287792,1.8122108892036262,21998.639794616964,4.865928603110986,0.6124468521356269,3.542879583792918
NNYM_07-11-2025-09-58-48__Y-Maze_cs-p_female_dosed_1-95_Day1.hdf5,0.5uM,13,inverse,811,0.4876543209876543,0.880635778708079,0.524649977147844,30613.048197728778,5.657567963581712,0.7251913032916313,3.449212388182495
NNYM_07-11-2025-09-58-48__Y-Maze_cs-p_female_dosed_1-95_Day1.hdf5,0.5uM,14,upright,819,0.5061124694376528,0.9695451424765701,0.4863206009268443,30640.211671757323,5.462699496864499,0.7424706457437575,3.3356523780963623
NNYM_07-11-2025-09-58-48__Y-Maze_cs-p_female_dosed_1-95_Day1.hdf5,0.5uM,15,inverse,123,0.7295081967213115,1.0051747862129514,3.1741863117066083,6834.84839711691,4.112355003858162,0.21464981601013453,3.9375635659879498
NNYM_07-11-2025-09-58-48__Y-Maze_cs-p_female_dosed_1-95_Day1.hdf5,0.5uM,16,upright,886,0.34350282485875705,1.0383766315047556,0.3528813046194802,30102.766671707366,5.46722955774653,0.7143354279350939,3.0463880813998365
NNYM_07-11-2025-09-58-48__Y-Maze_cs-p_female_dosed_1-95_Day1.hdf5,0.5uM,17,inverse,787,0.583969465648855,0.6973754234158263,0.593323177128021,30312.138144461427,5.661661068145155,0.7033785130556109,3.3349711424688406
NNYM_07-11-2025-09-58-48__Y-Maze_cs-p_female_dosed_1-95_Day1.hdf5,0.5uM,18,upright,661,0.3378787878787879,0.763077553983046,0.6950316040056388,24988.706665872534,5.244575863497274,0.6073785242951409,3.2719478987865838
NNYM_07-11-2025-09-58-48__Y-Maze_cs-p_female_dosed_1-95_Day1.hdf5,0.5uM,19,inverse,947,0.16279069767441862,0.7841983707063073,0.45296797318121507,33646.55279056293,5.8957276895631505,0.7630106713386956,3.13728725438338
NNYM_07-11-2025-09-58-48__Y-Maze_cs-p_female_dosed_1-95_Day1.hdf5,0.5uM,20,upright,888,0.30101465614430667,0.8287795963466987,0.45926369532859984,31084.049159319737,5.524431776130217,0.7499401675309134,3.0787417122834304
NNYM_07-11-2025-09-58-48__Y-Maze_cs-p_female_dosed_1-95_Day1.hdf5,0.5uM,21,inverse,533,0.7706766917293233,0.8151668146300802,0.6417892587098426,20977.009320650166,4.759552571441091,0.5428220270391798,3.4526048382818235
NNYM_07-11-2025-09-58-48__Y-Maze_cs-p_female_dosed_1-95_Day1.hdf5,0.5uM,22,upright,484,0.2836438923395445,0.9904265905407637,0.960297122656231,20559.77422996711,4.86018716366081,0.5248010663650685,3.6242325328383265
NNYM_07-11-2025-09-58-48__Y-Maze_cs-p_female_dosed_1-95_Day1.hdf5,0.5uM,23,inverse,994,0.4904330312185297,1.0326361204134213,0.29415581222790005,36706.917266090095,6.141494135895613,0.7999384670352028,3.206610503900179
NNYM_07-11-2025-09-58-48__Y-Maze_cs-p_female_dosed_1-95_Day1.hdf5,0.5uM,24,upright,702,0.34807417974322397,0.9222944478038732,0.5913818041827239,29880.986858026597,5.4999246744079135,0.7155682067002409,3.631711283617162
NNYM_07-11-2025-09-58-48__Y-Maze_cs-p_female_dosed_1-95_Day1.hdf5,0.5uM,25,inverse,775,0.2622739018087855,0.8324144924279596,0.4671240636196256,30263.659599136772,5.442923947473439,0.7326303654306755,3.3579171083904487
NNYM_07-11-2025-09-58-48__Y-Maze_cs-p_female_dosed_1-95_Day1.hdf5,0.5uM,26,upright,901,0.5333333333333333,0.8625655490227238,0.588157704615201,32970.71815218743,5.705752603763611,0.7697341635137684,3.1526070644268263
NNYM_07-11-2025-09-58-48__Y-Maze_cs-p_female_dosed_1-95_Day1.hdf5,0.5uM,27,inverse,544,0.5285451197053407,0.9588447154002789,0.4292575866626191,24985.08026611548,4.888752458956714,0.643561293927481,3.8315693391509416
NNYM_07-11-2025-09-58-48__Y-Maze_cs-p_female_dosed_1-95_Day1.hdf5,0.5uM,28,upright,722,0.46601941747572817,0.9488268097643098,0.48206847506293987,28010.973679278562,5.219953404065644,0.6934628270580727,3.3989894085465253
NNYM_07-11-2025-09-58-48__Y-Maze_cs-p_female_dosed_1-95_Day1.hdf5,0.5uM,29,inverse,540,0.5194805194805194,0.9568427860946449,1.2400235339196028,20891.106481522864,4.58686503976434,0.5551798742138365,3.3659123280267726
NNYM_07-11-2025-09-58-48__Y-Maze_cs-p_female_dosed_1-95_Day1.hdf5,0.5uM,30,upright,539,0.25650557620817843,0.8543960677947805,1.2817791298757906,21775.101482659287,4.728654980172287,0.5943221095168255,3.4850510272867656
NNYM_07-11-2025-09-58-48__Y-Maze_cs-p_female_dosed_1-95_Day1.hdf5,0.5uM,31,inverse,452,0.7649667405764967,0.8960940965575914,0.8851663856574806,20264.66088225955,4.581444615582874,0.5283853723484128,3.6468560589824954
NNYM_07-11-2025-09-58-48__Y-Maze_cs-p_female_dosed_1-95_Day1.hdf5,0.5uM,32,upright,719,0.6434540389972145,0.9331601231607769,0.8563508179231846,29182.200795204863,5.5962926919382046,0.670608695652174,3.346814778409223
NNYM_07-11-2025-09-58-48__Y-Maze_cs-p_female_dosed_1-95_Day1.hdf5,0.5uM,33,inverse,887,0.518058690744921,0.8711929380851575,0.4931451737104001,31306.661649064277,5.596350810995179,0.7433961134831012,3.087370279646154
NNYM_07-11-2025-09-58-48__Y-Maze_cs-p_female_dosed_1-95_Day1.hdf5,0.5uM,34,upright,751,0.36,0.9938019210799585,0.5078933496264125,29210.857615860707,5.314261892892316,0.7151258083421907,3.3146053059169844
NNYM_07-11-2025-09-58-48__Y-Maze_cs-p_female_dosed_1-95_Day1.hdf5,0.5uM,35,inverse,772,0.5849546044098574,1.0324019584905118,0.4735251302430744,29461.7274654594,5.385699199633766,0.7144704127299851,3.344403599870141
NNYM_07-11-2025-09-58-48__Y-Maze_cs-p_female_dosed_1-95_Day1.hdf5,0.5uM,36,upright,762,0.3587385019710907,0.9895081038820253,0.4720096269753874,31444.205204524435,5.535523365853602,0.753586162334112,3.5862917445099614
NNYM_07-11-2025-09-58-48__Y-Maze_cs-p_female_dosed_1-95_Day1.hdf5,0.5uM,37,inverse,668,0.5352323838080959,0.938594320804947,0.5722976715570101,25043.81055854748,5.1774369916035,0.6102744996152808,3.239126817680658
NNYM_07-11-2025-09-58-48__Y-Maze_cs-p_female_dosed_1-95_Day1.hdf5,0.5uM,38,upright,471,0.6957446808510638,0.9518552103791047,0.568628239677685,21084.305885604015,4.54466982016165,0.5532682703139175,3.8754161034156756
NNYM_07-11-2025-09-58-48__Y-Maze_cs-p_female_dosed_1-95_Day1.hdf5,0.5uM,39,inverse,809,0.5891089108910891,0.8907450112216697,0.43560076768917744,30959.818570897743,5.396286839382757,0.7607060415505851,3.309105986663215
NNYM_07-11-2025-09-58-48__Y-Maze_cs-p_female_dosed_1-95_Day1.hdf5,0.5uM,40,upright,708,0.4200848656294201,0.8808591162785179,0.6420488750564392,27913.04196216694,4.982385588378928,0.7287066246056783,3.3521887489287554
NNYM_07-11-2025-09-58-48__Y-Maze_cs-p_female_dosed_1-95_Day1.hdf5,0.5uM,41,inverse,503,0.5119521912350598,0.9586316131336151,0.5934519971938235,23411.039556277916,4.732226513913647,0.6207466800300676,3.7922379213507647
NNYM_07-11-2025-09-58-48__Y-Maze_cs-p_female_dosed_1-95_Day1.hdf5,0.5uM,42,upright,669,0.45808383233532934,1.0357649687776629,0.5640069013590522,26841.312637266597,5.172311813887901,0.6616308482880873,3.4363726766582565
NNYM_07-11-2025-09-58-48__Y-Maze_cs-p_female_dosed_1-95_Day1.hdf5,0.5uM,43,inverse,627,0.5766773162939297,0.9962289572989077,0.7576942333019264,22948.713009934443,4.909008726953812,0.5892858933603425,3.20983159653278
NNYM_07-11-2025-09-58-48__Y-Maze_cs-p_female_dosed_1-95_Day1.hdf5,0.5uM,44,upright,576,0.64,0.8544449283778552,1.4564554095793878,24351.742151950984,5.11218790783522,0.6311373780790214,3.51182723648107
NNYM_07-11-2025-09-58-48__Y-Maze_cs-p_female_dosed_1-95_Day1.hdf5,0.5uM,45,inverse,843,0.46318289786223277,0.8799195529110401,0.41866679630149745,29992.161041095227,5.500175353261306,0.7156662921683453,3.1007674363606674
NNYM_07-11-2025-09-58-48__Y-Maze_cs-p_female_dosed_1-95_Day1.hdf5,0.5uM,46,upright,405,0.45544554455445546,1.0255127060877411,0.9161941723708003,19572.16333700663,4.520731704861987,0.5265233622350675,4.071104792766422
NNYM_07-11-2025-09-58-48__Y-Maze_cs-p_female_dosed_1-95_Day1.hdf5,0.5uM,47,inverse,430,0.7156177156177156,0.9414265923208481,2.2785869379042656,17704.447134662583,4.837192791438539,0.472347035003051,3.397829702630114
NNYM_07-11-2025-09-58-48__Y-Maze_cs-p_female_dosed_1-95_Day1.hdf5,0.5uM,48,upright,773,0.4792746113989637,0.9094744317463406,0.48273637421026694,32283.445167836304,5.5708235808119975,0.7711200087430825,3.5840839824979382
NNYM_07-11-2025-09-58-48__Y-Maze_cs-p_female_dosed_1-95_Day1.hdf5,0.5uM,49,inverse,408,0.5257985257985258,0.9779730725476861,0.9425668243361184,17369.208747037068,4.486010057742249,0.4533529756018808,3.6585389893194504
NNYM_07-11-2025-09-58-48__Y-Maze_cs-p_female_dosed_1-95_Day1.hdf5,0.5uM,50,upright,1156,0.3878787878787879,0.8376130243277795,0.2959006417863419,40943.09535491394,6.655323815171825,0.8386608813343418,3.1212745818579317
NNYM_07-11-2025-09-58-48__Y-Maze_cs-p_female_dosed_1-95_Day1.hdf5,0.5uM,51,inverse,560,0.6404293381037567,1.0778544179644418,0.585972736400282,27868.630808656344,4.985094912799275,0.7216523509259719,4.103436745510036
NNYM_07-11-2025-09-58-48__Y-Maze_cs-p_female_dosed_1-95_Day1.hdf5,0.5uM,52,upright,759,0.28232189973614774,1.062716596719059,0.5011912401038633,28043.053980740762,5.37240734294193,0.663580369560898,3.1969285430947747
NNYM_07-11-2025-09-58-48__Y-Maze_cs-p_female_dosed_1-95_Day1.hdf5,0.5uM,53,inverse,208,0.3719806763285024,1.0597649922892642,2.4408707894124495,13155.01320157537,4.393528604386069,0.3485395022814943,4.375571020784165
NNYM_07-11-2025-09-58-48__Y-Maze_cs-p_female_dosed_1-95_Day1.hdf5,0.5uM,54,upright,669,0.5883233532934131,1.0708976115689552,0.49282655277310206,25454.55331746141,4.939874462297095,0.6516824891893235,3.3041313546298405
NNYM_07-11-2025-09-58-48__Y-Maze_cs-p_female_dosed_1-95_Day1.hdf5,0.5uM,55,inverse,581,0.5413793103448276,0.9460303013234218,2.825038503799488,22650.23401028186,5.33599945275058,0.6431637175903727,3.3499299737057053
NNYM_07-11-2025-09-58-48__Y-Maze_cs-p_female_dosed_1-95_Day1.hdf5,0.5uM,56,upright,254,0.45849802371541504,0.8550976781769004,4.099317667615588,10288.748873990675,4.595651080375615,0.5081979642511895,3.4785040452314995
NNYM_07-11-2025-09-58-48__Y-Maze_cs-p_female_dosed_1-95_Day1.hdf5,0.5uM,57,inverse,1116,0.4062780269058296,0.9843148310780597,0.5736550955148862,37560.95648147135,6.588048117171765,0.7633606785870733,2.970735279874189
NNYM_07-11-2025-09-58-48__Y-Maze_cs-p_female_dosed_1-95_Day1.hdf5,0.5uM,58,upright,768,0.3194263363754889,0.8677471940128051,0.6517805640440507,27639.785096521086,5.172898768902423,0.6932895878416786,3.1836013095191587
NNYM_07-11-2025-09-58-48__Y-Maze_cs-p_female_dosed_1-95_Day1.hdf5,0.5uM,59,inverse,704,0.6543385490753911,0.9982485756260133,0.4622680672848153,27387.86485702244,5.151836062405694,0.6854034271165876,3.404682243153177
NNYM_07-11-2025-09-58-48__Y-Maze_cs-p_female_dosed_1-95_Day1.hdf5,0.5uM,60,upright,359,0.5418994413407822,0.9647579675571512,2.2658780818719517,16766.35451010685,4.4563307840515645,0.5040830662510427,3.9215292274058964
NNYM_07-11-2025-09-58-48__Y-Maze_cs-p_female_dosed_1-95_Day1.hdf5,0.5uM,61,inverse,851,0.5670588235294117,1.0027244168995073,0.4155813200574989,33324.348282030354,5.576337032918388,0.7998331031879278,3.405755306315065
NNYM_07-11-2025-09-58-48__Y-Maze_cs-p_female_dosed_1-95_Day1.hdf5,0.5uM,62,upright,550,0.366120218579235,1.0457803325431738,0.8179800567792584,27028.70100366361,5.078392798167608,0.704320173893792,3.677286974717197
NNYM_07-11-2025-09-58-48__Y-Maze_cs-p_female_dosed_1-95_Day1.hdf5,0.5uM,63,inverse,695,0.40057636887608067,0.9164682489772417,0.5094471077961941,28348.498543350113,5.560100838962267,0.6615953702046418,3.513031987203108
NNYM_07-11-2025-09-58-48__Y-Maze_cs-p_female_dosed_1-95_Day1.hdf5,0.5uM,64,upright,545,0.6341911764705882,1.0637280136503373,0.46283136671401093,22430.745104146758,4.46795489320033,0.6180754252106183,3.513832514339352
NNYM_07-11-2025-09-58-48__Y-Maze_cs-p_female_dosed_1-95_Day1.hdf5,0.5uM,65,inverse,388,0.40568475452196384,1.1174818451966717,0.5659241885796175,21234.426108425643,4.291948450051062,0.6031048973332537,4.74668328691066
NNYM_07-11-2025-09-58-48__Y-Maze_cs-p_female_dosed_1-95_Day1.hdf5,0.5uM,66,upright,610,0.2939244663382594,0.9193216940297998,0.40418498090864613,24430.414845213338,4.8275211249034475,0.6255677357159185,3.5160404720042604
NNYM_07-11-2025-09-58-48__Y-Maze_cs-p_female_dosed_1-95_Day1.hdf5,0.5uM,67,inverse,549,0.47992700729927007,0.8972413307826257,0.9668503786959712,25473.628727913354,5.453413983105627,0.5961157631258859,3.6655169194375063
NNYM_07-11-2025-09-58-48__Y-Maze_cs-p_female_dosed_1-95_Day1.hdf5,0.5uM,68,upright,619,0.5453074433656958,0.921668358291409,0.6780409416645388,27607.86135669099,5.158469058886291,0.6856688373017845,3.662656194453206
NNYM_07-11-2025-09-58-48__Y-Maze_cs-p_female_dosed_1-95_Day1.hdf5,0.5uM,69,inverse,709,0.7005649717514124,1.0855640189703692,0.4815188179567375,31732.68144500791,5.48015512116672,0.7738010666079665,3.7367969443579367
NNYM_07-11-2025-09-58-48__Y-Maze_cs-p_female_dosed_1-95_Day1.hdf5,0.5uM,70,upright,506,0.5089108910891089,0.9645920840879342,1.2342375553950915,21033.177789668618,4.876878250725734,0.5439374692673332,3.607496354147244
NNYM_07-11-2025-09-58-48__Y-Maze_cs-p_female_dosed_1-95_Day1.hdf5,0.5uM,71,inverse,727,0.6336088154269972,0.9357855282884872,0.3598165560159565,27909.215844058894,5.149900827488888,0.697639751552795,3.480472089527577
NNYM_07-11-2025-09-58-48__Y-Maze_cs-p_female_dosed_1-95_Day1.hdf5,0.5uM,72,upright,607,0.3844884488448845,1.1070172477358051,0.8020211483187755,22227.449771635274,5.0256474277924035,0.5742842938227617,3.202247043172426
NNYM_07-11-2025-09-58-48__Y-Maze_cs-p_female_dosed_1-95_Day1.hdf5,0.5uM,73,inverse,752,0.3581890812250333,1.0120797225521498,0.6151191894000243,27794.92363213789,5.368587802158038,0.6670184591489277,3.2008801758669407
NNYM_07-11-2025-09-58-48__Y-Maze_cs-p_female_dosed_1-95_Day1.hdf5,0.5uM,74,upright,1022,0.455435847208619,0.8637240435355701,0.4157158595720749,39114.02612338465,6.460798336549632,0.8207183582652919,3.244890423802122
NNYM_07-11-2025-09-58-48__Y-Maze_cs-p_female_dosed_1-95_Day1.hdf5,0.5uM,75,inverse,591,0.535593220338983,1.047754326563862,0.7189954682540297,25938.434500444942,5.0757120957992035,0.6641139839987102,3.7472181776198057
NNYM_07-11-2025-09-58-48__Y-Maze_cs-p_female_dosed_1-95_Day1.hdf5,0.5uM,76,upright,456,0.6351648351648351,1.040818801630619,1.7881166894779834,20755.76162395876,4.527447793479546,0.6058630892836459,3.863089022747411
NNYM_07-11-2025-09-58-48__Y-Maze_cs-p_female_dosed_1-95_Day1.hdf5,0.5uM,77,inverse,524,0.5258126195028681,0.948889099560679,1.5686765969861665,22402.321456908136,5.445512138528182,0.5582516366478846,3.361206584514964
NNYM_07-11-2025-09-58-48__Y-Maze_cs-p_female_dosed_1-95_Day1.hdf5,0.5uM,78,upright,817,0.5465686274509803,0.9109697355888448,0.448711619582936,32813.18262672907,5.670787302684435,0.7679096179810976,3.294442157260783
NNYM_07-11-2025-09-58-48__Y-Maze_cs-p_female_dosed_1-95_Day1.hdf5,0.5uM,79,inverse,397,0.5025252525252525,0.8101472471914285,1.0844578928620452,15814.288412732094,4.95372902067466,0.3630410542321338,3.329072862281913
NNYM_07-11-2025-09-58-48__Y-Maze_cs-p_female_dosed_1-95_Day1.hdf5,0.5uM,80,upright,512,0.6790606653620352,0.9851728176334145,0.8602359661653333,21800.159366293497,4.577077715659439,0.5941052167729918,3.5825328627630277
NNYM_07-11-2025-09-58-48__Y-Maze_cs-p_female_dosed_1-95_Day1.hdf5,0.5uM,81,inverse,703,0.5925925925925926,1.3619707236415513,0.48196767669111645,28287.63665960444,5.376375508605964,0.6785760621151485,3.490513768505418
NNYM_07-11-2025-09-58-48__Y-Maze_cs-p_female_dosed_1-95_Day1.hdf5,0.5uM,82,upright,1041,0.5884615384615385,0.9518345340468888,0.408796226944559,38025.60695492367,6.275628194108537,0.816878474980143,3.2182447308579496
NNYM_07-11-2025-09-58-48__Y-Maze_cs-p_female_dosed_1-95_Day1.hdf5,0.5uM,83,inverse,747,0.39276139410187666,0.8751569643772815,0.5134214374586727,27714.731377951204,5.1407312744151685,0.7052628393305692,3.2977244489267785
NNYM_07-11-2025-09-58-48__Y-Maze_cs-p_female_dosed_1-95_Day1.hdf5,0.5uM,84,upright,3,0.0,,0.5727093061310937,576.7208118691578,3.2405925841942507,0.016425571628558098,
NNYM_07-11-2025-09-58-48__Y-Maze_cs-p_female_dosed_1-95_Day1.hdf5,0.5uM,85,inverse,868,0.3806228373702422,1.0726948416389372,0.40056836431582843,31971.961944746712,5.530147809401038,0.7689931872802749,3.3852432581847833
NNYM_07-11-2025-09-58-48__Y-Maze_cs-p_female_dosed_1-95_Day1.hdf5,0.5uM,86,upright,789,0.5,0.9377382465057179,0.7711926796188234,27576.11071180422,5.371816376312038,0.7061245496654658,3.035951765991402
NNYM_07-11-2025-09-58-48__Y-Maze_cs-p_female_dosed_1-95_Day1.hdf5,0.5uM,87,inverse,524,0.3919694072657744,0.9886828598279478,0.5943684175752031,23077.392870984124,4.469814136593534,0.6556435227352344,3.860185492360921
NNYM_07-11-2025-09-58-48__Y-Maze_cs-p_female_dosed_1-95_Day1.hdf5,0.5uM,88,upright,414,0.36561743341404357,0.9418183723421957,1.0489696605258612,17274.635157660516,4.710952718282884,0.48025032331601675,3.571013652382596
NNYM_07-11-2025-09-58-48__Y-Maze_cs-p_female_dosed_1-95_Day1.hdf5,0.5uM,89,inverse,542,0.4879852125693161,1.2933393932303376,0.6836671401415908,20957.931423641974,4.357055608422519,0.5730500408212031,3.5179391748274136
NNYM_07-11-2025-09-58-48__Y-Maze_cs-p_female_dosed_1-95_Day1.hdf5,0.5uM,90,upright,384,0.381201044386423,0.8989137056206236,1.337742847445042,18501.191001680716,4.775596308546002,0.44566326530612244,3.626027530911298
NNYM_07-11-2025-09-58-48__Y-Maze_cs-p_female_dosed_1-95_Day1.hdf5,0.5uM,91,inverse,414,0.43825665859564167,1.0006964745480877,0.8150338056574351,18893.857471125626,4.368026363637488,0.5084042872883903,3.918921421961771
NNYM_07-11-2025-09-58-48__Y-Maze_cs-p_female_dosed_1-95_Day1.hdf5,0.5uM,92,upright,429,0.6191588785046729,0.8541312977231675,1.0051639133481487,17847.70134708218,4.48315979783863,0.504163375109422,3.56042273147822
NNYM_07-11-2025-09-58-48__Y-Maze_cs-p_female_dosed_1-95_Day1.hdf5,0.5uM,93,inverse,816,0.5423312883435583,0.942876239063749,0.6481695639392676,29898.74327565071,5.630578533028878,0.6998782021843739,3.3099059764598078
NNYM_07-11-2025-09-58-48__Y-Maze_cs-p_female_dosed_1-95_Day1.hdf5,0.5uM,94,upright,590,0.4244482173174873,0.8702089980534987,1.877703097328453,22878.035202592153,5.586654687266318,0.5916500633943126,3.1759009067643658
NNYM_07-15-2025-12-47-24__Y-Maze_cs-p_female_dosed_1-95_Day1.hdf5,0.5uM,0,inverse,781,0.691025641025641,1.0521653334281504,0.6984275378369373,30514.231564517147,5.929324101417467,0.6669340634427916,3.4589225212725294
NNYM_07-15-2025-12-47-24__Y-Maze_cs-p_female_dosed_1-95_Day1.hdf5,0.5uM,1,upright,1114,0.6163522012578616,0.8271662613034363,0.4318142912371756,41559.99419545499,6.978285331861185,0.8026752655274915,3.280093117001716
NNYM_07-15-2025-12-47-24__Y-Maze_cs-p_female_dosed_1-95_Day1.hdf5,0.5uM,2,inverse,750,0.3965287049399199,0.9665253663733386,0.5092040873617106,28141.537686694563,5.303839311613762,0.6821998796641059,3.343258444387521
NNYM_07-15-2025-12-47-24__Y-Maze_cs-p_female_dosed_1-95_Day1.hdf5,0.5uM,3,upright,1173,0.6860068259385665,1.024837499836059,0.4817749089563768,42864.445529550874,7.159159133073283,0.8120012544865317,3.2424991591570693
NNYM_07-15-2025-12-47-24__Y-Maze_cs-p_female_dosed_1-95_Day1.hdf5,0.5uM,4,inverse,968,0.5418821096173733,1.1175722323191641,0.46313674540112193,35151.16148339963,5.99797252823471,0.7778782294238326,3.2056747567585315
NNYM_07-15-2025-12-47-24__Y-Maze_cs-p_female_dosed_1-95_Day1.hdf5,0.5uM,5,upright,950,0.44151738672286617,1.0224264966438719,0.38187785107817296,34330.80167436618,5.883115080424536,0.7713278271366909,3.2952450748149076
NNYM_07-15-2025-12-47-24__Y-Maze_cs-p_female_dosed_1-95_Day1.hdf5,0.5uM,6,inverse,958,0.5151515151515151,0.9004084112724587,0.4966425958939904,36684.004067261194,6.404894467093705,0.7645636766815949,3.3931722416055834
NNYM_07-15-2025-12-47-24__Y-Maze_cs-p_female_dosed_1-95_Day1.hdf5,0.5uM,7,upright,710,0.693935119887165,0.974253558511333,0.5124693177431977,27244.723943103054,5.297844390387668,0.6568606959974919,3.47406839052294
NNYM_07-15-2025-12-47-24__Y-Maze_cs-p_female_dosed_1-95_Day1.hdf5,0.5uM,8,inverse,655,0.481651376146789,1.0120827146129021,0.5851869419455498,25659.99804114494,4.784153259050188,0.6787504350852767,3.554711798745612
NNYM_07-15-2025-12-47-24__Y-Maze_cs-p_female_dosed_1-95_Day1.hdf5,0.5uM,9,upright,772,0.4773022049286641,1.0046677813771083,0.45971660036718204,27813.323966294378,5.431443763590054,0.6500713217131128,3.283535590327229
NNYM_07-15-2025-12-47-24__Y-Maze_cs-p_female_dosed_1-95_Day1.hdf5,0.5uM,10,inverse,711,0.5084507042253521,1.0496651480790056,0.5828748228933849,28635.260445168038,5.093990401448929,0.7312521799790722,3.643508884042017
NNYM_07-15-2025-12-47-24__Y-Maze_cs-p_female_dosed_1-95_Day1.hdf5,0.5uM,11,upright,1137,0.528169014084507,0.9033076029543909,0.538520760956023,39222.16178325302,6.771593869589289,0.7779590768291087,3.1198894582182777
NNYM_07-15-2025-12-47-24__Y-Maze_cs-p_female_dosed_1-95_Day1.hdf5,0.5uM,12,inverse,651,0.4907692307692308,1.0542884531748615,0.4908872306999223,29494.150005255935,5.1455862008896665,0.7487119234116623,3.985518236157415
NNYM_07-15-2025-12-47-24__Y-Maze_cs-p_female_dosed_1-95_Day1.hdf5,0.5uM,13,upright,896,0.5139664804469274,1.000780859570215,0.6478817726677218,34957.4934525082,6.136366044406054,0.7660962915342004,3.6217659325723965
NNYM_07-15-2025-12-47-24__Y-Maze_cs-p_female_dosed_1-95_Day1.hdf5,0.5uM,14,inverse,689,0.559593023255814,0.8918539265030683,0.5690320475354463,27583.577644531986,5.3475085547806,0.6579091883787624,3.5180093568422883
NNYM_07-15-2025-12-47-24__Y-Maze_cs-p_female_dosed_1-95_Day1.hdf5,0.5uM,15,upright,773,0.47668393782383417,0.9254885309204242,1.0760738521715325,31099.987533098138,6.025067208550559,0.6692896136556813,3.3139379813537495
NNYM_07-15-2025-12-47-24__Y-Maze_cs-p_female_dosed_1-95_Day1.hdf5,0.5uM,16,inverse,918,0.5114503816793893,1.0267393416378805,0.4956202456595972,33207.22956035868,5.83244237638207,0.7486447981096671,3.2063595580294058
NNYM_07-15-2025-12-47-24__Y-Maze_cs-p_female_dosed_1-95_Day1.hdf5,0.5uM,17,upright,854,0.5545134818288394,0.9407601668764116,0.6414166550979146,31797.804361610095,5.960078474351706,0.7011859640542853,3.2528789364525883
NNYM_07-15-2025-12-47-24__Y-Maze_cs-p_female_dosed_1-95_Day1.hdf5,0.5uM,18,inverse,764,0.5334207077326344,0.8568465702357148,0.6543316210629937,29026.2580504218,5.704821695885765,0.6492945855853504,3.2889262529145253
NNYM_07-15-2025-12-47-24__Y-Maze_cs-p_female_dosed_1-95_Day1.hdf5,0.5uM,19,upright,932,0.5714285714285714,0.9549731182795699,0.5492576195958419,34479.55127998901,6.0388195256720385,0.753650633703102,3.1795992625728298
NNYM_07-15-2025-12-47-24__Y-Maze_cs-p_female_dosed_1-95_Day1.hdf5,0.5uM,20,inverse,1138,0.4371152154793316,1.0232276526677673,0.5383738263227973,41333.770116078565,6.769437722472537,0.8253102212012043,3.134904213918725
NNYM_07-15-2025-12-47-24__Y-Maze_cs-p_female_dosed_1-95_Day1.hdf5,0.5uM,21,upright,860,0.48661233993015135,1.0077154561091677,0.5298609110851185,32447.14361066378,5.613805039093977,0.7600823617313339,3.3161034322036556
NNYM_07-15-2025-12-47-24__Y-Maze_cs-p_female_dosed_1-95_Day1.hdf5,0.5uM,22,inverse,980,0.4790602655771195,0.8870363366785532,0.5409785738294381,37195.53732252608,6.2250668455278495,0.8028687561470238,3.301501695857575
NNYM_07-15-2025-12-47-24__Y-Maze_cs-p_female_dosed_1-95_Day1.hdf5,0.5uM,23,upright,632,0.5245641838351822,0.8910394987132148,0.7769554809448236,26526.35789391564,5.456747044963932,0.6100935426783021,3.668225962565737
NNYM_07-15-2025-12-47-24__Y-Maze_cs-p_female_dosed_1-95_Day1.hdf5,0.5uM,24,inverse,600,0.44240400667779634,1.1219102559694143,0.527223641988093,24996.396163608882,4.607672783637235,0.6870528301558737,3.774307672435253
NNYM_07-15-2025-12-47-24__Y-Maze_cs-p_female_dosed_1-95_Day1.hdf5,0.5uM,25,upright,861,0.3697674418604651,1.1739380907767827,0.5048959455429229,35866.59350683981,6.153061763598388,0.7726530186646275,3.608862219209848
NNYM_07-15-2025-12-47-24__Y-Maze_cs-p_female_dosed_1-95_Day1.hdf5,0.5uM,26,inverse,848,0.5938606847697757,1.036526480650978,0.4747168376461892,33388.894043873384,6.103535256927974,0.7181727973817523,3.4610428084324765
NNYM_07-15-2025-12-47-24__Y-Maze_cs-p_female_dosed_1-95_Day1.hdf5,0.5uM,27,upright,15,0.5714285714285714,1.2564102564102564,1.216734838293629,546.5933850363615,6.23400432689995,0.4552543631637579,3.454685186323808
NNYM_07-15-2025-12-47-24__Y-Maze_cs-p_female_dosed_1-95_Day1.hdf5,0.5uM,28,inverse,921,0.5413043478260869,1.086851052830002,0.40317453170107204,32719.854514632425,5.725294401406088,0.7485601105001173,3.1709166035192555
NNYM_07-15-2025-12-47-24__Y-Maze_cs-p_female_dosed_1-95_Day1.hdf5,0.5uM,29,upright,932,0.514500537056928,0.9513377687402248,0.4925416839182538,34608.38294818775,6.081835564436226,0.7586612014724695,3.274593329866292
NNYM_07-15-2025-12-47-24__Y-Maze_cs-p_female_dosed_1-95_Day1.hdf5,0.5uM,30,inverse,780,0.49293966623876767,1.0593371886965388,0.5292576421349978,31036.67484004954,5.624766578827852,0.7186255586276453,3.4121820781549186
NNYM_07-15-2025-12-47-24__Y-Maze_cs-p_female_dosed_1-95_Day1.hdf5,0.5uM,31,upright,709,0.536723163841808,1.009689915443039,0.539083309402102,28219.469320634664,5.220096922921683,0.690821046042565,3.392424075529792
NNYM_07-15-2025-12-47-24__Y-Maze_cs-p_female_dosed_1-95_Day1.hdf5,0.5uM,32,inverse,768,0.5345501955671447,0.8132827925795548,0.45643572367140633,30276.811674909215,5.489022046780018,0.7233382968903751,3.3272322418458
NNYM_07-15-2025-12-47-24__Y-Maze_cs-p_female_dosed_1-95_Day1.hdf5,0.5uM,33,upright,550,0.4936247723132969,0.9490594019787806,0.6756288948754724,23856.854530344634,5.142859847305783,0.5781419807186678,3.7855026861911494
NNYM_07-15-2025-12-47-24__Y-Maze_cs-p_female_dosed_1-95_Day1.hdf5,0.5uM,34,inverse,975,0.5082135523613963,0.9437284573013984,0.53241941350702,34346.682969128036,6.266019860324434,0.72299653082695,3.082287782315129
NNYM_07-15-2025-12-47-24__Y-Maze_cs-p_female_dosed_1-95_Day1.hdf5,0.5uM,35,upright,885,0.6074660633484162,0.843021058496893,0.4228774917808997,33667.900374551886,5.907743628765943,0.7565510161469933,3.3643944573939537
NNYM_07-15-2025-12-47-24__Y-Maze_cs-p_female_dosed_1-95_Day1.hdf5,0.5uM,36,inverse,1026,0.5531707317073171,0.9225419469179846,0.43915731119482937,37633.09593169144,6.4267056450462245,0.7866565725125741,3.2463495299934504
NNYM_07-15-2025-12-47-24__Y-Maze_cs-p_female_dosed_1-95_Day1.hdf5,0.5uM,37,unknown,0,,,,,,,
NNYM_07-15-2025-12-47-24__Y-Maze_cs-p_female_dosed_1-95_Day1.hdf5,0.5uM,38,inverse,670,0.43946188340807174,1.1789595502871806,0.5456454095182437,26699.014807032967,5.290754022535293,0.6442984104235666,3.5087753243129445
NNYM_07-15-2025-12-47-24__Y-Maze_cs-p_female_dosed_1-95_Day1.hdf5,0.5uM,39,upright,579,0.5051903114186851,1.0711726190762776,0.5764318944841562,27086.241027197066,4.941546435425953,0.6947213795860894,3.9920707578366863
NNYM_07-15-2025-12-47-24__Y-Maze_cs-p_female_dosed_1-95_Day1.hdf5,0.5uM,40,inverse,1130,0.5890168290522586,0.8056786201564072,0.6653889960733476,37892.528625229665,6.545640708294271,0.7683755189965776,2.879565433668689
NNYM_07-15-2025-12-47-24__Y-Maze_cs-p_female_dosed_1-95_Day1.hdf5,0.5uM,41,upright,693,0.565028901734104,1.0186781517855614,0.432742543494305,31096.029251650547,5.478751051787133,0.7467233656121478,4.153536212525747
NNYM_07-15-2025-12-47-24__Y-Maze_cs-p_female_dosed_1-95_Day1.hdf5,0.5uM,42,inverse,874,0.4948453608247423,0.855595520891843,0.5131784214866716,33330.164645160956,6.131654452164707,0.7187066612007083,3.38374064976079
NNYM_07-15-2025-12-47-24__Y-Maze_cs-p_female_dosed_1-95_Day1.hdf5,0.5uM,43,upright,971,0.5237113402061856,0.9226115065197487,0.9646578165360188,34291.47744061464,6.439226303126979,0.725230090786549,3.1109257747864056
NNYM_07-15-2025-12-47-24__Y-Maze_cs-p_female_dosed_1-95_Day1.hdf5,0.5uM,44,inverse,605,0.3990066225165563,0.899034276244791,4.620552418240277,23522.40572554798,6.166725587150011,0.6419963825457834,3.0564753294906093
NNYM_07-15-2025-12-47-24__Y-Maze_cs-p_female_dosed_1-95_Day1.hdf5,0.5uM,45,upright,828,0.4655380894800484,0.9901759791269833,0.4603004889691162,30823.10515173975,5.564729791630267,0.7207238529000183,3.301440899954581
NNYM_07-15-2025-12-47-24__Y-Maze_cs-p_female_dosed_1-95_Day1.hdf5,0.5uM,46,inverse,786,0.5872611464968153,0.9866851393787208,0.43681319324584483,31310.299361804275,5.600111441940225,0.7329960554157487,3.4561450502066746
NNYM_07-15-2025-12-47-24__Y-Maze_cs-p_female_dosed_1-95_Day1.hdf5,0.5uM,47,upright,835,0.5227817745803357,1.02493693065258,0.4960574721450101,34193.98859568208,6.142421179443792,0.7346054828833843,3.5286463464871347
NNYM_07-15-2025-12-47-24__Y-Maze_cs-p_female_dosed_1-95_Day1.hdf5,0.5uM,48,inverse,877,0.432648401826484,0.9218701458657713,0.6181819753279131,34100.015457413116,6.444030489432909,0.6943446139387558,3.2754995749638782
NNYM_07-15-2025-12-47-24__Y-Maze_cs-p_female_dosed_1-95_Day1.hdf5,0.5uM,49,upright,647,0.5356037151702786,1.0004214724201281,0.6347316946625309,29447.614613979815,5.440505613292164,0.7039159669720935,3.736057069772917
NNYM_07-15-2025-12-47-24__Y-Maze_cs-p_female_dosed_1-95_Day1.hdf5,0.5uM,50,inverse,534,0.5684803001876173,1.0574294647509863,1.389124023800538,22931.12430410196,4.795291347371788,0.6114467866694281,3.5462498471933737
NNYM_07-15-2025-12-47-24__Y-Maze_cs-p_female_dosed_1-95_Day1.hdf5,0.5uM,51,upright,710,0.5077574047954866,0.9239512172254329,0.48742233252299144,29528.000474852102,5.4278857041558926,0.7090578227442512,3.634905619248034
NNYM_07-15-2025-12-47-24__Y-Maze_cs-p_female_dosed_1-95_Day1.hdf5,0.5uM,52,inverse,933,0.528969957081545,0.978580509011562,0.830172491882031,32102.30833293214,6.074238304352423,0.6889006682366027,3.0068748907467393
NNYM_07-15-2025-12-47-24__Y-Maze_cs-p_female_dosed_1-95_Day1.hdf5,0.5uM,53,upright,861,0.45930232558139533,0.9375267882339501,0.4720883064219225,34192.98745652539,5.975492723839605,0.7601087562744004,3.501258967508584
NNYM_07-15-2025-12-47-24__Y-Maze_cs-p_female_dosed_1-95_Day1.hdf5,0.5uM,54,inverse,638,0.5007849293563579,0.9874238171107225,0.49343061300577623,26582.169404521654,4.872189494285391,0.6901103863958103,3.791170849744748
NNYM_07-15-2025-12-47-24__Y-Maze_cs-p_female_dosed_1-95_Day1.hdf5,0.5uM,55,upright,572,0.5411558669001751,1.1516624171164342,0.4707860288216879,25372.28499158629,4.722222591197516,0.6739020520599055,3.9116578154168815
NNYM_07-15-2025-12-47-24__Y-Maze_cs-p_female_dosed_1-95_Day1.hdf5,0.5uM,56,inverse,1043,0.4021113243761996,0.984916838576702,0.5498884247054621,37205.4028597314,6.783548587080916,0.7273995779045227,3.160492800170626
NNYM_07-15-2025-12-47-24__Y-Maze_cs-p_female_dosed_1-95_Day1.hdf5,0.5uM,57,upright,1029,0.5622568093385214,0.9237667334150186,0.4663985509752206,37355.746902169725,6.251560221804883,0.7974208022817987,3.167061181214003
NNYM_07-15-2025-12-47-24__Y-Maze_cs-p_female_dosed_1-95_Day1.hdf5,0.5uM,58,inverse,837,0.7607655502392344,0.9672891198734606,0.6206275393804866,32540.30394211773,5.961912582009094,0.7182591879578735,3.3444542806626587
NNYM_07-15-2025-12-47-24__Y-Maze_cs-p_female_dosed_1-95_Day1.hdf5,0.5uM,59,upright,1085,0.4547970479704797,1.024067070713455,0.4491128090773636,40374.523976099,6.657386691711008,0.8189094069085379,3.2843608051835194
NNYM_07-15-2025-12-47-24__Y-Maze_cs-p_female_dosed_1-95_Day1.hdf5,0.5uM,60,inverse,761,0.4421052631578947,0.8680278112189516,0.5575446730067546,29494.282068027147,5.4019138531802025,0.7119185361639747,3.3562444739485375
NNYM_07-15-2025-12-47-24__Y-Maze_cs-p_female_dosed_1-95_Day1.hdf5,0.5uM,61,upright,969,0.612603305785124,0.8845742998431081,0.4110070736307703,33383.098898791315,5.97655786353731,0.7344338885318791,3.0436224054479206
NNYM_07-15-2025-12-47-24__Y-Maze_cs-p_female_dosed_1-95_Day1.hdf5,0.5uM,62,inverse,485,0.5289256198347108,1.0636010315644182,0.5127103604100736,22569.84228196554,4.483411272985716,0.6172585468781334,4.0358180719059344
NNYM_07-15-2025-12-47-24__Y-Maze_cs-p_female_dosed_1-95_Day1.hdf5,0.5uM,63,upright,727,0.41597796143250687,1.0191236691413135,0.5137232514972975,27867.504053005534,5.215556730635398,0.675267283150505,3.4327949576442287
NNYM_07-15-2025-12-47-24__Y-Maze_cs-p_female_dosed_1-95_Day1.hdf5,0.5uM,64,inverse,655,0.5229357798165137,0.9606738235032747,0.5993735913385183,27530.918186967523,5.536889519708295,0.6287287626901897,3.5510458212347302
NNYM_07-15-2025-12-47-24__Y-Maze_cs-p_female_dosed_1-95_Day1.hdf5,0.5uM,65,upright,646,0.4806201550387597,1.1663484944541966,0.438501288437913,28019.417566873413,4.945605360405059,0.7296159366708712,3.864420190584123
NNYM_07-15-2025-12-47-24__Y-Maze_cs-p_female_dosed_1-95_Day1.hdf5,0.5uM,66,inverse,667,0.41291291291291293,1.0173284967825282,0.5878827949559714,28079.466727709667,5.311286766135027,0.6766902908822122,3.6883393216458775
NNYM_07-15-2025-12-47-24__Y-Maze_cs-p_female_dosed_1-95_Day1.hdf5,0.5uM,67,upright,856,0.41871345029239765,1.0151200334554789,0.4240181659462707,32796.08379612348,5.458002447819546,0.7959885984427141,3.3588189098890227
NNYM_07-15-2025-12-47-24__Y-Maze_cs-p_female_dosed_1-95_Day1.hdf5,0.5uM,68,inverse,599,0.46153846153846156,1.1390683576613225,0.5058533322123115,27382.875284176745,4.875606795512149,0.7262481273734452,4.029968983741462
NNYM_07-15-2025-12-47-24__Y-Maze_cs-p_female_dosed_1-95_Day1.hdf5,0.5uM,69,upright,683,0.45894428152492667,1.0053096585443158,0.6218845954401715,28634.90276570757,5.2796279049707,0.7015926455709451,3.5971078267914867
NNYM_07-15-2025-12-47-24__Y-Maze_cs-p_female_dosed_1-95_Day1.hdf5,0.5uM,70,inverse,1089,0.3952205882352941,0.9776144541975443,0.612411977750422,36972.74627072994,6.670372679440398,0.7333408786195609,2.990185027832328
NNYM_07-15-2025-12-47-24__Y-Maze_cs-p_female_dosed_1-95_Day1.hdf5,0.5uM,71,upright,841,0.5357142857142857,0.8122490143944255,3.6085149490386548,29594.47431762262,6.8454106047473235,0.6267208436124414,2.9701332923041996
NNYM_07-15-2025-12-47-24__Y-Maze_cs-p_female_dosed_1-95_Day1.hdf5,0.5uM,72,unknown,1,,,,625.165488416814,2.845565184562657,0.10729038740649771,
NNYM_07-15-2025-12-47-24__Y-Maze_cs-p_female_dosed_1-95_Day1.hdf5,0.5uM,73,upright,803,0.5211970074812967,0.9780374306588454,0.7513767677126217,30537.96844334982,5.59464155825658,0.7148628088767641,3.224773860710501
NNYM_07-15-2025-12-47-24__Y-Maze_cs-p_female_dosed_1-95_Day1.hdf5,0.5uM,74,inverse,926,0.5708108108108109,0.8967741951805669,0.8365593671200598,33571.91038179827,6.098875107144503,0.7296469125642395,3.0869395774770294
NNYM_07-15-2025-12-47-24__Y-Maze_cs-p_female_dosed_1-95_Day1.hdf5,0.5uM,75,upright,759,0.5237467018469657,0.9824008669329887,0.5462552241988685,30549.525884214818,5.5342794361492675,0.7150409084190483,3.518849042173209
NNYM_07-15-2025-12-47-24__Y-Maze_cs-p_female_dosed_1-95_Day1.hdf5,0.5uM,76,inverse,648,0.42967542503863987,0.893843160010993,0.49369737608733827,24618.92455896199,5.273355352442387,0.5873008938479148,3.3308937033219386
NNYM_07-15-2025-12-47-24__Y-Maze_cs-p_female_dosed_1-95_Day1.hdf5,0.5uM,77,upright,881,0.4863636363636364,1.108902163899492,0.4587771504846953,35251.5102695603,5.874667987628783,0.7999895628576895,3.4801445318067805
NNYM_07-15-2025-12-47-24__Y-Maze_cs-p_female_dosed_1-95_Day1.hdf5,0.5uM,78,inverse,1089,0.24448529411764705,0.9637308509086562,0.27192206458211793,38725.3383331494,6.190165556321703,0.8413721233174121,3.044388373023054
NNYM_07-15-2025-12-47-24__Y-Maze_cs-p_female_dosed_1-95_Day1.hdf5,0.5uM,79,upright,874,0.6093928980526919,1.0430470326098413,0.5097273767239338,36302.78417638858,6.078200929326785,0.7995876396283537,3.564675681599148
NNYM_07-15-2025-12-47-24__Y-Maze_cs-p_female_dosed_1-95_Day1.hdf5,0.5uM,80,inverse,593,0.5067567567567568,0.9815667277039921,0.7429257692919385,26025.24689032752,5.093956400531121,0.6470911565575487,3.775227250549635
NNYM_07-15-2025-12-47-24__Y-Maze_cs-p_female_dosed_1-95_Day1.hdf5,0.5uM,81,upright,1001,0.581,1.1492808456318822,0.45052050361052276,38095.38822921089,6.306640388018529,0.8107091348242368,3.418956096954367
NNYM_07-15-2025-12-47-24__Y-Maze_cs-p_female_dosed_1-95_Day1.hdf5,0.5uM,82,inverse,581,0.5224137931034483,0.9379816042246562,1.2280667746334286,24903.263273920234,5.419767163410183,0.5828779761639464,3.683231672426641
NNYM_07-15-2025-12-47-24__Y-Maze_cs-p_female_dosed_1-95_Day1.hdf5,0.5uM,83,upright,1056,0.4218009478672986,0.9842263401655946,0.4405126702842764,39672.55267843531,6.875592807570245,0.7747423266223151,3.2104398784185726
NNYM_07-15-2025-12-47-24__Y-Maze_cs-p_female_dosed_1-95_Day1.hdf5,0.5uM,84,inverse,931,0.4,0.9418729817007536,0.5579207783181448,34509.18555185791,6.000121337362954,0.7676237233156533,3.3186047679178725
NNYM_07-15-2025-12-47-24__Y-Maze_cs-p_female_dosed_1-95_Day1.hdf5,0.5uM,85,upright,948,0.5110876451953538,1.034335266125786,0.4470192750003846,33561.39765173852,5.803962133906348,0.7627014061495142,3.183833662454119
NNYM_07-15-2025-12-47-24__Y-Maze_cs-p_female_dosed_1-95_Day1.hdf5,0.5uM,86,inverse,880,0.6860068259385665,0.978202049571889,0.45741074198949233,34187.61016314164,5.836397280905497,0.7786669685464489,3.4233712736614224
NNYM_07-15-2025-12-47-24__Y-Maze_cs-p_female_dosed_1-95_Day1.hdf5,0.5uM,87,upright,831,0.40602409638554215,0.997855680725331,0.5888182379481299,31916.263406690883,5.745852854900231,0.7311930290224566,3.4100480415106285
NNYM_07-15-2025-12-47-24__Y-Maze_cs-p_female_dosed_1-95_Day1.hdf5,0.5uM,88,inverse,746,0.5664429530201343,0.9139892921981835,0.5382408537433938,28833.212630202597,5.446859664404591,0.6844276233746981,3.429094826630305
NNYM_07-15-2025-12-47-24__Y-Maze_cs-p_female_dosed_1-95_Day1.hdf5,0.5uM,89,upright,625,0.4567307692307692,1.0932595483937046,0.5321267485168784,25194.058066376725,5.4267781783765034,0.5748847022309791,3.5754762859884384
NNYM_07-15-2025-12-47-24__Y-Maze_cs-p_female_dosed_1-95_Day1.hdf5,0.5uM,90,inverse,945,0.4777542372881356,0.9669193149832715,0.5167511006522733,36948.2133276448,6.3626866157658295,0.7764390430755301,3.4167753632131532
NNYM_07-15-2025-12-47-24__Y-Maze_cs-p_female_dosed_1-95_Day1.hdf5,0.5uM,91,upright,1083,0.5175600739371534,0.8817536267327329,0.6137904569755025,39227.43024004584,6.573571770934455,0.8038061741507496,3.188523585199105
NNYM_07-15-2025-12-47-24__Y-Maze_cs-p_female_dosed_1-95_Day1.hdf5,0.5uM,92,unknown,0,,,,,,,
NNYM_07-15-2025-12-47-24__Y-Maze_cs-p_female_dosed_1-95_Day1.hdf5,0.5uM,93,unknown,0,,,,,,,
NNYM_07-15-2025-12-47-24__Y-Maze_cs-p_female_dosed_1-95_Day1.hdf5,0.5uM,94,unknown,0,,,,,,,
NNYM_07-17-2025-10-34-50__Y-Maze_cs-p_female_dosed_1-95_Day1.hdf5,0.5uM,0,upright,750,0.3538050734312417,0.8566598772463353,0.7816364978198023,29111.279044199626,5.641053053237661,0.6694988820202552,3.369963930742978
NNYM_07-17-2025-10-34-50__Y-Maze_cs-p_female_dosed_1-95_Day1.hdf5,0.5uM,1,upright,284,0.8374558303886925,0.8466442164948587,3.344030787912043,12456.103184330073,4.708440080716845,0.4208263936514157,3.571698831843418
NNYM_07-17-2025-10-34-50__Y-Maze_cs-p_female_dosed_1-95_Day1.hdf5,0.5uM,2,upright,721,0.7597222222222222,0.9028612696921645,0.762451126963204,26870.54988301416,5.573066231666464,0.6526861408455845,3.2034911513106996
NNYM_07-17-2025-10-34-50__Y-Maze_cs-p_female_dosed_1-95_Day1.hdf5,0.5uM,3,upright,540,0.49907235621521334,0.8661739851679873,1.0092590649778628,21537.934931125852,4.815792198549148,0.5479531802665585,3.399770548801711
NNYM_07-17-2025-10-34-50__Y-Maze_cs-p_female_dosed_1-95_Day1.hdf5,0.5uM,4,upright,875,0.5995423340961098,0.7943712689293866,0.6833356791528451,31890.151145483094,5.832123028556368,0.7178909890570186,3.181760332181402
NNYM_07-17-2025-10-34-50__Y-Maze_cs-p_female_dosed_1-95_Day1.hdf5,0.5uM,5,upright,416,0.5807228915662651,0.8680357550593076,2.1493674690215765,17191.730876448444,4.8898321577916155,0.42224528948904977,3.281857402007312
NNYM_07-17-2025-10-34-50__Y-Maze_cs-p_female_dosed_1-95_Day1.hdf5,0.5uM,6,upright,823,0.4148418491484185,0.8504929640444944,0.42986780225997673,30318.3118413497,5.381818640135016,0.7414551339560574,3.547624784809196
NNYM_07-17-2025-10-34-50__Y-Maze_cs-p_female_dosed_1-95_Day1.hdf5,0.5uM,7,inverse,603,0.579734219269103,0.8263383957678608,2.586255735969301,25100.164980933878,5.0985068615874365,0.6507845336104957,3.397011705603006
NNYM_07-17-2025-10-34-50__Y-Maze_cs-p_female_dosed_1-95_Day1.hdf5,0.5uM,8,inverse,739,0.3861788617886179,0.8815011731166407,0.5440948996053061,29523.147708088367,5.268117002300265,0.731023246087896,3.3523142782460207
NNYM_07-17-2025-10-34-50__Y-Maze_cs-p_female_dosed_1-95_Day1.hdf5,0.5uM,9,inverse,670,0.414050822122571,0.8947010339080184,1.5267118970710527,26769.24087739975,5.539526661626009,0.6836154977000047,3.378649073571524
NNYM_07-17-2025-10-34-50__Y-Maze_cs-p_female_dosed_1-95_Day1.hdf5,0.5uM,10,inverse,657,0.5792682926829268,0.9114580676716684,0.753035044223483,28492.645807739587,5.513273292482423,0.6666115529874515,3.689734993006297
NNYM_07-17-2025-10-34-50__Y-Maze_cs-p_female_dosed_1-95_Day1.hdf5,0.5uM,11,inverse,961,0.47291666666666665,0.7258000074768962,0.7992835704407355,33050.79066616633,6.100641750759045,0.7127483443708609,3.0705247159504725
NNYM_07-17-2025-10-34-50__Y-Maze_cs-p_female_dosed_1-95_Day1.hdf5,0.5uM,12,inverse,313,0.3525641025641026,0.9226692444164032,3.3885089257343877,13454.100219889786,4.338393147396877,0.42251263848553294,3.6668112038143637
NNYM_07-17-2025-10-34-50__Y-Maze_cs-p_female_dosed_1-95_Day1.hdf5,0.5uM,13,inverse,410,0.4278728606356968,0.9261349625320212,0.9705593121007461,19650.137689851294,4.5986392850553175,0.511451614350178,4.096737300684175
NNYM_07-17-2025-10-34-50__Y-Maze_cs-p_female_dosed_1-95_Day1.hdf5,0.5uM,14,inverse,612,0.6235679214402619,0.9079106825830663,0.8308501435839015,27606.821033248252,5.261576399185933,0.6730027740460945,3.7166117778902406
NNYM_07-17-2025-10-34-50__Y-Maze_cs-p_female_dosed_1-95_Day1.hdf5,0.5uM,15,upright,1186,0.6371308016877637,0.9023323844597716,0.5190412446096255,42736.48096319288,6.829037388868458,0.85144404017896,3.138437144894831
NNYM_07-17-2025-10-34-50__Y-Maze_cs-p_female_dosed_1-95_Day1.hdf5,0.5uM,16,inverse,169,0.3273809523809524,0.8565870672171344,6.749821957210318,7036.1786307104285,5.54678001241337,0.4305104091709883,3.2696863527816347
NNYM_07-17-2025-10-34-50__Y-Maze_cs-p_female_dosed_1-95_Day1.hdf5,0.5uM,17,upright,923,0.46746203904555317,0.7174792606131069,0.6880684189829291,33014.85447466174,5.866845968937456,0.7456556770175515,3.1083926534969955
NNYM_07-17-2025-10-34-50__Y-Maze_cs-p_female_dosed_1-95_Day1.hdf5,0.5uM,18,inverse,538,0.5139664804469274,0.862613352838506,0.9274567952873904,22539.00348790096,4.922216247529016,0.5695097262564915,3.4033789122428897
NNYM_07-17-2025-10-34-50__Y-Maze_cs-p_female_dosed_1-95_Day1.hdf5,0.5uM,19,upright,523,0.6226053639846744,0.7147624825655166,0.9330860034232545,21415.483902790114,4.284531245620162,0.6134382906944054,3.4691200287530677
NNYM_07-17-2025-10-34-50__Y-Maze_cs-p_female_dosed_1-95_Day1.hdf5,0.5uM,20,inverse,475,0.6392405063291139,1.0909472832228142,0.95896317813948,22089.67460154701,4.6913728177557115,0.5768386244543395,3.560181269070297
NNYM_07-17-2025-10-34-50__Y-Maze_cs-p_female_dosed_1-95_Day1.hdf5,0.5uM,21,upright,952,0.4668769716088328,0.7443191057765958,0.770139537777324,34213.71158363776,6.130527363573099,0.7380104329045799,3.046227640456514
NNYM_07-17-2025-10-34-50__Y-Maze_cs-p_female_dosed_1-95_Day1.hdf5,0.5uM,22,inverse,515,0.19844357976653695,1.0661805061546563,1.055723960959536,22495.280861880965,5.061963575428531,0.5518793667639516,3.7161976032107917
NNYM_07-17-2025-10-34-50__Y-Maze_cs-p_female_dosed_1-95_Day1.hdf5,0.5uM,23,upright,166,0.4121212121212121,1.057043071188747,8.857067112070913,6900.360342722966,4.800435091466804,0.41839708561020034,3.0844510452731635
NNYM_07-17-2025-10-34-50__Y-Maze_cs-p_female_dosed_1-95_Day1.hdf5,0.5uM,24,inverse,411,0.45365853658536587,0.9075514818278442,0.9132891640354637,18361.217238303536,4.603627973200041,0.47676140262179045,3.795127284425133
NNYM_07-17-2025-10-34-50__Y-Maze_cs-p_female_dosed_1-95_Day1.hdf5,0.5uM,25,upright,707,0.4348441926345609,0.9927444341442467,0.5885462334275164,29417.48034304646,5.239672312971611,0.7247435485412016,3.615045207952935
NNYM_07-17-2025-10-34-50__Y-Maze_cs-p_female_dosed_1-95_Day1.hdf5,0.5uM,26,inverse,307,0.6797385620915033,0.9262510615847853,2.521115796945967,13249.347058159881,4.991732876578657,0.35280246689642664,3.391607447636473
NNYM_07-17-2025-10-34-50__Y-Maze_cs-p_female_dosed_1-95_Day1.hdf5,0.5uM,27,upright,446,0.48314606741573035,0.9199642008034324,0.7594556013100914,19939.469055984206,4.381782769870178,0.5334928229665071,3.8776237287754056
NNYM_07-17-2025-10-34-50__Y-Maze_cs-p_female_dosed_1-95_Day1.hdf5,0.5uM,28,inverse,739,0.4823848238482385,0.9808646458012574,0.5719742026526414,27085.981068271845,4.9943548698806906,0.6944556398619167,3.2454314171406207
NNYM_07-17-2025-10-34-50__Y-Maze_cs-p_female_dosed_1-95_Day1.hdf5,0.5uM,29,upright,408,0.6609336609336609,1.022149374064959,3.752134239625467,18713.96261230809,4.698111972881603,0.5850852794542115,3.658714443263868
NNYM_07-17-2025-10-34-50__Y-Maze_cs-p_female_dosed_1-95_Day1.hdf5,0.5uM,30,inverse,809,0.2871287128712871,0.908092267373129,0.5751962222877072,32947.33704182815,5.72394190549846,0.7589583061606017,3.486416542570691
NNYM_07-17-2025-10-34-50__Y-Maze_cs-p_female_dosed_1-95_Day1.hdf5,0.5uM,31,upright,291,0.5517241379310345,0.8044566808623903,3.8357735018393355,13189.76880857135,5.016614721381938,0.28645900850015743,3.174238143929187
NNYM_07-17-2025-10-34-50__Y-Maze_cs-p_female_dosed_1-95_Day1.hdf5,0.5uM,32,inverse,679,0.6755162241887905,0.8490887863756866,1.3693946119393283,25787.503555685555,5.515149803231525,0.6148914351955058,3.145586758139607
NNYM_07-17-2025-10-34-50__Y-Maze_cs-p_female_dosed_1-95_Day1.hdf5,0.5uM,33,upright,351,0.43142857142857144,0.8351926809897225,3.0266664078472276,15706.273628339011,4.4769008061362365,0.45660061125899637,3.518364481676521
NNYM_07-17-2025-10-34-50__Y-Maze_cs-p_female_dosed_1-95_Day1.hdf5,0.5uM,34,inverse,384,0.720626631853786,0.9687185096227148,2.9847430852079246,16560.778470561636,4.959531110527012,0.5498800788392582,3.5882827386361456
NNYM_07-17-2025-10-34-50__Y-Maze_cs-p_female_dosed_1-95_Day1.hdf5,0.5uM,35,upright,622,0.40418679549114334,0.9376572176854916,0.6038666089931065,28140.281404892863,5.052636185330639,0.7252821040514851,3.7679344575365725
NNYM_07-17-2025-10-34-50__Y-Maze_cs-p_female_dosed_1-95_Day1.hdf5,0.5uM,36,inverse,214,0.22535211267605634,0.8916863207547171,1.4992624696114751,9713.736899611373,4.943924503538841,0.44052075673507585,3.493367190584978
NNYM_07-17-2025-10-34-50__Y-Maze_cs-p_female_dosed_1-95_Day1.hdf5,0.5uM,37,upright,637,0.49056603773584906,0.945218386163268,2.072362241446253,26132.555168314448,5.312734978146795,0.6588025232933329,3.546223791150363
NNYM_07-17-2025-10-34-50__Y-Maze_cs-p_female_dosed_1-95_Day1.hdf5,0.5uM,38,inverse,511,0.5450980392156862,0.9190682817203997,0.9875949585133783,19068.21819913442,4.428450080602177,0.5347369382535623,3.354955215918452
NNYM_07-17-2025-10-34-50__Y-Maze_cs-p_female_dosed_1-95_Day1.hdf5,0.5uM,39,upright,464,0.43628509719222464,0.7964833634430767,0.6148464326395199,19640.493048250166,4.075906197048126,0.5495631764245664,3.8122897008738557
NNYM_07-17-2025-10-34-50__Y-Maze_cs-p_female_dosed_1-95_Day1.hdf5,0.5uM,40,inverse,401,0.585,0.7019918243760983,2.8672667489125057,16271.193487653214,5.349590302362854,0.42378600823045265,3.3999613463653358
NNYM_07-17-2025-10-34-50__Y-Maze_cs-p_female_dosed_1-95_Day1.hdf5,0.5uM,41,upright,403,0.41044776119402987,1.0254123035334561,2.644562525877498,17136.86694384899,4.871785951032525,0.46105797967722656,3.627465461302154
NNYM_07-17-2025-10-34-50__Y-Maze_cs-p_female_dosed_1-95_Day1.hdf5,0.5uM,42,inverse,524,0.5086042065009561,1.0041287697529973,1.269508160156362,22817.350710935283,4.798800943298262,0.5944098435363816,3.6731456226853836
NNYM_07-17-2025-10-34-50__Y-Maze_cs-p_female_dosed_1-95_Day1.hdf5,0.5uM,43,upright,608,0.4085667215815486,1.0038665038891346,0.5273875898644382,27269.49287300792,4.998190440267285,0.7012665725883727,3.807866591684171
NNYM_07-17-2025-10-34-50__Y-Maze_cs-p_female_dosed_1-95_Day1.hdf5,0.5uM,44,inverse,401,0.2675,0.9657009097973794,1.6866373400854744,17266.307422257123,4.568593283874858,0.4797887175960418,3.6406194606432134
NNYM_07-17-2025-10-34-50__Y-Maze_cs-p_female_dosed_1-95_Day1.hdf5,0.5uM,45,upright,1066,0.5953051643192488,0.7704743045675478,0.4278936314447653,40023.71161255878,6.402964254508438,0.8465647064954014,3.221780219715483
NNYM_07-17-2025-10-34-50__Y-Maze_cs-p_female_dosed_1-95_Day1.hdf5,0.5uM,46,inverse,577,0.5972222222222222,1.0555615215647989,0.46387469381015933,23781.578755285795,4.817998720009963,0.5994130402598646,3.5476264509042963
NNYM_07-17-2025-10-34-50__Y-Maze_cs-p_female_dosed_1-95_Day1.hdf5,0.5uM,47,upright,1,,,,96.65739985241251,13.193630307287506,0.33527696793002915,
NNYM_07-17-2025-10-34-50__Y-Maze_cs-p_female_dosed_1-95_Day1.hdf5,0.5uM,48,inverse,198,0.7208121827411168,0.9634051059604379,4.733327342545496,9587.28053182884,4.470910634608794,0.3491917556330104,3.656045427895882
NNYM_07-17-2025-10-34-50__Y-Maze_cs-p_female_dosed_1-95_Day1.hdf5,0.5uM,49,upright,730,0.6460905349794238,0.9251321741508379,0.66742376525943,29262.01977627578,5.193677869232697,0.7375541125541125,3.3599676126052076
NNYM_07-17-2025-10-34-50__Y-Maze_cs-p_female_dosed_1-95_Day1.hdf5,0.5uM,50,inverse,387,0.5,1.0233766233766233,0.82241321509639,18624.53497165047,4.091271536468808,0.5311166305184356,4.150763327479639
NNYM_07-17-2025-10-34-50__Y-Maze_cs-p_female_dosed_1-95_Day1.hdf5,0.5uM,51,upright,494,0.39553752535496955,0.9861338112606733,0.4646516270322313,20671.30757259476,4.543256629013466,0.5447474897536507,3.827912489273008
NNYM_07-17-2025-10-34-50__Y-Maze_cs-p_female_dosed_1-95_Day1.hdf5,0.5uM,52,inverse,648,0.37712519319938176,0.9192960170063911,0.3485802444561883,24240.934235911198,4.711789242702664,0.6359020726109333,3.37589024336301
NNYM_07-17-2025-10-34-50__Y-Maze_cs-p_female_dosed_1-95_Day1.hdf5,0.5uM,53,upright,550,0.5081967213114754,1.0404255945373204,0.5631400856531431,25441.467255181757,4.6865726980800195,0.6907758275086716,4.013709711636914
NNYM_07-17-2025-10-34-50__Y-Maze_cs-p_female_dosed_1-95_Day1.hdf5,0.5uM,54,inverse,325,0.4722222222222222,1.0558905002444192,2.3939893900802045,16036.953153965558,4.242935419965456,0.5763398049566073,3.967784908285404
NNYM_07-17-2025-10-34-50__Y-Maze_cs-p_female_dosed_1-95_Day1.hdf5,0.5uM,55,upright,682,0.4684287812041116,0.9154144334087573,0.509865247896018,27598.610187676008,5.034627678206059,0.7066912291117359,3.72962717211304
NNYM_07-17-2025-10-34-50__Y-Maze_cs-p_female_dosed_1-95_Day1.hdf5,0.5uM,56,inverse,230,0.4759825327510917,0.8440527925317882,9.986381747001552,9210.642686204203,5.884247123226853,0.6079178575209061,3.182980681708826
NNYM_07-17-2025-10-34-50__Y-Maze_cs-p_female_dosed_1-95_Day1.hdf5,0.5uM,57,upright,315,0.643312101910828,0.9816003023168588,1.4231698951388962,14812.640935903668,4.172109147378018,0.3959199093313185,3.835994633098305
NNYM_07-17-2025-10-34-50__Y-Maze_cs-p_female_dosed_1-95_Day1.hdf5,0.5uM,58,inverse,812,0.3958076448828607,0.8311539116627382,1.4189771869183727,29603.20219965368,6.185900466032473,0.6568981765281755,3.195753510342472
NNYM_07-17-2025-10-34-50__Y-Maze_cs-p_female_dosed_1-95_Day1.hdf5,0.5uM,59,upright,398,0.6246851385390428,0.8832054305776973,3.0824743223409086,17172.15263771694,4.889304088946061,0.49842376320033294,3.422330351419393
NNYM_07-17-2025-10-34-50__Y-Maze_cs-p_female_dosed_1-95_Day1.hdf5,0.5uM,60,inverse,490,0.6400817995910021,0.9206217704429991,6.271371767690848,22273.697693565377,5.514881681744291,0.6929362483502611,3.644435399079465
NNYM_07-17-2025-10-34-50__Y-Maze_cs-p_female_dosed_1-95_Day1.hdf5,0.5uM,61,upright,30,0.4827586206896552,1.14421768707483,1.9802460343264436,2491.5856944699594,3.799540503384853,0.1863247319354736,4.582846301786267
NNYM_07-17-2025-10-34-50__Y-Maze_cs-p_female_dosed_1-95_Day1.hdf5,0.5uM,62,inverse,482,0.47193347193347196,1.1536350116202436,0.6102225022564168,21105.29678835239,4.34303829777047,0.5769317944068624,3.8476390565894416
NNYM_07-17-2025-10-34-50__Y-Maze_cs-p_female_dosed_1-95_Day1.hdf5,0.5uM,63,upright,695,0.5922190201729106,0.95604301221902,0.5546987130259959,27794.124222928767,5.1974230827695145,0.6820921877854229,3.487133001582702
NNYM_07-17-2025-10-34-50__Y-Maze_cs-p_female_dosed_1-95_Day1.hdf5,0.5uM,64,inverse,86,0.2823529411764706,1.1750260213374968,4.996782408760061,5423.376948706135,4.016976322744747,0.24741629935290255,3.3041306847884035
NNYM_07-17-2025-10-34-50__Y-Maze_cs-p_female_dosed_1-95_Day1.hdf5,0.5uM,65,upright,492,0.4847250509164969,0.9437379299545904,0.8787850974760445,22516.29394169504,4.6399567336036895,0.5803490887435082,3.8271987244001817
NNYM_07-17-2025-10-34-50__Y-Maze_cs-p_female_dosed_1-95_Day1.hdf5,0.5uM,66,inverse,411,0.6560975609756098,0.9319046183381755,0.8615277021870739,19693.285581843014,4.577375335511858,0.5623217436924691,3.993238938693489
NNYM_07-17-2025-10-34-50__Y-Maze_cs-p_female_dosed_1-95_Day1.hdf5,0.5uM,67,upright,548,0.4954296160877514,1.0220634190933404,0.7008555109796668,24266.741476607276,4.88865390982774,0.6134736952092367,3.687866477897334
NNYM_07-17-2025-10-34-50__Y-Maze_cs-p_female_dosed_1-95_Day1.hdf5,0.5uM,68,inverse,390,0.5732647814910026,0.9060516951073677,1.7609665791277136,17236.50057620572,4.382154338547975,0.5144352838530689,3.8534971421555357
NNYM_07-17-2025-10-34-50__Y-Maze_cs-p_female_dosed_1-95_Day1.hdf5,0.5uM,69,upright,562,0.5525846702317291,0.8450611608864083,1.9019509888843933,22299.662306099744,4.986901177040779,0.637112422286461,3.4677041260113306
NNYM_07-17-2025-10-34-50__Y-Maze_cs-p_female_dosed_1-95_Day1.hdf5,0.5uM,70,inverse,792,0.4993678887484197,0.977216751718434,0.5967196534849675,32672.09711109878,5.823809724978409,0.7410534395087787,3.6325396039435427
NNYM_07-17-2025-10-34-50__Y-Maze_cs-p_female_dosed_1-95_Day1.hdf5,0.5uM,71,upright,468,0.39400428265524623,0.979648062405504,1.6671511687329472,22343.23897418317,5.2173461092419515,0.520192001133586,3.3922221651181346
NNYM_07-17-2025-10-34-50__Y-Maze_cs-p_female_dosed_1-95_Day1.hdf5,0.5uM,72,inverse,790,0.37389100126742714,0.962226207739018,0.7053670309425082,30880.281424539247,5.597555631184843,0.7158923992872974,3.255017569009524
NNYM_07-17-2025-10-34-50__Y-Maze_cs-p_female_dosed_1-95_Day1.hdf5,0.5uM,73,upright,908,0.538037486218302,0.8259722861712765,0.5111028449804035,36551.817174850745,6.220264348587608,0.786826826130793,3.394143063933994
NNYM_07-17-2025-10-34-50__Y-Maze_cs-p_female_dosed_1-95_Day1.hdf5,0.5uM,74,inverse,667,0.34234234234234234,1.0953721723197685,0.5665358426107421,29072.63107925393,5.462784910037851,0.687117580406171,3.7957241601246454
NNYM_07-17-2025-10-34-50__Y-Maze_cs-p_female_dosed_1-95_Day1.hdf5,0.5uM,75,upright,681,0.5338235294117647,1.0267900298322574,0.37656898372206804,26480.548582665524,4.913931110183507,0.6815214553050745,3.4533348441674017
NNYM_07-17-2025-10-34-50__Y-Maze_cs-p_female_dosed_1-95_Day1.hdf5,0.5uM,76,inverse,1206,0.4730290456431535,0.6863825696818497,0.6883870537311217,41027.71799086372,6.795321856327022,0.8138330233447478,2.926311520993874
NNYM_07-17-2025-10-34-50__Y-Maze_cs-p_female_dosed_1-95_Day1.hdf5,0.5uM,77,upright,510,0.6129666011787819,0.9666671438680962,0.8327684119997137,20920.158091773585,4.70266028292887,0.5334701499110399,3.543301692877053
NNYM_07-17-2025-10-34-50__Y-Maze_cs-p_female_dosed_1-95_Day1.hdf5,0.5uM,78,inverse,422,0.42042755344418054,0.8501020455417512,5.45974358062637,20891.18513806526,4.984472039402855,0.6379221597772993,3.8614675577945805
NNYM_07-17-2025-10-34-50__Y-Maze_cs-p_female_dosed_1-95_Day1.hdf5,0.5uM,79,upright,161,0.54375,0.9506748305867743,3.133133522445539,9009.756186348095,4.229424199013563,0.3543195068202739,4.05448194511558
NNYM_07-17-2025-10-34-50__Y-Maze_cs-p_female_dosed_1-95_Day1.hdf5,0.5uM,80,inverse,512,0.547945205479452,0.9063732917409387,2.6695668765317646,21937.24463230381,5.000610939153617,0.6444112867786078,3.5095304616965546
NNYM_07-17-2025-10-34-50__Y-Maze_cs-p_female_dosed_1-95_Day1.hdf5,0.5uM,81,upright,488,0.4537987679671458,1.091625056580337,0.6763155845824086,24315.929040335872,4.656055416929995,0.6520414061268457,4.161801172067299
NNYM_07-17-2025-10-34-50__Y-Maze_cs-p_female_dosed_1-95_Day1.hdf5,0.5uM,82,inverse,71,0.2571428571428571,1.024247491638796,3.930878817887315,3947.914175387151,4.244396836531912,0.20890295965846406,3.4233821926242456
NNYM_07-17-2025-10-34-50__Y-Maze_cs-p_female_dosed_1-95_Day1.hdf5,0.5uM,83,upright,179,0.5561797752808989,1.1100593288964884,4.249716927926865,9837.6717146272,4.493182669301807,0.396654363614716,3.855011241160746
NNYM_07-17-2025-10-34-50__Y-Maze_cs-p_female_dosed_1-95_Day1.hdf5,0.5uM,84,inverse,821,0.43414634146341463,1.0114402634259279,0.44576123773052106,32331.356264016875,5.564164500805054,0.7736181941067526,3.5591114116443787
NNYM_07-17-2025-10-34-50__Y-Maze_cs-p_female_dosed_1-95_Day1.hdf5,0.5uM,85,upright,457,0.5942982456140351,0.9343318096085624,0.9668790756174545,20115.914238255813,4.59992658663393,0.5223955845672132,3.791799398645271
NNYM_07-17-2025-10-34-50__Y-Maze_cs-p_female_dosed_1-95_Day1.hdf5,0.5uM,86,inverse,896,0.5642458100558659,0.9098767388354736,0.43547078720181315,34847.096330487904,6.100578757918753,0.7546009057828739,3.3254591688939947
NNYM_07-17-2025-10-34-50__Y-Maze_cs-p_female_dosed_1-95_Day1.hdf5,0.5uM,87,upright,393,0.4107142857142857,0.8876398815240136,1.17945214824342,16619.87727445596,4.545699260259337,0.5412731496558761,3.5186314187401666
NNYM_07-17-2025-10-34-50__Y-Maze_cs-p_female_dosed_1-95_Day1.hdf5,0.5uM,88,inverse,944,0.5991516436903499,1.027673581567105,0.3834296378872125,33398.80043051725,5.792706654102093,0.7572509128847157,3.1391468092168084
NNYM_07-17-2025-10-34-50__Y-Maze_cs-p_female_dosed_1-95_Day1.hdf5,0.5uM,89,upright,624,0.5585874799357945,0.9226356059766082,1.3488974787439387,26678.40084088359,5.8064320129298075,0.6206145008911833,3.4071823215176247
NNYM_07-17-2025-10-34-50__Y-Maze_cs-p_female_dosed_1-95_Day1.hdf5,0.5uM,90,inverse,613,0.4411764705882353,0.9858213455077955,0.8718291532256587,26951.800437171667,5.198127557425555,0.6650358342369026,3.7060098096134424
NNYM_07-17-2025-10-34-50__Y-Maze_cs-p_female_dosed_1-95_Day1.hdf5,0.5uM,91,upright,176,0.6914285714285714,1.0909447135936163,1.553409760984694,12141.830281863731,3.8132713377722784,0.38909242732634,4.940644384552873
NNYM_07-17-2025-10-34-50__Y-Maze_cs-p_female_dosed_1-95_Day1.hdf5,0.5uM,92,inverse,876,0.5771428571428572,1.0267286624141418,0.43092631026710726,34444.18883485537,5.96750152228904,0.7674447099185199,3.4622226923663453
NNYM_07-17-2025-10-34-50__Y-Maze_cs-p_female_dosed_1-95_Day1.hdf5,0.5uM,93,upright,594,0.44350758853288363,1.071105707548198,0.7159095549635032,29946.213835968232,5.109063932475029,0.769137186405624,4.126645599937487
NNYM_07-17-2025-10-34-50__Y-Maze_cs-p_female_dosed_1-95_Day1.hdf5,0.5uM,94,inverse,317,0.4525316455696203,1.005891475255637,7.177798342641936,13267.799210514342,4.703832211946726,0.6397404910316754,3.4908985806124964
NNYM_07-17-2025-13-11-41__Y-Maze_cs-p_female_dosed_1-95_Day1.hdf5,0.5uM,0,upright,47,0.391304347826087,0.8396825396825396,0.4733803723288565,1606.3771826692591,5.972913473736022,0.7384225759768451,3.1638302947269232
NNYM_07-17-2025-13-11-41__Y-Maze_cs-p_female_dosed_1-95_Day1.hdf5,0.5uM,1,upright,9,1.0,,0.6622645086638201,406.6305957067714,4.521393798850434,0.3847463398025196,4.413202733773881
NNYM_07-17-2025-13-11-41__Y-Maze_cs-p_female_dosed_1-95_Day1.hdf5,0.5uM,2,upright,38,0.6756756756756757,0.9506944444444445,0.7793086244356201,1379.6453224324275,5.627640114179947,0.6498394577238673,3.1328051927507365
NNYM_07-17-2025-13-11-41__Y-Maze_cs-p_female_dosed_1-95_Day1.hdf5,0.5uM,3,upright,35,0.4117647058823529,0.8132034632034633,0.7687399021484247,1342.953624197819,5.086309054648136,0.6893791140366483,3.249394053201204
NNYM_07-17-2025-13-11-41__Y-Maze_cs-p_female_dosed_1-95_Day1.hdf5,0.5uM,4,upright,50,0.7755102040816326,1.0770035885167462,0.5202729920755531,1846.2974551588507,6.255402137363536,0.7918196119559517,3.073861033037082
NNYM_07-17-2025-13-11-41__Y-Maze_cs-p_female_dosed_1-95_Day1.hdf5,0.5uM,5,upright,37,0.6666666666666666,1.157142857142857,0.45633576153922123,1381.1559889479477,5.140936450165484,0.6973267674991206,3.3498491251026197
NNYM_07-17-2025-13-11-41__Y-Maze_cs-p_female_dosed_1-95_Day1.hdf5,0.5uM,6,upright,47,0.3695652173913043,1.1445571331981068,0.46538935385045416,1585.7158759570464,6.347652334925422,0.7208420254124787,3.322457404963851
NNYM_07-17-2025-13-11-41__Y-Maze_cs-p_female_dosed_1-95_Day1.hdf5,0.5uM,7,inverse,34,0.5757575757575758,1.4073073308270678,0.5474221946785932,1353.3541032413946,4.882928989057583,0.7127158555729984,3.554963807659098
NNYM_07-17-2025-13-11-41__Y-Maze_cs-p_female_dosed_1-95_Day1.hdf5,0.5uM,8,inverse,30,0.5172413793103449,1.0011904761904762,0.6085639897900161,1369.8889766875932,5.1282102510304295,0.6946832777680295,3.402404286827786
NNYM_07-17-2025-13-11-41__Y-Maze_cs-p_female_dosed_1-95_Day1.hdf5,0.5uM,9,inverse,37,0.4444444444444444,1.0414285714285716,0.6899878449728309,1556.2592759924219,5.7611000120345714,0.7315939957112223,3.5889294315743796
NNYM_07-17-2025-13-11-41__Y-Maze_cs-p_female_dosed_1-95_Day1.hdf5,0.5uM,10,inverse,40,0.7435897435897436,1.1041742286751361,0.3880735122952985,1692.499259304822,5.774548785645303,0.786013986013986,3.6224765036649105
NNYM_07-17-2025-13-11-41__Y-Maze_cs-p_female_dosed_1-95_Day1.hdf5,0.5uM,11,inverse,50,0.32653061224489793,0.8999960542929292,0.5211703730087649,1726.0746312364076,6.095754234760205,0.7521412340499912,3.148819503188514
NNYM_07-17-2025-13-11-41__Y-Maze_cs-p_female_dosed_1-95_Day1.hdf5,0.5uM,12,inverse,18,0.35294117647058826,1.231534090909091,0.7598318557160719,764.2459230117632,4.302446090825522,0.37818944425026213,3.876413075487242
NNYM_07-17-2025-13-11-41__Y-Maze_cs-p_female_dosed_1-95_Day1.hdf5,0.5uM,13,inverse,22,0.3333333333333333,0.8999999999999999,0.5835208551002993,1006.2106263685903,4.522747004599085,0.5362344901996043,4.278897653145863
NNYM_07-17-2025-13-11-41__Y-Maze_cs-p_female_dosed_1-95_Day1.hdf5,0.5uM,14,inverse,45,0.5227272727272727,0.8389426549183879,0.45633533113460467,1783.4493294237825,5.93950018448835,0.8120182200420463,3.470890895247089
NNYM_07-17-2025-13-11-41__Y-Maze_cs-p_female_dosed_1-95_Day1.hdf5,0.5uM,15,upright,73,0.5972222222222222,0.7611732947807132,0.23207880047905977,2597.2613070212496,7.651340587680484,0.942667365845132,3.0898741828697824
NNYM_07-17-2025-13-11-41__Y-Maze_cs-p_female_dosed_1-95_Day1.hdf5,0.5uM,16,unknown,0,,,,25.655121861828846,8.816867862198555,0.46,
NNYM_07-17-2025-13-11-41__Y-Maze_cs-p_female_dosed_1-95_Day1.hdf5,0.5uM,17,upright,35,0.5,0.7272727272727273,1.0993640492377772,1272.0567221752021,5.307425040892688,0.6245583038869258,3.12244470384586
NNYM_07-17-2025-13-11-41__Y-Maze_cs-p_female_dosed_1-95_Day1.hdf5,0.5uM,18,inverse,32,0.5161290322580645,1.0677777777777777,0.6665880780154949,1335.499732551235,5.214328476881476,0.6581614819993009,3.52015794004847
NNYM_07-17-2025-13-11-41__Y-Maze_cs-p_female_dosed_1-95_Day1.hdf5,0.5uM,19,upright,27,0.8076923076923077,0.6438095238095238,0.5240467782373333,1126.3078999192655,4.217170350615193,0.691061350810122,3.4693079294858737
NNYM_07-17-2025-13-11-41__Y-Maze_cs-p_female_dosed_1-95_Day1.hdf5,0.5uM,20,inverse,27,0.6153846153846154,1.0985,0.48958136484625636,1178.3632301674604,4.762044564574632,0.6200629150646627,3.7886089345716716
NNYM_07-17-2025-13-11-41__Y-Maze_cs-p_female_dosed_1-95_Day1.hdf5,0.5uM,21,upright,31,0.36666666666666664,1.0394324368916021,0.864822469521396,1385.4205219316345,5.370522000499253,0.6939328277356447,3.323476554409887
NNYM_07-17-2025-13-11-41__Y-Maze_cs-p_female_dosed_1-95_Day1.hdf5,0.5uM,22,inverse,41,0.15,1.0055304172951232,0.31898468311748246,1639.975731353299,5.8955164121805295,0.7415907498248073,3.5112181461094503
NNYM_07-17-2025-13-11-41__Y-Maze_cs-p_female_dosed_1-95_Day1.hdf5,0.5uM,23,upright,46,0.35555555555555557,0.7934952978056428,0.3734433754565811,1546.5164189746065,5.1952535764162855,0.7890228980947387,3.0542743550787206
NNYM_07-17-2025-13-11-41__Y-Maze_cs-p_female_dosed_1-95_Day1.hdf5,0.5uM,24,inverse,31,0.4,0.646551724137931,0.4695939983728318,1265.50138307029,4.9853104448161725,0.6539553032990422,3.751973557799219
NNYM_07-17-2025-13-11-41__Y-Maze_cs-p_female_dosed_1-95_Day1.hdf5,0.5uM,25,upright,42,0.4878048780487805,1.000595238095238,0.37732937524744975,1720.7226278925527,5.77680606761878,0.8081004598514326,3.8586383966550937
NNYM_07-17-2025-13-11-41__Y-Maze_cs-p_female_dosed_1-95_Day1.hdf5,0.5uM,26,inverse,31,0.6333333333333333,1.039432436891602,1.2848197346078034,1254.9311868422715,5.345825966381457,0.606443574225703,3.1213693323651417
NNYM_07-17-2025-13-11-41__Y-Maze_cs-p_female_dosed_1-95_Day1.hdf5,0.5uM,27,upright,25,0.625,0.8347826086956521,0.6631301534312563,1107.2269522540546,4.5274524293182745,0.6104888888888889,3.9982986216952234
NNYM_07-17-2025-13-11-41__Y-Maze_cs-p_female_dosed_1-95_Day1.hdf5,0.5uM,28,inverse,42,0.4146341463414634,1.1845281862745096,0.34049469137670424,1554.9972782764444,5.664582675130226,0.7164335664335665,3.2854098997580414
NNYM_07-17-2025-13-11-41__Y-Maze_cs-p_female_dosed_1-95_Day1.hdf5,0.5uM,29,upright,35,0.4411764705882353,0.9833067517278045,0.49884255378273384,1435.369035938429,5.039534570537182,0.741698706745893,3.4800893752917466
NNYM_07-17-2025-13-11-41__Y-Maze_cs-p_female_dosed_1-95_Day1.hdf5,0.5uM,30,inverse,48,0.2765957446808511,1.1407879205193785,0.38099459562386545,1825.3075985904584,6.150299830699616,0.7958041958041958,3.3599506717159264
NNYM_07-17-2025-13-11-41__Y-Maze_cs-p_female_dosed_1-95_Day1.hdf5,0.5uM,31,upright,30,0.5862068965517241,1.1778711484593838,0.8853546222570075,1201.773811738663,5.068716366722617,0.6052818149592343,3.300952261032961
NNYM_07-17-2025-13-11-41__Y-Maze_cs-p_female_dosed_1-95_Day1.hdf5,0.5uM,32,inverse,3,1.0,,0.6519514557198371,94.83752045781185,5.127733858087613,0.05482897384305835,2.8510255289326376
NNYM_07-17-2025-13-11-41__Y-Maze_cs-p_female_dosed_1-95_Day1.hdf5,0.5uM,33,upright,18,0.35294117647058826,0.4105113636363637,0.6726588367360956,887.6404275967525,4.369997144019368,0.5040485829959515,3.672891157387973
NNYM_07-17-2025-13-11-41__Y-Maze_cs-p_female_dosed_1-95_Day1.hdf5,0.5uM,34,inverse,22,0.6666666666666666,0.8999999999999999,0.8627089627124445,1090.8866105780294,5.029867769666416,0.5256074112917322,4.054313988273335
NNYM_07-17-2025-13-11-41__Y-Maze_cs-p_female_dosed_1-95_Day1.hdf5,0.5uM,35,upright,35,0.35294117647058826,1.061524334251607,0.5045379137286191,1430.5821807717239,5.2103498027006205,0.7195036700454387,3.7985745338708137
NNYM_07-17-2025-13-11-41__Y-Maze_cs-p_female_dosed_1-95_Day1.hdf5,0.5uM,36,inverse,14,0.46153846153846156,1.6765873015873014,1.1520762752782767,632.3814205774665,4.631533894612623,0.6853477380148548,3.3787913276664074
NNYM_07-17-2025-13-11-41__Y-Maze_cs-p_female_dosed_1-95_Day1.hdf5,0.5uM,37,upright,44,0.5348837209302325,0.526371635610766,0.4304232744252109,1658.2985172810918,5.543525267214861,0.8016081104701975,3.322125784580568
NNYM_07-17-2025-13-11-41__Y-Maze_cs-p_female_dosed_1-95_Day1.hdf5,0.5uM,38,inverse,25,0.625,1.1130434782608696,0.4474386820334527,975.8523987109612,4.3761722842305275,0.5270057682223388,3.5195497595436227
NNYM_07-17-2025-13-11-41__Y-Maze_cs-p_female_dosed_1-95_Day1.hdf5,0.5uM,39,upright,18,0.4117647058823529,1.1611607142857143,0.6421772271870871,792.6233834109305,3.733622484637416,0.46949553815334183,4.474303212493339
NNYM_07-17-2025-13-11-41__Y-Maze_cs-p_female_dosed_1-95_Day1.hdf5,0.5uM,40,inverse,27,0.6153846153846154,0.7605,0.6840847067602571,1070.51143782581,5.54721639662115,0.5681585939096668,3.2000631126780674
NNYM_07-17-2025-13-11-41__Y-Maze_cs-p_female_dosed_1-95_Day1.hdf5,0.5uM,41,upright,35,0.4117647058823529,1.4387445887445889,0.3490885790716201,1414.3223199394847,5.008436931065689,0.7326109751835023,3.9457060015562004
NNYM_07-17-2025-13-11-41__Y-Maze_cs-p_female_dosed_1-95_Day1.hdf5,0.5uM,42,inverse,34,0.5151515151515151,0.8132467830882353,0.5487414654315562,1422.9350700598898,5.185671934059423,0.711464522894093,3.5416702382367102
NNYM_07-17-2025-13-11-41__Y-Maze_cs-p_female_dosed_1-95_Day1.hdf5,0.5uM,43,upright,40,0.2564102564102564,1.1731851179673323,0.45968597487640517,1567.2964876535043,5.451198684325464,0.7596574025520014,3.450963513493191
NNYM_07-17-2025-13-11-41__Y-Maze_cs-p_female_dosed_1-95_Day1.hdf5,0.5uM,44,inverse,36,0.4,1.0416666666666667,0.5611207062116922,1433.907970329812,5.2318748774004735,0.7145603915399406,3.26272309796539
NNYM_07-17-2025-13-11-41__Y-Maze_cs-p_female_dosed_1-95_Day1.hdf5,0.5uM,45,upright,53,0.5384615384615384,0.5917366946778712,0.46418155386220566,1979.0983392701692,6.405517921196168,0.8393918210415938,3.2208462035202574
NNYM_07-17-2025-13-11-41__Y-Maze_cs-p_female_dosed_1-95_Day1.hdf5,0.5uM,46,inverse,37,0.7222222222222222,0.7832967032967033,0.40688129266908124,1404.7001276833564,5.0603580630060385,0.7170141930961976,3.236373572883966
NNYM_07-17-2025-13-11-41__Y-Maze_cs-p_female_dosed_1-95_Day1.hdf5,0.5uM,47,unknown,0,,,,,,,
NNYM_07-17-2025-13-11-41__Y-Maze_cs-p_female_dosed_1-95_Day1.hdf5,0.5uM,48,inverse,27,0.5384615384615384,0.9657142857142856,0.37356677980710956,1212.6975247916428,5.1376333793787605,0.577983251919051,4.055548855295977
NNYM_07-17-2025-13-11-41__Y-Maze_cs-p_female_dosed_1-95_Day1.hdf5,0.5uM,49,upright,32,0.7741935483870968,0.6673611111111111,0.3767016913107439,1343.7831512505738,4.791675394824695,0.7263986013986014,3.596464188854648
NNYM_07-17-2025-13-11-41__Y-Maze_cs-p_female_dosed_1-95_Day1.hdf5,0.5uM,50,inverse,36,0.6,0.9191176470588235,0.49773711927402525,1429.3847839399987,5.263813806662767,0.7278424350940018,3.6228727848613946
NNYM_07-17-2025-13-11-41__Y-Maze_cs-p_female_dosed_1-95_Day1.hdf5,0.5uM,51,upright,32,0.41935483870967744,0.8898148148148148,0.38775875094350487,1299.9596622217991,5.038390628595313,0.6587967820916404,3.5967822549966337
NNYM_07-17-2025-13-11-41__Y-Maze_cs-p_female_dosed_1-95_Day1.hdf5,0.5uM,52,inverse,54,0.6037735849056604,0.7636647206959707,0.35192550498673414,1735.3089527750558,6.198370113111692,0.7536589666725445,2.984361725823027
NNYM_07-17-2025-13-11-41__Y-Maze_cs-p_female_dosed_1-95_Day1.hdf5,0.5uM,53,upright,31,0.6,0.9339080459770115,0.4272429337694905,1339.1888656907,4.755039996582911,0.7348365670337353,4.059837365996842
NNYM_07-17-2025-13-11-41__Y-Maze_cs-p_female_dosed_1-95_Day1.hdf5,0.5uM,54,inverse,6,0.0,,1.0759127886549673,498.6155382281577,3.510995491437816,0.2699177202488461,3.810721361622372
NNYM_07-17-2025-13-11-41__Y-Maze_cs-p_female_dosed_1-95_Day1.hdf5,0.5uM,55,upright,39,0.5789473684210527,0.9424140049140048,0.3809435653629419,1494.4923492669996,5.143197857471823,0.8263216679076694,3.4605787894758313
NNYM_07-17-2025-13-11-41__Y-Maze_cs-p_female_dosed_1-95_Day1.hdf5,0.5uM,56,inverse,26,0.48,0.9181356837606839,0.6715938331536662,1150.4452550404606,4.855474310962116,0.6037090385307886,3.688370730342458
NNYM_07-17-2025-13-11-41__Y-Maze_cs-p_female_dosed_1-95_Day1.hdf5,0.5uM,57,upright,26,0.76,1.1421783625730995,0.6690538133059754,1050.6721983755879,4.49164911026055,0.5591284484273414,3.396660101905458
NNYM_07-17-2025-13-11-41__Y-Maze_cs-p_female_dosed_1-95_Day1.hdf5,0.5uM,58,inverse,49,0.5625,0.9078014184397163,0.4842521252962296,1757.7934875840585,6.331343373007287,0.7500442243056784,3.177400705469974
NNYM_07-17-2025-13-11-41__Y-Maze_cs-p_female_dosed_1-95_Day1.hdf5,0.5uM,59,upright,14,0.8461538461538461,1.2803030303030303,2.1466194499748443,668.6427004428078,4.725536462162458,0.4185282522996058,3.336295764368243
NNYM_07-17-2025-13-11-41__Y-Maze_cs-p_female_dosed_1-95_Day1.hdf5,0.5uM,60,inverse,38,0.7567567567567568,0.8299713403880071,0.39519229089016694,1771.0431661729403,5.875033502508145,0.8115384615384615,4.051919799272337
NNYM_07-17-2025-13-11-41__Y-Maze_cs-p_female_dosed_1-95_Day1.hdf5,0.5uM,61,upright,20,0.5263157894736842,0.5570987654320988,0.5278590337474327,856.8290676515537,4.694504915379046,0.5670515097690941,3.8968695473013213
NNYM_07-17-2025-13-11-41__Y-Maze_cs-p_female_dosed_1-95_Day1.hdf5,0.5uM,62,inverse,36,0.5142857142857142,1.1185601691657054,0.27754043407057777,1376.095960643149,4.703345646187769,0.7455972101133391,3.261321078675297
NNYM_07-17-2025-13-11-41__Y-Maze_cs-p_female_dosed_1-95_Day1.hdf5,0.5uM,63,upright,35,0.6470588235294118,0.6634527089072543,0.4450077074231834,1467.4421971607244,5.097092499613,0.7534078993358966,3.8713303786475715
NNYM_07-17-2025-13-11-41__Y-Maze_cs-p_female_dosed_1-95_Day1.hdf5,0.5uM,64,inverse,38,0.2702702702702703,0.9154835390946502,0.4178236614062824,1421.6314038207724,5.099381454479504,0.7068875326939843,3.1155488152527124
NNYM_07-17-2025-13-11-41__Y-Maze_cs-p_female_dosed_1-95_Day1.hdf5,0.5uM,65,upright,37,0.5833333333333334,0.7053061224489796,0.6742421375182936,1441.0837796775609,5.662346873475731,0.6520595968448729,3.266055023048678
NNYM_07-17-2025-13-11-41__Y-Maze_cs-p_female_dosed_1-95_Day1.hdf5,0.5uM,66,inverse,26,0.72,1.2400793650793651,0.358766332956968,1237.336149450826,4.72811933796753,0.6486486486486487,3.7375930152495505
NNYM_07-17-2025-13-11-41__Y-Maze_cs-p_female_dosed_1-95_Day1.hdf5,0.5uM,67,upright,37,0.6111111111111112,1.0218923933209647,0.3197963070974929,1479.743508413363,5.283425942453731,0.7326663156047042,3.6802942091985735
NNYM_07-17-2025-13-11-41__Y-Maze_cs-p_female_dosed_1-95_Day1.hdf5,0.5uM,68,inverse,34,0.5454545454545454,1.2604166666666667,0.4317411893841867,1405.5883059342448,4.944927134574743,0.7382867132867132,3.6881661105492647
NNYM_07-17-2025-13-11-41__Y-Maze_cs-p_female_dosed_1-95_Day1.hdf5,0.5uM,69,upright,28,0.6296296296296297,1.2369909502262444,0.383925242666102,1138.9845753729833,4.505209658848658,0.6373528362468783,3.6801328838335223
NNYM_07-17-2025-13-11-41__Y-Maze_cs-p_female_dosed_1-95_Day1.hdf5,0.5uM,70,inverse,42,0.6829268292682927,0.8658997252747253,0.4864549037504132,1781.7456763039904,6.096976027082353,0.7897220765600419,3.757891707295488
NNYM_07-17-2025-13-11-41__Y-Maze_cs-p_female_dosed_1-95_Day1.hdf5,0.5uM,71,upright,34,0.48484848484848486,0.7506893382352942,0.5727444088635419,1460.9036328471427,5.338904006297317,0.7075686068869079,3.37793456731925
NNYM_07-17-2025-13-11-41__Y-Maze_cs-p_female_dosed_1-95_Day1.hdf5,0.5uM,72,inverse,35,0.5,1.2121212121212122,0.7010291476787734,1396.3616491328603,5.398123102925907,0.6632278370344465,3.213577547745718
NNYM_07-17-2025-13-11-41__Y-Maze_cs-p_female_dosed_1-95_Day1.hdf5,0.5uM,73,upright,39,0.5,1.0810810810810811,0.5168921679966516,1655.9155219591112,6.005549261801368,0.7447148694261858,3.530498691774014
NNYM_07-17-2025-13-11-41__Y-Maze_cs-p_female_dosed_1-95_Day1.hdf5,0.5uM,74,inverse,33,0.25,1.118279569892473,0.5142590692804229,1555.5289571384096,5.339557285642439,0.7711938472295053,4.009540439173376
NNYM_07-17-2025-13-11-41__Y-Maze_cs-p_female_dosed_1-95_Day1.hdf5,0.5uM,75,upright,41,0.425,1.0492491310905634,0.3606572497782415,1542.4184222336535,5.3594442846737405,0.758301293254107,3.382582497586636
NNYM_07-17-2025-13-11-41__Y-Maze_cs-p_female_dosed_1-95_Day1.hdf5,0.5uM,76,inverse,47,0.5652173913043478,0.8590598290598289,0.40772353225789626,1906.3484935725198,6.256777885933988,0.8163585629577956,3.4592372613731217
NNYM_07-17-2025-13-11-41__Y-Maze_cs-p_female_dosed_1-95_Day1.hdf5,0.5uM,77,upright,45,0.5454545454545454,0.844186046511628,0.4453343345387548,1601.8020566333391,5.69011518286588,0.7450296477153819,3.2566520527238625
NNYM_07-17-2025-13-11-41__Y-Maze_cs-p_female_dosed_1-95_Day1.hdf5,0.5uM,78,inverse,27,0.34615384615384615,0.7069281045751634,0.7771071147867818,1308.012466074006,5.006074011709354,0.6645161290322581,4.300972831327163
NNYM_07-17-2025-13-11-41__Y-Maze_cs-p_female_dosed_1-95_Day1.hdf5,0.5uM,79,upright,6,0.4,1.0416666666666667,0.573737639003807,507.38326650901274,3.998373038046898,0.23624062899981715,5.954814445646386
NNYM_07-17-2025-13-11-41__Y-Maze_cs-p_female_dosed_1-95_Day1.hdf5,0.5uM,80,inverse,36,0.5428571428571428,0.7111068111455109,0.4294542221194079,1484.0429299142145,5.4583125328307105,0.7028491522461108,3.799334831702171
NNYM_07-17-2025-13-11-41__Y-Maze_cs-p_female_dosed_1-95_Day1.hdf5,0.5uM,81,upright,40,0.5128205128205128,1.158656509695291,0.4971347438627755,1543.0697925180793,5.20766712954724,0.7845159035302341,3.484100709676144
NNYM_07-17-2025-13-11-41__Y-Maze_cs-p_female_dosed_1-95_Day1.hdf5,0.5uM,82,inverse,28,0.4444444444444444,1.635576923076923,0.5167932668998506,1180.439884838815,4.650511232115236,0.6163258171648314,3.8789170045575245
NNYM_07-17-2025-13-11-41__Y-Maze_cs-p_female_dosed_1-95_Day1.hdf5,0.5uM,83,upright,17,0.4375,1.0835978835978837,0.5469881656675397,887.4847650820927,3.9452438924472015,0.5387994143484627,4.708090653882143
NNYM_07-17-2025-13-11-41__Y-Maze_cs-p_female_dosed_1-95_Day1.hdf5,0.5uM,84,inverse,37,0.3333333333333333,0.8999999999999999,0.5276672868021005,1675.6940339409462,5.53530803195874,0.8140510311080041,3.8259329759063574
NNYM_07-17-2025-13-11-41__Y-Maze_cs-p_female_dosed_1-95_Day1.hdf5,0.5uM,85,upright,26,0.56,0.9300595238095238,0.48602784544220706,1139.0463319418527,4.704696101605814,0.6082344480402733,4.165521210996121
NNYM_07-17-2025-13-11-41__Y-Maze_cs-p_female_dosed_1-95_Day1.hdf5,0.5uM,86,inverse,46,0.6444444444444445,0.6943083855799373,0.462633807502964,1874.6828571850824,6.364358992012884,0.8007073386383731,3.4387507105011723
NNYM_07-17-2025-13-11-41__Y-Maze_cs-p_female_dosed_1-95_Day1.hdf5,0.5uM,87,upright,36,0.5714285714285714,0.7205882352941176,0.5443861865820194,1485.3109630045433,5.291213627827188,0.7360601293480161,3.3456131922221393
NNYM_07-17-2025-13-11-41__Y-Maze_cs-p_female_dosed_1-95_Day1.hdf5,0.5uM,88,inverse,53,0.4807692307692308,1.2174872912127814,0.46530365925717415,1791.0704604495359,6.137828275685943,0.7785739252009787,3.022635266968676
NNYM_07-17-2025-13-11-41__Y-Maze_cs-p_female_dosed_1-95_Day1.hdf5,0.5uM,89,upright,38,0.6486486486486487,1.0969551282051282,0.4687555763757401,1634.1963656054236,5.7820544972509715,0.7628719045073935,3.690939690100791
NNYM_07-17-2025-13-11-41__Y-Maze_cs-p_female_dosed_1-95_Day1.hdf5,0.5uM,90,inverse,41,0.45,1.0878010878010875,0.37233091825386483,1670.0698794988425,5.472927397677953,0.8148925013109596,3.7584462022731415
NNYM_07-17-2025-13-11-41__Y-Maze_cs-p_female_dosed_1-95_Day1.hdf5,0.5uM,91,unknown,0,,,,,,,
NNYM_07-17-2025-13-11-41__Y-Maze_cs-p_female_dosed_1-95_Day1.hdf5,0.5uM,92,inverse,53,0.6153846153846154,0.9526960784313726,0.34523947176244757,1992.937467317428,6.625555270378802,0.8208824046405344,3.3193020769376624
NNYM_07-17-2025-13-11-41__Y-Maze_cs-p_female_dosed_1-95_Day1.hdf5,0.5uM,93,upright,35,0.5,0.9696969696969697,0.6161846281339135,1652.6947664558058,5.443607134342509,0.8140185282293305,3.8367822417150084
NNYM_07-17-2025-13-11-41__Y-Maze_cs-p_female_dosed_1-95_Day1.hdf5,0.5uM,94,inverse,44,0.5348837209302325,0.9091873706004141,0.3259568297341886,1687.083942584496,5.41382072157973,0.8378189444250262,3.3987839592568254
NNYM_10-06-2025-16-26-46__Y-Maze_cs-p_female_dosed_1-98_Day1_on.hdf5,1uM,0,upright,767,0.43342036553524804,0.7958101675700724,0.7333259905656512,32587.5464167077,6.271852615708066,0.6833303130521452,3.8009509497131524
NNYM_10-06-2025-16-26-46__Y-Maze_cs-p_female_dosed_1-98_Day1_on.hdf5,1uM,1,upright,276,0.88,1.002267197522672,0.5721633042439255,14715.437263799522,6.575935735223473,0.6216689555509831,4.160135498618315
NNYM_10-06-2025-16-26-46__Y-Maze_cs-p_female_dosed_1-98_Day1_on.hdf5,1uM,2,unknown,2,,,,3034.9491671222713,4.714047015663192,0.2616810036159171,
NNYM_10-06-2025-16-26-46__Y-Maze_cs-p_female_dosed_1-98_Day1_on.hdf5,1uM,3,upright,62,0.32786885245901637,0.9075609756097561,3.891278059227345,4442.551935814823,4.943616644988593,0.5185059350646593,4.218652829796318
NNYM_10-06-2025-16-26-46__Y-Maze_cs-p_female_dosed_1-98_Day1_on.hdf5,1uM,4,upright,309,0.4902597402597403,0.9710525444387639,6.417114644868453,16707.36792302758,6.054349696110272,0.533193174830556,4.238141590373859
NNYM_10-06-2025-16-26-46__Y-Maze_cs-p_female_dosed_1-98_Day1_on.hdf5,1uM,5,upright,702,0.5934379457917262,0.8289490553306343,0.5860401644339579,31536.512361224643,6.033782974614543,0.6844054378537449,4.141582860874852
NNYM_10-06-2025-16-26-46__Y-Maze_cs-p_female_dosed_1-98_Day1_on.hdf5,1uM,6,upright,175,0.26436781609195403,0.787644901357125,4.541096167256634,10244.31075024788,4.981020898838955,0.4995470577145038,4.774844014218651
NNYM_10-06-2025-16-26-46__Y-Maze_cs-p_female_dosed_1-98_Day1_on.hdf5,1uM,7,inverse,242,0.45643153526970953,0.9320771165857044,1.5144526926864694,15613.069346808084,4.0893710571241275,0.4658969348785563,4.574096210320966
NNYM_10-06-2025-16-26-46__Y-Maze_cs-p_female_dosed_1-98_Day1_on.hdf5,1uM,8,inverse,891,0.6741573033707865,0.8397941636605768,0.5845277842684423,40103.172262476575,7.2827775707392615,0.7461748473329024,3.975231364038575
NNYM_10-06-2025-16-26-46__Y-Maze_cs-p_female_dosed_1-98_Day1_on.hdf5,1uM,9,inverse,735,0.40599455040871935,0.7778360906445573,1.3302985958117677,34511.49511847809,7.412734313947298,0.7023985141813195,4.149552770647075
NNYM_10-06-2025-16-26-46__Y-Maze_cs-p_female_dosed_1-98_Day1_on.hdf5,1uM,10,inverse,838,0.3978494623655914,0.8737917043838097,0.6856139697966255,34722.74178407583,6.9645123614230595,0.6670522911320768,3.8210999463880766
NNYM_10-06-2025-16-26-46__Y-Maze_cs-p_female_dosed_1-98_Day1_on.hdf5,1uM,11,inverse,789,0.5736040609137056,0.8883745343500661,0.7114746392097128,32668.905786331557,6.87068543494514,0.6335711441087786,3.8847892924249208
NNYM_10-06-2025-16-26-46__Y-Maze_cs-p_female_dosed_1-98_Day1_on.hdf5,1uM,12,inverse,123,0.3770491803278688,0.8796357584583089,7.705939110750917,6707.716241413389,6.461107366551136,0.480421293272371,3.8919886743941667
NNYM_10-06-2025-16-26-46__Y-Maze_cs-p_female_dosed_1-98_Day1_on.hdf5,1uM,13,inverse,355,0.6440677966101694,0.9576970045510377,5.784475553634107,19341.971016181582,5.542191719132946,0.5790541809089853,4.441988020828907
NNYM_10-06-2025-16-26-46__Y-Maze_cs-p_female_dosed_1-98_Day1_on.hdf5,1uM,14,inverse,134,0.5112781954887218,0.9247129096393801,2.539025166988987,10141.963660935375,4.9808249337110775,0.4977594790385793,4.725390185970207
NNYM_10-06-2025-16-26-46__Y-Maze_cs-p_female_dosed_1-98_Day1_on.hdf5,1uM,15,unknown,3,,,0.4764738701780004,1863.4807174168238,3.8364626420288896,0.22114494518879416,
NNYM_10-06-2025-16-26-46__Y-Maze_cs-p_female_dosed_1-98_Day1_on.hdf5,1uM,16,inverse,185,0.2608695652173913,0.9210596807028822,2.8306167145323453,25328.24823632882,6.422442032029249,0.5583020400883807,9.969801367616697
NNYM_10-06-2025-16-26-46__Y-Maze_cs-p_female_dosed_1-98_Day1_on.hdf5,1uM,17,upright,425,0.24764150943396226,0.8564758792198265,7.284386491757543,18369.0080266756,5.947360245552862,0.5955122290421364,3.814210502692524
NNYM_10-06-2025-16-26-46__Y-Maze_cs-p_female_dosed_1-98_Day1_on.hdf5,1uM,18,inverse,15,0.2857142857142857,0.7538461538461539,1.7345159117453144,2975.7222526771743,5.01852574612936,0.2717090429139704,5.865098441838093
NNYM_10-06-2025-16-26-46__Y-Maze_cs-p_female_dosed_1-98_Day1_on.hdf5,1uM,19,upright,390,0.4190231362467866,0.693446137532792,5.212720474764251,18131.86027569829,6.910898026417553,0.49452147581480593,3.7132153854382124
NNYM_10-06-2025-16-26-46__Y-Maze_cs-p_female_dosed_1-98_Day1_on.hdf5,1uM,20,inverse,373,0.3790322580645161,0.8188171294210177,0.976233886675836,16617.432410056655,7.455146544947467,0.6152483017594195,3.9195248984548217
NNYM_10-06-2025-16-26-46__Y-Maze_cs-p_female_dosed_1-98_Day1_on.hdf5,1uM,21,upright,153,0.48026315789473684,1.021459158468427,2.225252640205703,15470.330717319152,5.045012713618352,0.4090790544346846,7.948587965736204
NNYM_10-06-2025-16-26-46__Y-Maze_cs-p_female_dosed_1-98_Day1_on.hdf5,1uM,22,inverse,29,0.5357142857142857,0.8934472934472933,1.8020911692606603,4260.855511878367,4.702262795406551,0.2823049713130142,6.40438535910747
NNYM_10-06-2025-16-26-46__Y-Maze_cs-p_female_dosed_1-98_Day1_on.hdf5,1uM,23,upright,472,0.5796178343949044,0.6898317994062675,3.406688888661924,22532.163726441395,6.916258630341274,0.5658684349333133,4.0030955538012005
NNYM_10-06-2025-16-26-46__Y-Maze_cs-p_female_dosed_1-98_Day1_on.hdf5,1uM,24,inverse,473,0.5360169491525424,0.8110022505913296,1.508443795267502,22894.781478532343,6.07950356919855,0.5185096253972299,4.107503137788404
NNYM_10-06-2025-16-26-46__Y-Maze_cs-p_female_dosed_1-98_Day1_on.hdf5,1uM,25,upright,419,0.16985645933014354,0.6972885627853604,0.812936363810979,17737.420517726274,6.74306627701746,0.6340308764817126,3.846662677308562
NNYM_10-06-2025-16-26-46__Y-Maze_cs-p_female_dosed_1-98_Day1_on.hdf5,1uM,26,inverse,7,0.5,1.6,1.0756714018132127,2257.488575706518,4.417846605898513,0.33830571177111146,6.020700772853491
NNYM_10-06-2025-16-26-46__Y-Maze_cs-p_female_dosed_1-98_Day1_on.hdf5,1uM,27,upright,823,0.635036496350365,0.9512338471446371,1.0390024186352171,31327.11696051498,6.270269516139696,0.6650637742476803,3.491764758587256
NNYM_10-06-2025-16-26-46__Y-Maze_cs-p_female_dosed_1-98_Day1_on.hdf5,1uM,28,inverse,738,0.621438263229308,0.9125245705491621,0.6092457554603002,32909.01567763714,6.232031121468798,0.6950190792296056,4.029853283235385
NNYM_10-06-2025-16-26-46__Y-Maze_cs-p_female_dosed_1-98_Day1_on.hdf5,1uM,29,upright,49,0.4166666666666667,1.0942249240121582,4.878496505874109,3705.8085985131697,4.7584706143841,0.36608254510991767,4.385786700280777
NNYM_10-06-2025-16-26-46__Y-Maze_cs-p_female_dosed_1-98_Day1_on.hdf5,1uM,30,inverse,731,0.40821917808219177,0.8631012964889472,0.4923778498591993,33016.12659454235,6.727586926056937,0.6499976307434727,4.057905780295471
NNYM_10-06-2025-16-26-46__Y-Maze_cs-p_female_dosed_1-98_Day1_on.hdf5,1uM,31,upright,893,0.34080717488789236,0.8967379467588323,0.652697028239573,36807.885284781674,7.4403844548019125,0.6626452411500027,3.749487922862918
NNYM_10-06-2025-16-26-46__Y-Maze_cs-p_female_dosed_1-98_Day1_on.hdf5,1uM,32,inverse,514,0.2982456140350877,0.9891831341911766,2.638798636447694,28377.924949062588,6.741620215873517,0.6157394959883609,4.594334186585844
NNYM_10-06-2025-16-26-46__Y-Maze_cs-p_female_dosed_1-98_Day1_on.hdf5,1uM,33,upright,52,0.37254901960784315,1.0267105263157894,5.7107565992284215,4073.6020003522417,5.268858168439899,0.34669569456819593,4.112963301334609
NNYM_10-06-2025-16-26-46__Y-Maze_cs-p_female_dosed_1-98_Day1_on.hdf5,1uM,34,inverse,224,0.852017937219731,0.9646126988232251,3.6502497672529506,13612.471885174684,5.812355842093558,0.49637310500044396,4.922070210865745
NNYM_10-06-2025-16-26-46__Y-Maze_cs-p_female_dosed_1-98_Day1_on.hdf5,1uM,35,upright,1116,0.5919282511210763,0.8231575052715089,0.5888286635128669,44895.23885010782,8.334074241389242,0.7366544172621448,3.665041053906561
NNYM_10-06-2025-16-26-46__Y-Maze_cs-p_female_dosed_1-98_Day1_on.hdf5,1uM,36,inverse,108,0.4766355140186916,0.9832791607208919,5.1862124115395485,7737.049567349231,6.72343183287611,0.4686092241687522,5.2516451427352155
NNYM_10-06-2025-16-26-46__Y-Maze_cs-p_female_dosed_1-98_Day1_on.hdf5,1uM,37,upright,88,0.45977011494252873,0.7724424789708065,5.768951375673427,5867.283773502404,6.309867369852197,0.4272647619983459,4.024226695432166
NNYM_10-06-2025-16-26-46__Y-Maze_cs-p_female_dosed_1-98_Day1_on.hdf5,1uM,38,inverse,956,0.5057591623036649,0.9015871204288008,0.36891741992658855,39026.89879460645,7.429319352612154,0.7077769792762573,3.7706888930046913
NNYM_10-06-2025-16-26-46__Y-Maze_cs-p_female_dosed_1-98_Day1_on.hdf5,1uM,39,upright,44,0.5581395348837209,1.0137061403508771,4.975700702316366,3500.888632565473,5.430979505048494,0.4480412974100116,4.8722728670204996
NNYM_10-06-2025-16-26-46__Y-Maze_cs-p_female_dosed_1-98_Day1_on.hdf5,1uM,40,inverse,761,0.45789473684210524,0.7935058654844394,0.6682085790781946,33525.60451142432,6.62309678763437,0.666424912844358,4.003554279658326
NNYM_10-06-2025-16-26-46__Y-Maze_cs-p_female_dosed_1-98_Day1_on.hdf5,1uM,41,upright,608,0.2883031301482702,0.8766161358199311,0.4392257862070953,29276.15757495726,5.485124800881777,0.6996608329941664,4.569860955253867
NNYM_10-06-2025-16-26-46__Y-Maze_cs-p_female_dosed_1-98_Day1_on.hdf5,1uM,42,inverse,659,0.4787234042553192,0.9758919295775134,1.5931702980007756,32758.42594320867,6.467953789826993,0.6975854610429304,4.207345608462023
NNYM_10-06-2025-16-26-46__Y-Maze_cs-p_female_dosed_1-98_Day1_on.hdf5,1uM,43,upright,818,0.565483476132191,0.9027389903891562,0.7635301377758544,34798.34330007089,6.71884249120293,0.6939711901585219,3.6968431378764257
NNYM_10-06-2025-16-26-46__Y-Maze_cs-p_female_dosed_1-98_Day1_on.hdf5,1uM,44,inverse,407,0.5024630541871922,0.9284175912144592,1.9040196958628393,19311.84067731211,7.90017146292837,0.6455866535054909,3.745424612427209
NNYM_10-06-2025-16-26-46__Y-Maze_cs-p_female_dosed_1-98_Day1_on.hdf5,1uM,45,upright,443,0.3235294117647059,0.8495962284782159,1.5144643401936118,21432.8516647001,5.631877725449621,0.4812802425231738,3.8615139197359767
NNYM_10-06-2025-16-26-46__Y-Maze_cs-p_female_dosed_1-98_Day1_on.hdf5,1uM,46,inverse,694,0.5382395382395382,0.9506470867265107,0.6561861162779602,35583.16244875932,7.187550541808074,0.6595035950765731,4.177904297257682
NNYM_10-06-2025-16-26-46__Y-Maze_cs-p_female_dosed_1-98_Day1_on.hdf5,1uM,47,upright,433,0.32175925925925924,0.9515483010438415,4.718949894188424,18726.968327849234,6.623507619083476,0.545889574268321,3.731993677587279
NNYM_10-06-2025-16-26-46__Y-Maze_cs-p_female_dosed_1-98_Day1_on.hdf5,1uM,48,inverse,24,0.391304347826087,1.145021645021645,0.5802238820414324,2111.5650351335053,6.01757965777877,0.36621368765238427,5.194514782637151
NNYM_10-06-2025-16-26-46__Y-Maze_cs-p_female_dosed_1-98_Day1_on.hdf5,1uM,49,unknown,1,,,,1489.8188232382136,6.80901827497869,0.2026066562830084,
NNYM_10-06-2025-16-26-46__Y-Maze_cs-p_female_dosed_1-98_Day1_on.hdf5,1uM,50,inverse,1077,0.6403345724907064,0.6664534733271531,0.4857168803975623,40948.02567880675,7.742828941040468,0.7150100048672328,3.481640483691569
NNYM_10-06-2025-16-26-46__Y-Maze_cs-p_female_dosed_1-98_Day1_on.hdf5,1uM,51,upright,428,0.5245901639344263,0.9365375080945443,0.6369790042999057,26161.009708026177,6.116458434517524,0.6283358783257658,5.257863414258521
NNYM_10-06-2025-16-26-46__Y-Maze_cs-p_female_dosed_1-98_Day1_on.hdf5,1uM,52,inverse,58,0.631578947368421,1.1127763605442178,3.4341788522418053,5591.77778391506,4.746232798910615,0.33652033936172043,4.783256248495459
NNYM_10-06-2025-16-26-46__Y-Maze_cs-p_female_dosed_1-98_Day1_on.hdf5,1uM,53,upright,107,0.6037735849056604,1.0748724489795918,5.326346588432675,6543.081132852435,4.926064191594545,0.43305613047950725,4.055684375904729
NNYM_10-06-2025-16-26-46__Y-Maze_cs-p_female_dosed_1-98_Day1_on.hdf5,1uM,54,inverse,578,0.3362218370883882,0.9723858982784972,0.573293987840888,32721.420272643732,6.137353555255783,0.7042553095610402,4.720010750689637
NNYM_10-06-2025-16-26-46__Y-Maze_cs-p_female_dosed_1-98_Day1_on.hdf5,1uM,55,upright,52,0.27450980392156865,0.8033976833976834,4.125352495540328,5702.7344609476895,4.288622163748909,0.5142956526999539,5.265216364586063
NNYM_10-06-2025-16-26-46__Y-Maze_cs-p_female_dosed_1-98_Day1_on.hdf5,1uM,56,inverse,498,0.5130784708249497,0.9159492599359125,0.4339801695556517,19971.364498374212,6.9009281888458425,0.7265062997263199,3.50727113523691
NNYM_10-06-2025-16-26-46__Y-Maze_cs-p_female_dosed_1-98_Day1_on.hdf5,1uM,57,upright,80,0.34177215189873417,0.9403216085908395,3.21838247299688,7029.141461176496,4.834247563283622,0.45359260221555614,5.8057441972417045
NNYM_10-06-2025-16-26-46__Y-Maze_cs-p_female_dosed_1-98_Day1_on.hdf5,1uM,58,inverse,806,0.3142857142857143,0.6752459294436907,0.5634620779497355,36943.97164774631,6.973052577089767,0.7143973808525823,3.925574433855613
NNYM_10-06-2025-16-26-46__Y-Maze_cs-p_female_dosed_1-98_Day1_on.hdf5,1uM,59,upright,16,0.4,0.8928571428571429,2.235685662113908,2229.670294428516,4.805815988221735,0.2693525179856115,4.582386576626286
NNYM_10-06-2025-16-26-46__Y-Maze_cs-p_female_dosed_1-98_Day1_on.hdf5,1uM,60,inverse,439,0.3561643835616438,0.9330495080653317,0.8095101764332562,23755.060870931484,5.438631025214891,0.5508420563185411,4.31123236751904
NNYM_10-06-2025-16-26-46__Y-Maze_cs-p_female_dosed_1-98_Day1_on.hdf5,1uM,61,upright,253,0.42857142857142855,0.8540836653386455,0.6593591659544191,13936.812139480022,7.004801686681364,0.6086188607469262,4.5878689686793015
NNYM_10-06-2025-16-26-46__Y-Maze_cs-p_female_dosed_1-98_Day1_on.hdf5,1uM,62,inverse,71,0.6,1.1171497584541064,4.921335210060725,4982.2610085069555,5.338442003475514,0.38833589365771076,4.52305914983362
NNYM_10-06-2025-16-26-46__Y-Maze_cs-p_female_dosed_1-98_Day1_on.hdf5,1uM,63,upright,128,0.6062992125984252,0.8810935889507318,4.613749808132164,8172.078423748035,5.5434651292686,0.4242724138487438,4.617961942577993
NNYM_10-06-2025-16-26-46__Y-Maze_cs-p_female_dosed_1-98_Day1_on.hdf5,1uM,64,inverse,479,0.39748953974895396,1.0591968872215478,2.187317005067286,24657.069709859104,6.621102401326216,0.5947755937575664,4.5363576824973375
NNYM_10-06-2025-16-26-46__Y-Maze_cs-p_female_dosed_1-98_Day1_on.hdf5,1uM,65,upright,221,0.4590909090909091,0.864232848978463,0.7808503082762502,20518.916323018202,4.983278757551971,0.4960063735524656,6.87356072308886
NNYM_10-06-2025-16-26-46__Y-Maze_cs-p_female_dosed_1-98_Day1_on.hdf5,1uM,66,inverse,5,0.5,1.3333333333333333,1.242480766820167,2501.8486720925216,5.305136698350106,0.23804874908810025,6.490429070679329
NNYM_10-06-2025-16-26-46__Y-Maze_cs-p_female_dosed_1-98_Day1_on.hdf5,1uM,67,upright,824,0.3778857837181045,0.8745491207552946,0.7256467824160399,40797.66459723092,7.581699901398738,0.7323299067221272,4.365776795836117
NNYM_10-06-2025-16-26-46__Y-Maze_cs-p_female_dosed_1-98_Day1_on.hdf5,1uM,68,inverse,849,0.32193396226415094,0.9167427941905638,0.42854539784129525,41771.43293541268,7.469211554716459,0.7568427222109511,4.606466393551935
NNYM_10-06-2025-16-26-46__Y-Maze_cs-p_female_dosed_1-98_Day1_on.hdf5,1uM,69,upright,892,0.4287317620650954,0.8808165879629347,1.3998563473452634,34481.752904955385,6.6604168928930925,0.6994314146845343,3.5084758791747226
NNYM_10-06-2025-16-26-46__Y-Maze_cs-p_female_dosed_1-98_Day1_on.hdf5,1uM,70,inverse,522,0.46641074856046066,1.0006698202691409,0.6667033120630145,23093.20774645728,6.282158400353861,0.6551561842007481,3.7782341899723266
NNYM_10-06-2025-16-26-46__Y-Maze_cs-p_female_dosed_1-98_Day1_on.hdf5,1uM,71,upright,23,0.5909090909090909,1.2804232804232805,2.056548124252942,4170.562490192551,4.8161928238532825,0.41573282928616895,4.186509288695344
NNYM_10-06-2025-16-26-46__Y-Maze_cs-p_female_dosed_1-98_Day1_on.hdf5,1uM,72,inverse,678,0.3663220088626292,0.8125158715830839,4.117493261195741,29696.06836740359,7.467791188238559,0.623339735003147,3.632961471044386
NNYM_10-06-2025-16-26-46__Y-Maze_cs-p_female_dosed_1-98_Day1_on.hdf5,1uM,73,upright,1139,0.5448154657293497,0.7766882320716689,0.29550158943901855,46079.525088267685,8.254921244627116,0.7605340544194693,3.643953035962111
NNYM_10-06-2025-16-26-46__Y-Maze_cs-p_female_dosed_1-98_Day1_on.hdf5,1uM,74,inverse,1082,0.39777983348751156,0.7769163223345519,0.5349321744169643,43908.04289803695,8.176848487482117,0.7300455190553041,3.710549361333257
NNYM_10-06-2025-16-26-46__Y-Maze_cs-p_female_dosed_1-98_Day1_on.hdf5,1uM,75,upright,872,0.425947187141217,0.9002060383554855,0.8198642227063558,37078.24163727055,7.1880644322395195,0.6936392823759443,3.7401600112647224
NNYM_10-06-2025-16-26-46__Y-Maze_cs-p_female_dosed_1-98_Day1_on.hdf5,1uM,76,inverse,944,0.43902439024390244,0.8340602787778084,0.783680704239911,40481.70475080458,7.705554167238617,0.7088795560560481,3.7827364805714954
NNYM_10-06-2025-16-26-46__Y-Maze_cs-p_female_dosed_1-98_Day1_on.hdf5,1uM,77,upright,410,0.2762836185819071,0.8396665837167204,0.8638809329500515,22579.030900726375,6.869759919523904,0.6277625165571556,4.5525676730576485
NNYM_10-06-2025-16-26-46__Y-Maze_cs-p_female_dosed_1-98_Day1_on.hdf5,1uM,78,inverse,291,0.6379310344827587,0.9063428232978408,5.173547586515941,17741.784188631984,6.159788005075176,0.5864381414416523,4.489269929980431
NNYM_10-06-2025-16-26-46__Y-Maze_cs-p_female_dosed_1-98_Day1_on.hdf5,1uM,79,upright,410,0.28361858190709044,0.9650522560442325,4.071749696195637,20832.01223766381,6.141117312992997,0.5818866787221217,4.288466299384414
NNYM_10-06-2025-16-26-46__Y-Maze_cs-p_female_dosed_1-98_Day1_on.hdf5,1uM,80,inverse,52,0.49019607843137253,0.8803384615384617,2.545209094701949,4782.87077153589,4.44167934187341,0.40617490940839235,6.220828642137011
NNYM_10-06-2025-16-26-46__Y-Maze_cs-p_female_dosed_1-98_Day1_on.hdf5,1uM,81,upright,637,0.3443396226415094,0.8928331479999908,0.9270271197045292,30122.69587894736,6.140769908621094,0.6461897603357207,3.9917700527417397
NNYM_10-06-2025-16-26-46__Y-Maze_cs-p_female_dosed_1-98_Day1_on.hdf5,1uM,82,inverse,81,0.7625,1.0834307183189347,7.871633599785693,5347.682924529768,5.151193041760102,0.5536268434689233,3.726078120986445
NNYM_10-06-2025-16-26-46__Y-Maze_cs-p_female_dosed_1-98_Day1_on.hdf5,1uM,83,upright,447,0.273542600896861,0.9046797150192496,3.2487651592854054,20617.107037966263,5.3138073403021115,0.596328740075132,4.082758129811073
NNYM_10-06-2025-16-26-46__Y-Maze_cs-p_female_dosed_1-98_Day1_on.hdf5,1uM,84,unknown,1,,,,1815.8848173502172,3.6585487548991753,0.35118312585522143,
NNYM_10-06-2025-16-26-46__Y-Maze_cs-p_female_dosed_1-98_Day1_on.hdf5,1uM,85,upright,340,0.6843657817109144,1.020392378915613,4.746149013940283,16171.062208298225,5.580717492054573,0.6635881635021308,4.24628378519383
NNYM_10-06-2025-16-26-46__Y-Maze_cs-p_female_dosed_1-98_Day1_on.hdf5,1uM,86,inverse,264,0.5779467680608364,0.8606098816775795,2.5327555387353393,14687.521875126607,4.941849161867966,0.5442566373806575,3.8604295352658404
NNYM_10-06-2025-16-26-46__Y-Maze_cs-p_female_dosed_1-98_Day1_on.hdf5,1uM,87,upright,845,0.5793838862559242,0.8834800270888626,1.0017135465499252,35248.9816979299,6.72656847028342,0.6979978901278401,3.588367989481506
NNYM_10-06-2025-16-26-46__Y-Maze_cs-p_female_dosed_1-98_Day1_on.hdf5,1uM,88,inverse,967,0.7236024844720497,0.9119083033730352,0.8254109135340032,38987.24731041487,7.081607634384432,0.7424165606652513,3.6998062178561826
NNYM_10-06-2025-16-26-46__Y-Maze_cs-p_female_dosed_1-98_Day1_on.hdf5,1uM,89,upright,64,0.4126984126984127,0.7652655757494468,3.987548437878895,5521.160659970232,5.59977517451879,0.37467368700499976,4.73776882397164
NNYM_10-06-2025-16-26-46__Y-Maze_cs-p_female_dosed_1-98_Day1_on.hdf5,1uM,90,inverse,465,0.49137931034482757,0.8771505951245578,4.13692970137933,20733.368931930185,5.831404379388613,0.6122586370451972,3.7270280403696874
NNYM_10-06-2025-16-26-46__Y-Maze_cs-p_female_dosed_1-98_Day1_on.hdf5,1uM,91,upright,314,0.5303514376996805,0.8171134958462841,5.454180183599608,15428.689125391003,5.991161784259559,0.5608672855688863,3.888749503487068
NNYM_10-06-2025-16-26-46__Y-Maze_cs-p_female_dosed_1-98_Day1_on.hdf5,1uM,92,inverse,840,0.3933253873659118,0.7751395187485889,1.0113761507930425,35000.35590008955,6.5564706783108875,0.7069203278998815,3.556718013808415
NNYM_10-06-2025-16-26-46__Y-Maze_cs-p_female_dosed_1-98_Day1_on.hdf5,1uM,93,upright,546,0.48256880733944957,0.9091932559671391,0.7218473474191329,23615.664851761278,6.788458626456943,0.6497131784432976,3.8674002628094546
NNYM_10-06-2025-16-26-46__Y-Maze_cs-p_female_dosed_1-98_Day1_on.hdf5,1uM,94,inverse,37,0.3888888888888889,0.6011131725417439,3.102512391033408,5105.806578265443,4.46141658416365,0.4479047234557933,3.691684027120558
NNYM_10-06-2025-16-26-46__Y-Maze_cs-p_female_dosed_1-98_Day1_on.hdf5,1uM,95,upright,444,0.48758465011286684,0.7470669491675581,5.872868053207435,20543.997178660302,6.008714877629515,0.650045276586678,3.785597463973623
NNYM_10-06-2025-16-26-46__Y-Maze_cs-p_female_dosed_1-98_Day1_on.hdf5,1uM,96,inverse,151,0.41333333333333333,0.9825400027554174,4.524235571258703,9530.230904977047,4.610542567622917,0.4952894621959978,3.6616795583872412
NNYM_10-06-2025-16-26-46__Y-Maze_cs-p_female_dosed_1-98_Day1_on.hdf5,1uM,97,unknown,3,,,0.8358947334172633,3122.7889000643386,3.311196008717378,0.3490995429676136,4.800601486614933
NNYM_10-06-2025-18-36-24__Y-Maze_cs-p_female_dosed_1-98_Day1_off.hdf5,1uM,0,inverse,110,0.4954128440366973,1.1852849482479113,2.383105689195943,9082.980952648544,3.9594061132697225,0.4893800777287928,5.087386043217781
NNYM_10-06-2025-18-36-24__Y-Maze_cs-p_female_dosed_1-98_Day1_off.hdf5,1uM,1,upright,557,0.5773381294964028,1.0485087274588167,4.150198295755316,27587.777631988407,5.966413534286025,0.6611436583336727,4.022419587394161
NNYM_10-06-2025-18-36-24__Y-Maze_cs-p_female_dosed_1-98_Day1_off.hdf5,1uM,2,inverse,878,0.6636259977194983,0.935839064034653,0.5269044625334994,38624.98951127121,6.513483373955374,0.8041076001161532,3.749954129963627
NNYM_10-06-2025-18-36-24__Y-Maze_cs-p_female_dosed_1-98_Day1_off.hdf5,1uM,3,upright,391,0.8743589743589744,1.006230806143142,7.573964085887986,18960.026211334607,5.67217887131128,0.6989582984144012,4.123819361210446
NNYM_10-06-2025-18-36-24__Y-Maze_cs-p_female_dosed_1-98_Day1_off.hdf5,1uM,4,inverse,881,0.5909090909090909,0.6565152708497418,0.40904486830104547,40465.09717593188,6.763659781347272,0.8108324320341468,4.095666162166504
NNYM_10-06-2025-18-36-24__Y-Maze_cs-p_female_dosed_1-98_Day1_off.hdf5,1uM,5,upright,6,0.2,0.7812499999999999,0.5455742984229791,908.1945683563317,3.713239229308242,0.3332936082310412,9.766932031434107
NNYM_10-06-2025-18-36-24__Y-Maze_cs-p_female_dosed_1-98_Day1_off.hdf5,1uM,6,inverse,1100,0.5131938125568699,0.7090547396442467,0.619677826558475,42148.243985903944,7.10543137076955,0.8027978434387044,3.4701943995182
NNYM_10-06-2025-18-36-24__Y-Maze_cs-p_female_dosed_1-98_Day1_off.hdf5,1uM,7,upright,380,0.39577836411609496,0.9016074412944866,2.787609817307887,19771.155141245003,6.271735018801053,0.7627060586598159,4.32488889937917
NNYM_10-06-2025-18-36-24__Y-Maze_cs-p_female_dosed_1-98_Day1_off.hdf5,1uM,8,inverse,1014,0.5804540967423495,0.9089084487549961,0.9541724447181458,39443.63259393278,6.878257555785738,0.781931223211166,3.4564456269860284
NNYM_10-06-2025-18-36-24__Y-Maze_cs-p_female_dosed_1-98_Day1_off.hdf5,1uM,9,upright,18,0.5294117647058824,1.12890625,2.485302885196649,3610.3091844962437,4.478498955693665,0.39061223537100576,3.7432904283692703
NNYM_10-06-2025-18-36-24__Y-Maze_cs-p_female_dosed_1-98_Day1_off.hdf5,1uM,10,inverse,136,0.35555555555555557,0.8793585949562532,0.6900931599273784,7618.332280913901,5.672931199888893,0.6212695561752611,3.7928074179051627
NNYM_10-06-2025-18-36-24__Y-Maze_cs-p_female_dosed_1-98_Day1_off.hdf5,1uM,11,upright,792,0.5259165613147914,0.9747707887049659,0.5775015512570563,35501.32423816221,6.185621517569319,0.7673550713178785,3.9759701998573975
NNYM_10-06-2025-18-36-24__Y-Maze_cs-p_female_dosed_1-98_Day1_off.hdf5,1uM,12,inverse,219,0.43577981651376146,1.0495727911438706,4.691875198028845,11904.235627572227,5.357019143170349,0.610051644218493,4.3859978363050995
NNYM_10-06-2025-18-36-24__Y-Maze_cs-p_female_dosed_1-98_Day1_off.hdf5,1uM,13,upright,415,0.4033816425120773,0.9155426880405113,0.8348900613202846,28810.026607978623,5.601790549569758,0.7255377571821635,5.6318734803230495
NNYM_10-06-2025-18-36-24__Y-Maze_cs-p_female_dosed_1-98_Day1_off.hdf5,1uM,14,inverse,171,0.4647058823529412,1.010954441409089,0.6095282095081567,8076.263850499373,6.157094461621675,0.744155567752848,4.094163171645322
NNYM_10-06-2025-18-36-24__Y-Maze_cs-p_female_dosed_1-98_Day1_off.hdf5,1uM,15,upright,92,0.3956043956043956,0.8829349046015713,3.9210165332777933,5757.500373124525,5.534984747712676,0.5561801534940084,3.681841210658902
NNYM_10-06-2025-18-36-24__Y-Maze_cs-p_female_dosed_1-98_Day1_off.hdf5,1uM,16,inverse,158,0.49044585987261147,0.9105888902763903,1.6277081545198087,27100.176977402647,6.045020848716137,0.6024612077127867,11.264129438691107
NNYM_10-06-2025-18-36-24__Y-Maze_cs-p_female_dosed_1-98_Day1_off.hdf5,1uM,17,upright,575,0.289198606271777,0.8404968812731679,0.6886047632299114,29150.510730078422,5.383910460846695,0.708044626817892,4.390224365351994
NNYM_10-06-2025-18-36-24__Y-Maze_cs-p_female_dosed_1-98_Day1_off.hdf5,1uM,18,inverse,17,0.3125,1.5515151515151515,3.642790164614792,3158.163358459174,5.741320983139236,0.39063507414571247,3.6121336823632673
NNYM_10-06-2025-18-36-24__Y-Maze_cs-p_female_dosed_1-98_Day1_off.hdf5,1uM,19,upright,201,0.5,0.7035175879396985,3.0451571698179527,11652.603304981072,5.471030454099839,0.6039469728675088,3.8813551144388674
NNYM_10-06-2025-18-36-24__Y-Maze_cs-p_female_dosed_1-98_Day1_off.hdf5,1uM,20,inverse,762,0.6241787122207622,0.7656472550994711,0.7568059217481492,34362.09048982635,6.096508199506459,0.7550983624807172,3.9728024213616306
NNYM_10-06-2025-18-36-24__Y-Maze_cs-p_female_dosed_1-98_Day1_off.hdf5,1uM,21,unknown,0,,,,,,,
NNYM_10-06-2025-18-36-24__Y-Maze_cs-p_female_dosed_1-98_Day1_off.hdf5,1uM,22,unknown,1,,,,1058.8093651826948,6.650375508420716,0.36149584487534625,
NNYM_10-06-2025-18-36-24__Y-Maze_cs-p_female_dosed_1-98_Day1_off.hdf5,1uM,23,upright,255,0.5354330708661418,0.8024488786604613,6.959344107114071,12640.53540097173,5.814613379798376,0.5780518761636911,3.599816686518063
NNYM_10-06-2025-18-36-24__Y-Maze_cs-p_female_dosed_1-98_Day1_off.hdf5,1uM,24,inverse,294,0.5187713310580204,0.8573728089350453,1.799031839378535,19428.025366265894,4.817438642251873,0.5044651938355399,4.605005079085091
NNYM_10-06-2025-18-36-24__Y-Maze_cs-p_female_dosed_1-98_Day1_off.hdf5,1uM,25,upright,11,0.6,1.3888888888888888,1.9606839085793863,2254.988259271071,3.6377290549894896,0.3764102564102564,6.4414486420629915
NNYM_10-06-2025-18-36-24__Y-Maze_cs-p_female_dosed_1-98_Day1_off.hdf5,1uM,26,inverse,8,0.7142857142857143,1.6333333333333333,2.1677010280145588,1914.4306358697886,4.080295559776972,0.4471562672556599,4.046229714867848
NNYM_10-06-2025-18-36-24__Y-Maze_cs-p_female_dosed_1-98_Day1_off.hdf5,1uM,27,upright,671,0.5761194029850746,0.8722333887149191,3.4591495369047878,30484.58285117869,6.208365808797123,0.7286274140311929,3.9864790876133327
NNYM_10-06-2025-18-36-24__Y-Maze_cs-p_female_dosed_1-98_Day1_off.hdf5,1uM,28,inverse,414,0.639225181598063,1.052477189303605,2.5818145205601675,23558.767688325715,5.26061976300694,0.6389042554765039,4.62056707414821
NNYM_10-06-2025-18-36-24__Y-Maze_cs-p_female_dosed_1-98_Day1_off.hdf5,1uM,29,upright,203,0.3564356435643564,0.889231194455075,0.5534410296774724,9866.728031871971,5.643084801203015,0.709803729226443,4.244779482497035
NNYM_10-06-2025-18-36-24__Y-Maze_cs-p_female_dosed_1-98_Day1_off.hdf5,1uM,30,inverse,567,0.6643109540636042,0.7976438672467272,0.857949612962151,26984.856039358303,5.4042831121849675,0.6443353763518598,4.041667676496197
NNYM_10-06-2025-18-36-24__Y-Maze_cs-p_female_dosed_1-98_Day1_off.hdf5,1uM,31,upright,858,0.3313885647607935,0.8541417130763246,1.1128226875690967,36359.53554315007,7.063770604033613,0.7459461004258238,3.6656219478059286
NNYM_10-06-2025-18-36-24__Y-Maze_cs-p_female_dosed_1-98_Day1_off.hdf5,1uM,32,inverse,447,0.45964125560538116,0.7781032943715609,5.678066486406842,21183.773673267133,6.381002422256221,0.7184592602826071,3.8973190697622115
NNYM_10-06-2025-18-36-24__Y-Maze_cs-p_female_dosed_1-98_Day1_off.hdf5,1uM,33,upright,622,0.6103059581320451,0.976561114045929,0.494918428960323,34397.79564033167,5.847571381869747,0.7885106506090007,4.876401069797051
NNYM_10-06-2025-18-36-24__Y-Maze_cs-p_female_dosed_1-98_Day1_off.hdf5,1uM,34,inverse,927,0.8131749460043196,0.7863238334481685,0.6100466093050928,40676.31038376239,6.929155475329662,0.795411049431668,3.8596177587826874
NNYM_10-06-2025-18-36-24__Y-Maze_cs-p_female_dosed_1-98_Day1_off.hdf5,1uM,35,upright,336,0.5611940298507463,0.8145969242583005,1.609583006765591,14107.344626962584,7.019335207079334,0.66595825731299,3.3743885620647576
NNYM_10-06-2025-18-36-24__Y-Maze_cs-p_female_dosed_1-98_Day1_off.hdf5,1uM,36,inverse,307,0.45751633986928103,1.003969413955588,6.8119710873805115,19416.89112793991,5.48428886690823,0.6642190302454279,4.7008907364419015
NNYM_10-06-2025-18-36-24__Y-Maze_cs-p_female_dosed_1-98_Day1_off.hdf5,1uM,37,unknown,1,,,,1252.7607289187422,4.044037790660716,0.34285964502568894,
NNYM_10-06-2025-18-36-24__Y-Maze_cs-p_female_dosed_1-98_Day1_off.hdf5,1uM,38,inverse,963,0.5623700623700624,0.8160273305459064,0.41457413848841296,38645.06440853965,6.613535270407831,0.7841922663152551,3.62222451952064
NNYM_10-06-2025-18-36-24__Y-Maze_cs-p_female_dosed_1-98_Day1_off.hdf5,1uM,39,upright,215,0.7149532710280374,0.8178149219614986,10.025445728514828,10685.049208535725,5.843790446734279,0.7186645673238863,4.2443618176541955
NNYM_10-06-2025-18-36-24__Y-Maze_cs-p_female_dosed_1-98_Day1_off.hdf5,1uM,40,inverse,697,0.5287356321839081,0.8834936716586435,0.6400873938568215,31450.264956829247,6.023070975555851,0.6955235807064022,4.067256242413648
NNYM_10-06-2025-18-36-24__Y-Maze_cs-p_female_dosed_1-98_Day1_off.hdf5,1uM,41,upright,532,0.4821092278719397,0.5705417962049742,0.5548092947352661,28716.456959320167,5.206292153164542,0.7461561190501773,4.994010688501023
NNYM_10-06-2025-18-36-24__Y-Maze_cs-p_female_dosed_1-98_Day1_off.hdf5,1uM,42,inverse,589,0.5204081632653061,1.0033751729696192,0.5549144291305025,32681.915746888437,5.828013452434477,0.7458599632230904,4.941396924844405
NNYM_10-06-2025-18-36-24__Y-Maze_cs-p_female_dosed_1-98_Day1_off.hdf5,1uM,43,upright,1037,0.5598455598455598,0.8841640875468698,0.5961438444266404,43081.82288773196,7.260102390010345,0.8032644510648153,3.6230443009656614
NNYM_10-06-2025-18-36-24__Y-Maze_cs-p_female_dosed_1-98_Day1_off.hdf5,1uM,44,inverse,204,0.541871921182266,0.7976733157186686,0.7877905794006622,8641.888768859582,6.666097849338905,0.7138380519226166,3.2844621332444563
NNYM_10-06-2025-18-36-24__Y-Maze_cs-p_female_dosed_1-98_Day1_off.hdf5,1uM,45,upright,712,0.3727144866385373,0.7680868057996851,0.605576610669908,29943.001865637725,5.548411846623521,0.6978534149976564,3.5795640091082643
NNYM_10-06-2025-18-36-24__Y-Maze_cs-p_female_dosed_1-98_Day1_off.hdf5,1uM,46,inverse,497,0.5201612903225806,0.8660545919095851,0.9144351963641844,27785.419489956068,5.281437976181706,0.6901163274119095,4.662369233642479
NNYM_10-06-2025-18-36-24__Y-Maze_cs-p_female_dosed_1-98_Day1_off.hdf5,1uM,47,upright,703,0.44017094017094016,0.9870281975342422,0.48442704865875713,29231.598985966622,6.673022747342376,0.8121085896413193,3.6876250610940797
NNYM_10-06-2025-18-36-24__Y-Maze_cs-p_female_dosed_1-98_Day1_off.hdf5,1uM,48,inverse,168,0.3532934131736527,0.8437214016139889,0.7186040481748985,11014.17867593866,5.2036321372569505,0.7031567849588084,4.730706486702387
NNYM_10-06-2025-18-36-24__Y-Maze_cs-p_female_dosed_1-98_Day1_off.hdf5,1uM,49,upright,67,0.5151515151515151,0.8931278280542988,1.443858461819576,3716.359544212851,5.337575479449401,0.6080336480182199,3.767154990814777
NNYM_10-06-2025-18-36-24__Y-Maze_cs-p_female_dosed_1-98_Day1_off.hdf5,1uM,50,inverse,1054,0.49097815764482433,0.5781349941059645,0.7032051684242032,40911.2197037008,6.871268641262721,0.8103808903503895,3.4413951552932858
NNYM_10-06-2025-18-36-24__Y-Maze_cs-p_female_dosed_1-98_Day1_off.hdf5,1uM,51,upright,429,0.48130841121495327,0.9052463481876182,5.441343302840119,22923.145357575384,5.6856752966455,0.7147438981365662,4.209691664297899
NNYM_10-06-2025-18-36-24__Y-Maze_cs-p_female_dosed_1-98_Day1_off.hdf5,1uM,52,inverse,100,0.3939393939393939,0.9188971742543172,0.5421108163727475,5257.874572401557,5.127317169750198,0.6634527150133656,4.405169756869291
NNYM_10-06-2025-18-36-24__Y-Maze_cs-p_female_dosed_1-98_Day1_off.hdf5,1uM,53,upright,515,0.5914396887159533,0.8470426797989125,0.7874037476247879,21465.02676640536,5.95542312594864,0.7635734407784196,3.732094252401516
NNYM_10-06-2025-18-36-24__Y-Maze_cs-p_female_dosed_1-98_Day1_off.hdf5,1uM,54,inverse,633,0.3370253164556962,0.9291428015168359,0.6080293714034978,34187.43045551871,5.88738205301644,0.7769982763838269,4.633820503914996
NNYM_10-06-2025-18-36-24__Y-Maze_cs-p_female_dosed_1-98_Day1_off.hdf5,1uM,55,upright,204,0.5172413793103449,1.0804926921263556,4.028319009312473,17566.56580533384,4.584930544647305,0.6467199932728591,6.347732643335721
NNYM_10-06-2025-18-36-24__Y-Maze_cs-p_female_dosed_1-98_Day1_off.hdf5,1uM,56,inverse,29,0.35714285714285715,0.8065843621399178,4.612946329699064,2059.451642703859,4.495414748324209,0.5031451158920136,3.390013190115963
NNYM_10-06-2025-18-36-24__Y-Maze_cs-p_female_dosed_1-98_Day1_off.hdf5,1uM,57,upright,818,0.4173806609547124,0.8945219049539775,0.3595687814678417,35845.906824091515,6.032377022819251,0.8010681786474826,4.0153235846283515
NNYM_10-06-2025-18-36-24__Y-Maze_cs-p_female_dosed_1-98_Day1_off.hdf5,1uM,58,inverse,857,0.4264018691588785,0.8081533223269185,0.4854410720256873,37183.862647883114,6.282756695871706,0.7973097853989116,3.9049443138886
NNYM_10-06-2025-18-36-24__Y-Maze_cs-p_female_dosed_1-98_Day1_off.hdf5,1uM,59,unknown,3,,,0.994388959009337,1011.5743042642409,3.735519140045513,0.38607101777299546,2.6708099676398582
NNYM_10-06-2025-18-36-24__Y-Maze_cs-p_female_dosed_1-98_Day1_off.hdf5,1uM,60,inverse,778,0.5675675675675675,0.9267170624693177,0.6496773852025699,32750.07507266142,5.9754378289990635,0.7256093844812647,3.6257135158949514
NNYM_10-06-2025-18-36-24__Y-Maze_cs-p_female_dosed_1-98_Day1_off.hdf5,1uM,61,upright,522,0.46833013435700577,0.9615499707503835,2.4405022568156887,27527.362854751445,5.672809715840769,0.7137897045634163,4.435782001275921
NNYM_10-06-2025-18-36-24__Y-Maze_cs-p_female_dosed_1-98_Day1_off.hdf5,1uM,62,inverse,6,0.6,1.5625,1.8733822007891185,1293.8253012195637,4.673418831270937,0.40875712968339084,5.8935938801176695
NNYM_10-06-2025-18-36-24__Y-Maze_cs-p_female_dosed_1-98_Day1_off.hdf5,1uM,63,upright,137,0.6985294117647058,0.8442048209955784,4.110274279864168,8693.633178447875,5.017157449336165,0.5174382925395503,3.9481903672598326
NNYM_10-06-2025-18-36-24__Y-Maze_cs-p_female_dosed_1-98_Day1_off.hdf5,1uM,64,inverse,4,1.0,,1.4053040382284137,1317.5312340846676,4.226748441273828,0.4190412229364546,4.188089963057449
NNYM_10-06-2025-18-36-24__Y-Maze_cs-p_female_dosed_1-98_Day1_off.hdf5,1uM,65,upright,264,0.46387832699619774,0.9822255711434227,0.6780609328589667,20880.471665717927,4.20320031383523,0.6000998343175156,6.418532610615804
NNYM_10-06-2025-18-36-24__Y-Maze_cs-p_female_dosed_1-98_Day1_off.hdf5,1uM,66,inverse,188,0.5828877005347594,0.8402969067366818,8.806447735969137,9979.993259481958,5.328838884337709,0.616886111321417,3.7878277112951957
NNYM_10-06-2025-18-36-24__Y-Maze_cs-p_female_dosed_1-98_Day1_off.hdf5,1uM,67,upright,464,0.4449244060475162,0.7975557585602541,1.215840353213571,24965.87298380622,6.083626303161343,0.7181543158867771,4.385693270793155
NNYM_10-06-2025-18-36-24__Y-Maze_cs-p_female_dosed_1-98_Day1_off.hdf5,1uM,68,inverse,615,0.4169381107491857,0.8723617762720204,1.5571792302828003,33749.432298916836,6.559793789051705,0.6921705445203536,4.6018345099976585
NNYM_10-06-2025-18-36-24__Y-Maze_cs-p_female_dosed_1-98_Day1_off.hdf5,1uM,69,upright,745,0.4946236559139785,0.9018539361515371,0.7581676968330072,37642.52003399305,6.755458568739875,0.7445675667127057,4.406187777402
NNYM_10-06-2025-18-36-24__Y-Maze_cs-p_female_dosed_1-98_Day1_off.hdf5,1uM,70,inverse,154,0.47058823529411764,0.8714364035087719,4.776790541467431,7525.431859223281,5.590740955959326,0.6205714938414971,4.05773756476375
NNYM_10-06-2025-18-36-24__Y-Maze_cs-p_female_dosed_1-98_Day1_off.hdf5,1uM,71,upright,49,0.5833333333333334,0.8316109422492401,3.0842435783813733,3109.1959924212797,4.629007248852727,0.49863486373762583,3.575208236444775
NNYM_10-06-2025-18-36-24__Y-Maze_cs-p_female_dosed_1-98_Day1_off.hdf5,1uM,72,inverse,1040,0.3859480269489894,0.7622017864267161,1.134326031458207,40411.302047249505,6.935578268929564,0.7904544997645764,3.5178552035461155
NNYM_10-06-2025-18-36-24__Y-Maze_cs-p_female_dosed_1-98_Day1_off.hdf5,1uM,73,upright,954,0.3357817418677859,0.7559101924982079,0.3944738397501782,40251.569665965464,6.708511578309432,0.8118621291769773,3.7310670339074132
NNYM_10-06-2025-18-36-24__Y-Maze_cs-p_female_dosed_1-98_Day1_off.hdf5,1uM,74,inverse,769,0.5690104166666666,0.7708779929638354,1.0898665381117065,30430.64804391451,7.319532540336539,0.7586441674042593,3.4768823534264657
NNYM_10-06-2025-18-36-24__Y-Maze_cs-p_female_dosed_1-98_Day1_off.hdf5,1uM,75,upright,803,0.5448877805486284,0.8331820733941199,0.6053885797028148,34611.642778207475,6.019760316469118,0.7661125232208733,3.6677136481771284
NNYM_10-06-2025-18-36-24__Y-Maze_cs-p_female_dosed_1-98_Day1_off.hdf5,1uM,76,inverse,938,0.6125933831376734,0.6640133881680446,1.1789843918384293,37528.14608353634,6.960855402708853,0.7380909211455664,3.5048652940525926
NNYM_10-06-2025-18-36-24__Y-Maze_cs-p_female_dosed_1-98_Day1_off.hdf5,1uM,77,upright,158,0.5286624203821656,1.0418853167347144,2.973764843582931,15889.046251378171,4.174895422489664,0.5610874820029852,5.961976039521082
NNYM_10-06-2025-18-36-24__Y-Maze_cs-p_female_dosed_1-98_Day1_off.hdf5,1uM,78,inverse,117,0.5258620689655172,0.959087669280114,6.747640698303527,6125.224635114333,5.403628684496149,0.6221730691102785,3.9258414082911246
NNYM_10-06-2025-18-36-24__Y-Maze_cs-p_female_dosed_1-98_Day1_off.hdf5,1uM,79,upright,850,0.5206124852767963,0.8788520981223533,0.6020850182792582,36303.28578953503,6.307471695680714,0.7709627902560477,3.726712620038655
NNYM_10-06-2025-18-36-24__Y-Maze_cs-p_female_dosed_1-98_Day1_off.hdf5,1uM,80,inverse,400,0.49624060150375937,0.9196499798858607,7.535031280596851,19078.637211248184,5.324963281536581,0.6680980634118946,3.850115065947169
NNYM_10-06-2025-18-36-24__Y-Maze_cs-p_female_dosed_1-98_Day1_off.hdf5,1uM,81,upright,656,0.45190839694656487,0.9198244732811317,1.022010390232305,30990.736072521187,5.9464875097788585,0.6810048313284692,3.995150274227009
NNYM_10-06-2025-18-36-24__Y-Maze_cs-p_female_dosed_1-98_Day1_off.hdf5,1uM,82,inverse,91,0.5,0.9438202247191011,8.16002753704842,5991.784309832599,5.327813742161224,0.6065767152374426,3.8633278808337663
NNYM_10-06-2025-18-36-24__Y-Maze_cs-p_female_dosed_1-98_Day1_off.hdf5,1uM,83,upright,529,0.4053030303030303,0.7911883252289911,1.5027981493988736,29351.222892565296,5.731395273542612,0.6873825019057411,4.210983223947272
NNYM_10-06-2025-18-36-24__Y-Maze_cs-p_female_dosed_1-98_Day1_off.hdf5,1uM,84,inverse,361,0.5388888888888889,0.9584442355471335,0.7985867088671011,14335.400249260329,7.299889193780623,0.7921556057632922,3.6582494659002394
NNYM_10-06-2025-18-36-24__Y-Maze_cs-p_female_dosed_1-98_Day1_off.hdf5,1uM,85,upright,815,0.40294840294840295,0.9586264844129923,0.4636954070527851,41720.72440781578,7.066450155907346,0.8029629864284451,4.553167411395575
NNYM_10-06-2025-18-36-24__Y-Maze_cs-p_female_dosed_1-98_Day1_off.hdf5,1uM,86,inverse,10,0.6666666666666666,1.6874999999999998,2.2097525043409862,2737.2535378663565,3.7188349263348126,0.3610000130277883,5.067275344449145
NNYM_10-06-2025-18-36-24__Y-Maze_cs-p_female_dosed_1-98_Day1_off.hdf5,1uM,87,upright,915,0.47045951859956237,0.7210271940592029,0.5273726769497695,37309.70239075438,6.528445392171533,0.7669326332271049,3.6014440358287576
NNYM_10-06-2025-18-36-24__Y-Maze_cs-p_female_dosed_1-98_Day1_off.hdf5,1uM,88,inverse,1038,0.8264223722275795,0.8411131897858851,0.5057576489357288,43497.94119201331,7.190675220426666,0.8252493445236433,3.8174662631065033
NNYM_10-06-2025-18-36-24__Y-Maze_cs-p_female_dosed_1-98_Day1_off.hdf5,1uM,89,upright,115,0.6140350877192983,0.9521836570509138,6.53887479458135,7270.225510208535,5.588897437684921,0.6345830497617999,4.195350006668985
NNYM_10-06-2025-18-36-24__Y-Maze_cs-p_female_dosed_1-98_Day1_off.hdf5,1uM,90,inverse,189,0.48936170212765956,0.8453024490428581,8.37084005659503,9319.550401814222,5.652121431752294,0.6062190866914612,3.761390875610821
NNYM_10-06-2025-18-36-24__Y-Maze_cs-p_female_dosed_1-98_Day1_off.hdf5,1uM,91,upright,745,0.5268817204301075,0.7774828516993485,9.498630899919656,28117.551712238354,7.25273739240795,0.7756121958557848,3.2830713182423383
NNYM_10-06-2025-18-36-24__Y-Maze_cs-p_female_dosed_1-98_Day1_off.hdf5,1uM,92,inverse,933,0.37660944206008584,0.7137128124795228,0.606282845125019,40372.55203899616,6.771548979454885,0.807075079687352,3.617334574511193
NNYM_10-06-2025-18-36-24__Y-Maze_cs-p_female_dosed_1-98_Day1_off.hdf5,1uM,93,upright,222,0.42081447963800905,0.8019317418132943,9.780162609669937,10290.343716686159,6.047236476341518,0.6491421902353628,3.553298360538217
NNYM_10-06-2025-18-36-24__Y-Maze_cs-p_female_dosed_1-98_Day1_off.hdf5,1uM,94,inverse,279,0.3669064748201439,0.8858737620417382,0.7579438805403286,11877.671155592661,7.039857068924501,0.7997407230333566,3.653802953097386
NNYM_10-06-2025-18-36-24__Y-Maze_cs-p_female_dosed_1-98_Day1_off.hdf5,1uM,95,upright,210,0.4258373205741627,0.875020032051282,10.07595465223732,8466.773763137204,6.5655335151370835,0.720704845814978,3.388959881056839
NNYM_10-06-2025-18-36-24__Y-Maze_cs-p_female_dosed_1-98_Day1_off.hdf5,1uM,96,inverse,192,0.41361256544502617,0.94396800942229,8.763590478272523,8888.29201791248,6.473465284295458,0.7067430351342767,3.6296437896261002
NNYM_10-06-2025-18-36-24__Y-Maze_cs-p_female_dosed_1-98_Day1_off.hdf5,1uM,97,upright,190,0.544973544973545,0.9009057805661909,3.6173305924943784,13891.861231623612,5.3108681431924,0.6357962372623422,4.515138626339999
NNYM_10-08-2025-08-31-17__Y-Maze_cs-p_female_dosed_1-98_Day1_on.hdf5,1uM,0,inverse,291,0.7551724137931034,0.7298948452052791,2.2810862261984455,15856.411953447896,4.987694789709242,0.5638288456956122,4.228665641609562
NNYM_10-08-2025-08-31-17__Y-Maze_cs-p_female_dosed_1-98_Day1_on.hdf5,1uM,1,upright,98,0.6288659793814433,0.9595737515179112,5.64265001677803,7044.997695601763,5.313806803826979,0.5592068123812326,3.841498374601365
NNYM_10-08-2025-08-31-17__Y-Maze_cs-p_female_dosed_1-98_Day1_on.hdf5,1uM,2,inverse,501,0.44,0.9353121828071727,0.7576964481594896,25827.666139173343,5.021551632341975,0.6601350774108423,4.288019589043279
NNYM_10-08-2025-08-31-17__Y-Maze_cs-p_female_dosed_1-98_Day1_on.hdf5,1uM,3,unknown,2,,,,4117.206238623354,4.594403660040113,0.3744447925689747,
NNYM_10-08-2025-08-31-17__Y-Maze_cs-p_female_dosed_1-98_Day1_on.hdf5,1uM,4,inverse,143,0.4014084507042254,0.9888003278952492,8.567666646637067,9497.213483549132,5.128191334980465,0.5315231715352515,4.328920066212981
NNYM_10-08-2025-08-31-17__Y-Maze_cs-p_female_dosed_1-98_Day1_on.hdf5,1uM,5,upright,178,0.6440677966101694,0.8922590567327409,5.422151070051742,12414.719719150195,4.786453150419454,0.5956731123508324,4.907557503040269
NNYM_10-08-2025-08-31-17__Y-Maze_cs-p_female_dosed_1-98_Day1_on.hdf5,1uM,6,inverse,5,0.25,1.7777777777777777,0.41985057357955785,6221.511428140226,5.57839082158626,0.36251959924526295,
NNYM_10-08-2025-08-31-17__Y-Maze_cs-p_female_dosed_1-98_Day1_on.hdf5,1uM,7,upright,3,0.5,2.0,0.9817553684914854,4142.044648106026,4.524186359685973,0.4766927345847349,
NNYM_10-08-2025-08-31-17__Y-Maze_cs-p_female_dosed_1-98_Day1_on.hdf5,1uM,8,inverse,204,0.3842364532019704,0.9101759329779132,0.6906527240105342,10279.614693229889,5.545993620925049,0.553222202557409,4.268642486618722
NNYM_10-08-2025-08-31-17__Y-Maze_cs-p_female_dosed_1-98_Day1_on.hdf5,1uM,9,upright,25,0.4583333333333333,0.8756460930373973,1.4379309110258465,8532.54998243817,4.426699491516271,0.4317500499633602,4.2512852852986205
NNYM_10-08-2025-08-31-17__Y-Maze_cs-p_female_dosed_1-98_Day1_on.hdf5,1uM,10,inverse,412,0.41119221411192214,0.851244708728079,2.073659012159304,24536.726509402786,5.655340291413186,0.6261663563396135,5.143061001160827
NNYM_10-08-2025-08-31-17__Y-Maze_cs-p_female_dosed_1-98_Day1_on.hdf5,1uM,11,upright,7,0.6666666666666666,0.8999999999999999,0.9659497300863376,4277.67387669285,4.218376234132589,0.44275168100813467,4.68581520064666
NNYM_10-08-2025-08-31-17__Y-Maze_cs-p_female_dosed_1-98_Day1_on.hdf5,1uM,12,inverse,66,0.4,0.87890625,6.152570788041831,6412.314526975172,5.547105933707743,0.5976980149140046,3.8276466613753737
NNYM_10-08-2025-08-31-17__Y-Maze_cs-p_female_dosed_1-98_Day1_on.hdf5,1uM,13,upright,929,0.5107758620689655,1.0468724399921374,0.5271850237078276,38178.4375139254,6.899252536631525,0.7441162566998356,3.804897977835661
NNYM_10-08-2025-08-31-17__Y-Maze_cs-p_female_dosed_1-98_Day1_on.hdf5,1uM,14,inverse,304,0.7194719471947195,0.9269394002208697,3.0304515790301663,16357.70936688314,4.852190814619332,0.554563469831381,4.204312231613824
NNYM_10-08-2025-08-31-17__Y-Maze_cs-p_female_dosed_1-98_Day1_on.hdf5,1uM,15,upright,25,0.7916666666666666,1.318077803203661,0.651545377274946,2256.5573155444204,4.58779537289569,0.5000597633371847,3.814619835905163
NNYM_10-08-2025-08-31-17__Y-Maze_cs-p_female_dosed_1-98_Day1_on.hdf5,1uM,16,inverse,4,0.6666666666666666,1.125,0.6432845578227562,1705.537460088211,4.106755223890666,0.22045874404994673,
NNYM_10-08-2025-08-31-17__Y-Maze_cs-p_female_dosed_1-98_Day1_on.hdf5,1uM,17,upright,346,0.391304347826087,0.9397609819121446,3.247908115932185,16596.216162113342,5.970501296319712,0.5570485602643256,3.8365527613687513
NNYM_10-08-2025-08-31-17__Y-Maze_cs-p_female_dosed_1-98_Day1_on.hdf5,1uM,18,inverse,528,0.3946869070208729,0.7798436567366029,1.5908074027029429,24615.94578319956,6.846644879047679,0.6205471001482382,3.898332147454374
NNYM_10-08-2025-08-31-17__Y-Maze_cs-p_female_dosed_1-98_Day1_on.hdf5,1uM,19,upright,457,0.5745614035087719,0.9305840771332233,1.047014319299842,23691.696469491042,5.902376535688402,0.6088238048801988,4.467403307337321
NNYM_10-08-2025-08-31-17__Y-Maze_cs-p_female_dosed_1-98_Day1_on.hdf5,1uM,20,inverse,415,0.3864734299516908,1.0007440277592419,5.239674080841342,22820.427852016248,6.263216175902232,0.6258239164157873,4.651794405104048
NNYM_10-08-2025-08-31-17__Y-Maze_cs-p_female_dosed_1-98_Day1_on.hdf5,1uM,21,upright,116,0.4,0.9685672514619883,3.7767481427221155,9483.60349543329,5.027568558863391,0.4077353933642795,5.68077270635526
NNYM_10-08-2025-08-31-17__Y-Maze_cs-p_female_dosed_1-98_Day1_on.hdf5,1uM,22,inverse,393,0.4260204081632653,0.8419615670619545,3.931148969948903,21730.799228088646,5.711455590639368,0.6037740698328569,4.790918569767306
NNYM_10-08-2025-08-31-17__Y-Maze_cs-p_female_dosed_1-98_Day1_on.hdf5,1uM,23,upright,351,0.7514285714285714,0.9664429227638354,6.777103679431679,16079.631139488181,5.869369556673732,0.5456667020260952,3.8989112836849156
NNYM_10-08-2025-08-31-17__Y-Maze_cs-p_female_dosed_1-98_Day1_on.hdf5,1uM,24,inverse,493,0.5711382113821138,0.9562199021080088,5.876152021407409,23499.912868715794,6.778481615049234,0.6188889099898083,4.149003555339066
NNYM_10-08-2025-08-31-17__Y-Maze_cs-p_female_dosed_1-98_Day1_on.hdf5,1uM,25,upright,210,0.5406698564593302,0.977621938464375,0.8498816708933946,11407.002700925252,5.561738721718785,0.5569029943699866,4.638959858279895
NNYM_10-08-2025-08-31-17__Y-Maze_cs-p_female_dosed_1-98_Day1_on.hdf5,1uM,26,inverse,5,0.25,1.7777777777777777,0.7366942607619443,3644.6538843268117,3.6146780593819527,0.3171845980366145,3.3773032426088125
NNYM_10-08-2025-08-31-17__Y-Maze_cs-p_female_dosed_1-98_Day1_on.hdf5,1uM,27,upright,117,0.6120689655172413,1.0620507586582295,0.7627845934120455,7496.361848656283,5.219103698144546,0.5243277135293298,4.72013209775863
NNYM_10-08-2025-08-31-17__Y-Maze_cs-p_female_dosed_1-98_Day1_on.hdf5,1uM,28,inverse,61,0.6,0.9180790960451978,0.33825264402255084,4699.573591258843,5.086178140569788,0.5320238068800106,3.9535630334773506
NNYM_10-08-2025-08-31-17__Y-Maze_cs-p_female_dosed_1-98_Day1_on.hdf5,1uM,29,upright,262,0.6551724137931034,0.9022874493927125,0.6214917509687519,18140.724697563244,3.996231143526657,0.5131052854920081,5.618192367775645
NNYM_10-08-2025-08-31-17__Y-Maze_cs-p_female_dosed_1-98_Day1_on.hdf5,1uM,30,inverse,46,0.5555555555555556,0.828409090909091,4.334048779669189,2682.5752681862346,5.728762412523802,0.40870748299319726,4.136061598175207
NNYM_10-08-2025-08-31-17__Y-Maze_cs-p_female_dosed_1-98_Day1_on.hdf5,1uM,31,upright,244,0.5843621399176955,0.8761827367115712,3.9660292296652626,12704.104404196405,5.636543227155861,0.5299736739852696,4.085216818830535
NNYM_10-08-2025-08-31-17__Y-Maze_cs-p_female_dosed_1-98_Day1_on.hdf5,1uM,32,inverse,554,0.7649186256781193,0.8210792443158307,2.5956074354198266,26973.53941870221,6.6908990409695335,0.6252405312807997,4.133691442691698
NNYM_10-08-2025-08-31-17__Y-Maze_cs-p_female_dosed_1-98_Day1_on.hdf5,1uM,33,upright,451,0.5022222222222222,0.9933381070168572,3.302025241003401,22115.31822410166,5.693406865413047,0.5830837009239143,4.368423705764023
NNYM_10-08-2025-08-31-17__Y-Maze_cs-p_female_dosed_1-98_Day1_on.hdf5,1uM,34,inverse,562,0.6327985739750446,1.0028884593971596,0.6652814042723099,29350.976518637362,5.8685859827323155,0.6589938087811333,4.3170832222342606
NNYM_10-08-2025-08-31-17__Y-Maze_cs-p_female_dosed_1-98_Day1_on.hdf5,1uM,35,upright,122,0.371900826446281,0.92754873294347,4.635079980185955,8054.188992339142,6.500903652462458,0.4708766245201282,4.256031986841655
NNYM_10-08-2025-08-31-17__Y-Maze_cs-p_female_dosed_1-98_Day1_on.hdf5,1uM,36,inverse,389,0.6701030927835051,0.9584799244682966,6.049079224470347,20078.105334547905,6.041296234946041,0.6019685769805388,4.315833046617614
NNYM_10-08-2025-08-31-17__Y-Maze_cs-p_female_dosed_1-98_Day1_on.hdf5,1uM,37,unknown,2,,,,2125.310594966906,5.379636352063313,0.229366920782234,
NNYM_10-08-2025-08-31-17__Y-Maze_cs-p_female_dosed_1-98_Day1_on.hdf5,1uM,38,inverse,796,0.4540880503144654,1.0008823934464637,0.43750840162883314,37684.78722486559,6.916631871603163,0.7339147068223263,4.162416966232419
NNYM_10-08-2025-08-31-17__Y-Maze_cs-p_female_dosed_1-98_Day1_on.hdf5,1uM,39,upright,360,0.5598885793871866,0.9635442228782543,3.816796559085441,17280.06271361522,5.999494067286873,0.6209187141885987,3.9689844107639667
NNYM_10-08-2025-08-31-17__Y-Maze_cs-p_female_dosed_1-98_Day1_on.hdf5,1uM,40,inverse,485,0.5371900826446281,0.9993174527336018,3.219424303321111,25103.658635886717,5.631369040022607,0.6644465104105608,3.9716465508518626
NNYM_10-08-2025-08-31-17__Y-Maze_cs-p_female_dosed_1-98_Day1_on.hdf5,1uM,41,upright,688,0.3304221251819505,0.8664258924627668,0.39553738848152387,28343.001063075095,5.324638089381935,0.6908369119908938,3.735580830564924
NNYM_10-08-2025-08-31-17__Y-Maze_cs-p_female_dosed_1-98_Day1_on.hdf5,1uM,42,inverse,38,0.5135135135135135,0.8895386614684859,2.558562418401951,5553.750401028779,4.5115313076833425,0.4965509982674029,4.691249375561241
NNYM_10-08-2025-08-31-17__Y-Maze_cs-p_female_dosed_1-98_Day1_on.hdf5,1uM,43,upright,240,0.6485355648535565,1.08757664356065,1.8709738331994858,15674.557316552105,5.209538862355413,0.5457963897136634,4.795432419311508
NNYM_10-08-2025-08-31-17__Y-Maze_cs-p_female_dosed_1-98_Day1_on.hdf5,1uM,44,inverse,7,0.5,0.8,0.925745915185123,3240.503711803879,4.857632713907263,0.25800758546374,8.228486594197879
NNYM_10-08-2025-08-31-17__Y-Maze_cs-p_female_dosed_1-98_Day1_on.hdf5,1uM,45,upright,629,0.40923566878980894,0.9004868291959817,0.5867179885864174,33089.98268703588,6.434991818982888,0.6826311516877066,4.499402179282372
NNYM_10-08-2025-08-31-17__Y-Maze_cs-p_female_dosed_1-98_Day1_on.hdf5,1uM,46,unknown,0,,,,,,,
NNYM_10-08-2025-08-31-17__Y-Maze_cs-p_female_dosed_1-98_Day1_on.hdf5,1uM,47,upright,387,0.5310880829015544,0.8291795308855004,7.3330923743061405,18850.537451272543,6.373963211182587,0.5991351288175955,3.9115004888085303
NNYM_10-08-2025-08-31-17__Y-Maze_cs-p_female_dosed_1-98_Day1_on.hdf5,1uM,48,unknown,1,,,,561.9656180215611,4.204461854457172,0.21442315092742245,
NNYM_10-08-2025-08-31-17__Y-Maze_cs-p_female_dosed_1-98_Day1_on.hdf5,1uM,49,upright,6,0.2,1.5624999999999998,1.1932931315390265,1964.6499407450558,4.507108395658182,0.21519251262567762,
NNYM_10-08-2025-08-31-17__Y-Maze_cs-p_female_dosed_1-98_Day1_on.hdf5,1uM,50,inverse,532,0.352165725047081,0.7815287013724472,4.579288257961583,23811.802859352483,6.888348033875908,0.6501260430568474,3.8465318121325467
NNYM_10-08-2025-08-31-17__Y-Maze_cs-p_female_dosed_1-98_Day1_on.hdf5,1uM,51,upright,1,,,,1441.1847676545767,5.189069455752537,0.34248478266360216,
NNYM_10-08-2025-08-31-17__Y-Maze_cs-p_female_dosed_1-98_Day1_on.hdf5,1uM,52,inverse,911,0.34395604395604396,0.7410437020925804,0.3048329252971158,35106.11199686412,6.532383857154686,0.7194131880006578,3.636055955240272
NNYM_10-08-2025-08-31-17__Y-Maze_cs-p_female_dosed_1-98_Day1_on.hdf5,1uM,53,upright,133,0.6590909090909091,1.1211371413529876,1.020602068960325,7602.333483493151,6.135187229049521,0.46862242409887,3.9402324961283512
NNYM_10-08-2025-08-31-17__Y-Maze_cs-p_female_dosed_1-98_Day1_on.hdf5,1uM,54,inverse,148,0.29931972789115646,0.8491125512338439,5.2141856695694555,7861.269923459677,5.185989660517886,0.5942010822287425,3.9255430684271113
NNYM_10-08-2025-08-31-17__Y-Maze_cs-p_female_dosed_1-98_Day1_on.hdf5,1uM,55,upright,327,0.5828220858895705,1.0250483448440104,1.4403695802049188,19743.04936497609,5.186391031582442,0.5718344774432522,4.2191416260746895
NNYM_10-08-2025-08-31-17__Y-Maze_cs-p_female_dosed_1-98_Day1_on.hdf5,1uM,56,inverse,362,0.556786703601108,0.8442228959369817,8.414865901782726,15536.868119081882,6.0606770652991715,0.6513705629868508,3.4657323003160276
NNYM_10-08-2025-08-31-17__Y-Maze_cs-p_female_dosed_1-98_Day1_on.hdf5,1uM,57,upright,3,1.0,,0.10844114215275968,4395.132089704744,5.191661817122781,0.4618840796765014,10.522332278796032
NNYM_10-08-2025-08-31-17__Y-Maze_cs-p_female_dosed_1-98_Day1_on.hdf5,1uM,58,inverse,133,0.5606060606060606,1.1311226994301489,1.1033877460424577,10371.812456572468,4.601985490826835,0.48348856900931414,5.446856952095692
NNYM_10-08-2025-08-31-17__Y-Maze_cs-p_female_dosed_1-98_Day1_on.hdf5,1uM,59,upright,182,0.5469613259668509,0.9640599764583505,7.179315459250708,10476.298941766356,5.7373370841781925,0.5590033041181682,4.080325788764291
NNYM_10-08-2025-08-31-17__Y-Maze_cs-p_female_dosed_1-98_Day1_on.hdf5,1uM,60,inverse,334,0.37537537537537535,1.0790866543095459,0.4919837364946305,25376.745746082066,5.119731328562484,0.6312770829663554,6.6608778472665
NNYM_10-08-2025-08-31-17__Y-Maze_cs-p_female_dosed_1-98_Day1_on.hdf5,1uM,61,upright,118,0.4444444444444444,0.8379310344827586,3.051602543949278,6814.369633133859,5.389156089716757,0.41063783838717466,4.467916897848717
NNYM_10-08-2025-08-31-17__Y-Maze_cs-p_female_dosed_1-98_Day1_on.hdf5,1uM,62,inverse,564,0.5186500888099467,0.9550654404559937,0.6170974480709506,30642.770343015785,6.529652502981439,0.6740434842200913,4.6723073500113905
NNYM_10-08-2025-08-31-17__Y-Maze_cs-p_female_dosed_1-98_Day1_on.hdf5,1uM,63,upright,562,0.6631016042780749,0.8832735580791456,0.6473812183618642,29625.859602133496,6.003104027011112,0.6507698857588874,4.478435152256084
NNYM_10-08-2025-08-31-17__Y-Maze_cs-p_female_dosed_1-98_Day1_on.hdf5,1uM,64,inverse,781,0.7064102564102565,0.7829881548251018,0.4386169619965995,34103.89448599838,6.439218815756953,0.7078056421179195,3.907912961768629
NNYM_10-08-2025-08-31-17__Y-Maze_cs-p_female_dosed_1-98_Day1_on.hdf5,1uM,65,unknown,2,,,,4397.09231709829,5.706523332416784,0.27940578392008103,
NNYM_10-08-2025-08-31-17__Y-Maze_cs-p_female_dosed_1-98_Day1_on.hdf5,1uM,66,inverse,22,0.38095238095238093,0.6360576923076923,1.7401709211425744,4953.73054481582,4.668865440843855,0.25605493668986073,5.9179513249228055
NNYM_10-08-2025-08-31-17__Y-Maze_cs-p_female_dosed_1-98_Day1_on.hdf5,1uM,67,unknown,0,,,,3441.690397990546,4.873076331924423,0.2826345858432435,
NNYM_10-08-2025-08-31-17__Y-Maze_cs-p_female_dosed_1-98_Day1_on.hdf5,1uM,68,inverse,38,0.40540540540540543,1.037121212121212,3.003197723448609,6024.213843715528,3.8978684635201093,0.38253450986241955,7.269133765769018
NNYM_10-08-2025-08-31-17__Y-Maze_cs-p_female_dosed_1-98_Day1_on.hdf5,1uM,69,upright,190,0.5185185185185185,0.9587619826981528,0.6683627962343129,9178.126175311818,5.666384551101035,0.5618294821539096,3.7867479260421897
NNYM_10-08-2025-08-31-17__Y-Maze_cs-p_female_dosed_1-98_Day1_on.hdf5,1uM,70,inverse,149,0.6891891891891891,0.6351526117693453,5.664283364179968,9318.872201406068,5.015134472208289,0.4830273221229367,3.673739565096863
NNYM_10-08-2025-08-31-17__Y-Maze_cs-p_female_dosed_1-98_Day1_on.hdf5,1uM,71,upright,764,0.3800786369593709,0.9663499868067998,5.333900129073567,30107.4186657555,7.00506249048371,0.7156057132780814,3.424981696313795
NNYM_10-08-2025-08-31-17__Y-Maze_cs-p_female_dosed_1-98_Day1_on.hdf5,1uM,72,inverse,376,0.2853333333333333,0.8129504036616358,7.112165290535893,20006.934560801477,6.391213636961138,0.5989168792145627,3.5029029803820926
NNYM_10-08-2025-08-31-17__Y-Maze_cs-p_female_dosed_1-98_Day1_on.hdf5,1uM,73,upright,484,0.6542443064182195,0.9400858912984474,0.6701253210705895,27788.92116479208,6.207779689331069,0.6938568019882184,4.766003449113635
NNYM_10-08-2025-08-31-17__Y-Maze_cs-p_female_dosed_1-98_Day1_on.hdf5,1uM,74,inverse,3,1.0,,0.9037036748654632,4216.321946682028,4.160403319627351,0.27718552810983926,11.202316080783005
NNYM_10-08-2025-08-31-17__Y-Maze_cs-p_female_dosed_1-98_Day1_on.hdf5,1uM,75,upright,477,0.6680672268907563,1.148739247210455,0.5841492947699303,29359.103378384883,6.01411898427837,0.6390795812160587,5.13342523413936
NNYM_10-08-2025-08-31-17__Y-Maze_cs-p_female_dosed_1-98_Day1_on.hdf5,1uM,76,inverse,338,0.40059347181008903,0.7746676205318944,8.1024421171977,13689.486009140388,7.359649632458422,0.5650737259263658,3.3970867307819064
NNYM_10-08-2025-08-31-17__Y-Maze_cs-p_female_dosed_1-98_Day1_on.hdf5,1uM,77,upright,512,0.7455968688845401,0.9045057857586807,6.615330372213404,22408.36400506719,6.6664054603279315,0.6563171730171552,3.731215709167205
NNYM_10-08-2025-08-31-17__Y-Maze_cs-p_female_dosed_1-98_Day1_on.hdf5,1uM,78,inverse,448,0.6465324384787472,0.9811270687934527,5.927401889275617,20605.82984502422,6.35156919794362,0.6581992114278327,4.043538604270571
NNYM_10-08-2025-08-31-17__Y-Maze_cs-p_female_dosed_1-98_Day1_on.hdf5,1uM,79,upright,618,0.37925445705024313,0.8654036256027119,2.5526901937827464,29529.752335040692,6.381183620476259,0.6687275087920177,4.126528803646495
NNYM_10-08-2025-08-31-17__Y-Maze_cs-p_female_dosed_1-98_Day1_on.hdf5,1uM,80,inverse,826,0.22424242424242424,0.9069270081671477,0.5075019081519136,35988.905601341605,6.528693812482186,0.7390299308637219,4.007009058609185
NNYM_10-08-2025-08-31-17__Y-Maze_cs-p_female_dosed_1-98_Day1_on.hdf5,1uM,81,upright,553,0.5579710144927537,0.8204665525780636,2.7247523197024637,25993.357848500727,5.824332264751275,0.6296092572741391,4.188395492785542
NNYM_10-08-2025-08-31-17__Y-Maze_cs-p_female_dosed_1-98_Day1_on.hdf5,1uM,82,inverse,643,0.7274143302180686,0.9598799673002522,0.609540860430047,29682.557666732646,5.484300880274274,0.7115582355708204,4.099212217871251
NNYM_10-08-2025-08-31-17__Y-Maze_cs-p_female_dosed_1-98_Day1_on.hdf5,1uM,83,upright,797,0.7864321608040201,0.7114745301339538,0.47284922748890085,31742.611038637744,5.851065760363634,0.714714665325887,3.724735080947784
NNYM_10-08-2025-08-31-17__Y-Maze_cs-p_female_dosed_1-98_Day1_on.hdf5,1uM,84,inverse,476,0.3684210526315789,0.7797367892304602,2.066040973391543,21476.550417864073,5.916862103692991,0.6286136950580448,3.917067655854823
NNYM_10-08-2025-08-31-17__Y-Maze_cs-p_female_dosed_1-98_Day1_on.hdf5,1uM,85,upright,8,0.14285714285714285,1.3611111111111112,1.872752324218588,3934.2184411790304,4.3335200256871245,0.3876661930615279,14.081622908248704
NNYM_10-08-2025-08-31-17__Y-Maze_cs-p_female_dosed_1-98_Day1_on.hdf5,1uM,86,inverse,652,0.42857142857142855,0.7569871794871795,1.7784050501289923,26769.881326019386,6.225590409393551,0.673026495531502,3.5730710490178472
NNYM_10-08-2025-08-31-17__Y-Maze_cs-p_female_dosed_1-98_Day1_on.hdf5,1uM,87,upright,132,0.5801526717557252,0.8053100846521899,4.777856438570532,8057.771567765525,4.897145835633059,0.5689803829829897,4.145139428977785
NNYM_10-08-2025-08-31-17__Y-Maze_cs-p_female_dosed_1-98_Day1_on.hdf5,1uM,88,inverse,605,0.45364238410596025,0.7627758134785044,0.8338841109431602,27358.026503269113,5.5638545862225435,0.6414153202035635,3.8392756212801773
NNYM_10-08-2025-08-31-17__Y-Maze_cs-p_female_dosed_1-98_Day1_on.hdf5,1uM,89,upright,258,0.556420233463035,0.8941983010136793,0.9893324940009102,16163.024054347752,5.562222467744485,0.5819462778548538,4.366747976702131
NNYM_10-08-2025-08-31-17__Y-Maze_cs-p_female_dosed_1-98_Day1_on.hdf5,1uM,90,inverse,408,0.41277641277641275,0.878965258372863,3.1690630462196485,20563.38582874118,5.172651748281523,0.6481920214420753,4.050078746763726
NNYM_10-08-2025-08-31-17__Y-Maze_cs-p_female_dosed_1-98_Day1_on.hdf5,1uM,91,unknown,3,,,0.9913407458283204,1167.2736420086462,4.0893031341832184,0.1513242868304817,5.942404003565858
NNYM_10-08-2025-08-31-17__Y-Maze_cs-p_female_dosed_1-98_Day1_on.hdf5,1uM,92,inverse,689,0.5058139534883721,0.6784032249651354,0.8259214179733698,30646.274141864706,5.997539819724455,0.6958081547908724,3.733422803705625
NNYM_10-08-2025-08-31-17__Y-Maze_cs-p_female_dosed_1-98_Day1_on.hdf5,1uM,93,upright,378,0.3925729442970822,1.0316666473102294,6.446423322052663,18088.483050462346,6.055977754306872,0.6195204246043029,3.9699260107425793
NNYM_10-08-2025-08-31-17__Y-Maze_cs-p_female_dosed_1-98_Day1_on.hdf5,1uM,94,inverse,147,0.5273972602739726,0.8162438261388787,7.373500008397524,9636.649182099063,5.538171706961504,0.5411888124322114,3.828476544232596
NNYM_10-08-2025-08-31-17__Y-Maze_cs-p_female_dosed_1-98_Day1_on.hdf5,1uM,95,upright,87,0.45348837209302323,0.8544526812361605,2.422053078325927,11136.276791756536,4.4722347032450696,0.4647935254978506,4.1272156725653915
NNYM_10-08-2025-08-31-17__Y-Maze_cs-p_female_dosed_1-98_Day1_on.hdf5,1uM,96,inverse,573,0.49475524475524474,0.8512320146794533,0.863761050459628,29912.992480300887,5.722163944903834,0.6849898776122006,4.6154238528310225
NNYM_10-08-2025-08-31-17__Y-Maze_cs-p_female_dosed_1-98_Day1_on.hdf5,1uM,97,upright,176,0.4,0.9937739463601533,6.662242040219429,8459.16921983577,5.449874787977919,0.5463992442409709,3.8858905290335617
NNYM_10-08-2025-13-44-40__Y-Maze_cs-p_female_dosed_1-98_Day1_off.hdf5,1uM,0,inverse,1250,0.6901521216973578,0.7194378611310569,0.37945955222465383,51919.839916876284,8.160584571840534,0.8781538887424905,3.774812547441265
NNYM_10-08-2025-13-44-40__Y-Maze_cs-p_female_dosed_1-98_Day1_off.hdf5,1uM,1,upright,744,0.6352624495289367,0.9044672084615449,0.5885379442929825,35328.0089317277,6.49477392452332,0.8389899742297457,4.062277501756242
NNYM_10-08-2025-13-44-40__Y-Maze_cs-p_female_dosed_1-98_Day1_off.hdf5,1uM,2,inverse,688,0.3813682678311499,0.8372177595138383,0.5999376598656899,35606.60049615803,5.906163334647371,0.8176835493992541,4.371473380704474
NNYM_10-08-2025-13-44-40__Y-Maze_cs-p_female_dosed_1-98_Day1_off.hdf5,1uM,3,upright,518,0.5203094777562862,0.9744760045727043,2.17133673107374,29598.02360347066,5.627519325921607,0.7695773282567564,4.205867891187775
NNYM_10-08-2025-13-44-40__Y-Maze_cs-p_female_dosed_1-98_Day1_off.hdf5,1uM,4,inverse,747,0.5670241286863271,0.8857139951962206,0.5903771657282231,37591.33584039731,6.200188025132939,0.8246625871516599,4.280838986507412
NNYM_10-08-2025-13-44-40__Y-Maze_cs-p_female_dosed_1-98_Day1_off.hdf5,1uM,5,upright,598,0.644891122278057,1.0000885693071015,0.4353381850880102,34457.08506564915,5.651966194940519,0.8275790559546535,5.3774131442281154
NNYM_10-08-2025-13-44-40__Y-Maze_cs-p_female_dosed_1-98_Day1_off.hdf5,1uM,6,inverse,845,0.38270142180094785,0.9440063643567601,0.4182416091529496,38326.28620867844,6.2560620484192135,0.8351067795707514,4.181424468166639
NNYM_10-08-2025-13-44-40__Y-Maze_cs-p_female_dosed_1-98_Day1_off.hdf5,1uM,7,upright,605,0.3824503311258278,0.8390805586596071,6.301430683406762,29849.913664999338,6.2568919806415035,0.8337943524869453,4.128831523118187
NNYM_10-08-2025-13-44-40__Y-Maze_cs-p_female_dosed_1-98_Day1_off.hdf5,1uM,8,inverse,791,0.32531645569620254,0.9383615680781092,0.4258550105054955,37036.15089105606,6.072192193086298,0.828889225866009,4.363034785852158
NNYM_10-08-2025-13-44-40__Y-Maze_cs-p_female_dosed_1-98_Day1_off.hdf5,1uM,9,upright,8,0.2857142857142857,1.2249999999999999,0.3362374652747179,1882.1590187936417,5.362445832771802,0.6960673704569265,4.276741577104586
NNYM_10-08-2025-13-44-40__Y-Maze_cs-p_female_dosed_1-98_Day1_off.hdf5,1uM,10,inverse,739,0.44715447154471544,0.8452629898635167,0.4340455698026477,37615.24664340649,6.234370393139855,0.8196412111653977,4.54605049609814
NNYM_10-08-2025-13-44-40__Y-Maze_cs-p_female_dosed_1-98_Day1_off.hdf5,1uM,11,upright,804,0.5840597758405978,0.9443983850620757,0.5841054803367437,40021.29793016639,6.463953427833422,0.8477519239571247,4.191874726281924
NNYM_10-08-2025-13-44-40__Y-Maze_cs-p_female_dosed_1-98_Day1_off.hdf5,1uM,12,inverse,1244,0.6371681415929203,0.729630475149357,0.41448316989044803,50550.580184908016,8.032371466778987,0.8661501540491787,3.8509852091189822
NNYM_10-08-2025-13-44-40__Y-Maze_cs-p_female_dosed_1-98_Day1_off.hdf5,1uM,13,upright,1314,0.5955826351865956,0.9778062804781131,0.5174528118359133,59469.24052365802,9.498511985361223,0.8725345207285119,4.040893965420099
NNYM_10-08-2025-13-44-40__Y-Maze_cs-p_female_dosed_1-98_Day1_off.hdf5,1uM,14,inverse,1051,0.579047619047619,0.8975526865763808,0.5677730079803619,46839.719140974565,7.65827585837183,0.8375134164822317,3.915883602473982
NNYM_10-08-2025-13-44-40__Y-Maze_cs-p_female_dosed_1-98_Day1_off.hdf5,1uM,15,upright,792,0.49051833122629585,0.7420389951845564,0.6477948394422379,42734.78852907342,6.8643013409845075,0.8539909668651825,4.239933117257444
NNYM_10-08-2025-13-44-40__Y-Maze_cs-p_female_dosed_1-98_Day1_off.hdf5,1uM,16,inverse,772,0.5667963683527886,1.0261051257762641,0.546910712985232,38920.33271383186,6.3435529901353505,0.8416681590856239,4.314299022357683
NNYM_10-08-2025-13-44-40__Y-Maze_cs-p_female_dosed_1-98_Day1_off.hdf5,1uM,17,upright,1067,0.4906191369606004,0.8979686692553074,0.47078372592855916,47249.04764375837,7.59534336311093,0.8536045879481085,3.8261328769331304
NNYM_10-08-2025-13-44-40__Y-Maze_cs-p_female_dosed_1-98_Day1_off.hdf5,1uM,18,inverse,1491,0.3812080536912752,0.8598160055083197,0.47693359363076543,60363.836903205425,9.43937755233292,0.8828108367042793,3.5404987634629568
NNYM_10-08-2025-13-44-40__Y-Maze_cs-p_female_dosed_1-98_Day1_off.hdf5,1uM,19,upright,999,0.5190380761523046,0.8116079577212978,0.45079263137471515,44574.006057033155,7.246146866710415,0.8403112658214373,3.8720878313485927
NNYM_10-08-2025-13-44-40__Y-Maze_cs-p_female_dosed_1-98_Day1_off.hdf5,1uM,20,inverse,791,0.4772151898734177,0.9373076206338057,0.4207443089600736,40620.391368330034,6.493277908305089,0.8580609651035407,4.657161655081202
NNYM_10-08-2025-13-44-40__Y-Maze_cs-p_female_dosed_1-98_Day1_off.hdf5,1uM,21,upright,901,0.5488888888888889,0.7636973190552586,0.5226415905668769,42898.2180815222,6.905048000048005,0.8497281857060789,4.072782495220774
NNYM_10-08-2025-13-44-40__Y-Maze_cs-p_female_dosed_1-98_Day1_off.hdf5,1uM,22,inverse,1201,0.505,0.7590417090082653,0.4370947208124516,50021.41343569929,7.886291849254413,0.8731114450221401,3.598956051722262
NNYM_10-08-2025-13-44-40__Y-Maze_cs-p_female_dosed_1-98_Day1_off.hdf5,1uM,23,upright,1057,0.48579545454545453,0.7987489168401178,0.6169609996266461,43231.38851444216,7.213861478322874,0.8146163709112041,3.545615111239965
NNYM_10-08-2025-13-44-40__Y-Maze_cs-p_female_dosed_1-98_Day1_off.hdf5,1uM,24,inverse,1486,0.5104377104377105,0.9006620351598273,0.5307089423820922,56909.21494990641,8.960019160708292,0.8777047501173659,3.4183372448860365
NNYM_10-08-2025-13-44-40__Y-Maze_cs-p_female_dosed_1-98_Day1_off.hdf5,1uM,25,upright,1097,0.4498175182481752,0.6014927016655985,0.5239615236587561,46692.77966124469,7.478359501970704,0.8557193549931637,3.7680439065323115
NNYM_10-08-2025-13-44-40__Y-Maze_cs-p_female_dosed_1-98_Day1_off.hdf5,1uM,26,inverse,826,0.28363636363636363,0.9138370838909254,0.7325488145289946,40401.9797988568,6.536892166376311,0.844628569453271,4.090249875667004
NNYM_10-08-2025-13-44-40__Y-Maze_cs-p_female_dosed_1-98_Day1_off.hdf5,1uM,27,upright,1102,0.42779291553133514,0.8244673670278766,0.4635751978780043,52998.801772506595,8.445397488601996,0.879274701936906,4.334343483440132
NNYM_10-08-2025-13-44-40__Y-Maze_cs-p_female_dosed_1-98_Day1_off.hdf5,1uM,28,inverse,736,0.6081632653061224,0.723217843830197,0.6683821015419968,37941.52945855506,6.193993882679051,0.8377095999019603,4.398775438487981
NNYM_10-08-2025-13-44-40__Y-Maze_cs-p_female_dosed_1-98_Day1_off.hdf5,1uM,29,upright,426,0.4541176470588235,0.9894641165583987,0.6424499014182046,28824.266857914048,4.953282850134716,0.7812554553194232,5.770667208025634
NNYM_10-08-2025-13-44-40__Y-Maze_cs-p_female_dosed_1-98_Day1_off.hdf5,1uM,30,inverse,927,0.5356371490280778,0.77800634618114,0.5510458845724764,39993.11332300646,6.51356838107692,0.841952364153384,3.6756052724307278
NNYM_10-08-2025-13-44-40__Y-Maze_cs-p_female_dosed_1-98_Day1_off.hdf5,1uM,31,upright,558,0.547576301615799,0.9292769999457109,1.375033645078311,31106.34090009299,5.494779078450994,0.7877434582063989,4.652224162196333
NNYM_10-08-2025-13-44-40__Y-Maze_cs-p_female_dosed_1-98_Day1_off.hdf5,1uM,32,inverse,600,0.672787979966611,0.7254286688990309,0.7539078646510168,36064.68813493675,6.029280851187489,0.8140046398497267,4.860842624831375
NNYM_10-08-2025-13-44-40__Y-Maze_cs-p_female_dosed_1-98_Day1_off.hdf5,1uM,33,upright,1037,0.528957528957529,0.8938192634367671,0.44554425857571234,46332.59159122498,7.427330961413671,0.8565768790131351,3.8738241546254155
NNYM_10-08-2025-13-44-40__Y-Maze_cs-p_female_dosed_1-98_Day1_off.hdf5,1uM,34,inverse,1156,0.8943722943722944,1.0273443341352273,0.39210653762043024,52588.48816622023,8.2800956878174,0.8761170515693277,4.054998634684724
NNYM_10-08-2025-13-44-40__Y-Maze_cs-p_female_dosed_1-98_Day1_off.hdf5,1uM,35,upright,388,0.3772609819121447,0.8601205613749462,0.7050855441774366,20672.588612521096,7.263863689315307,0.8211670210252776,3.8503476671288204
NNYM_10-08-2025-13-44-40__Y-Maze_cs-p_female_dosed_1-98_Day1_off.hdf5,1uM,36,inverse,758,0.5944517833553501,0.9656766761073673,0.5196088572538587,38785.73656313133,6.282772558220529,0.8447467779367605,4.435629725368282
NNYM_10-08-2025-13-44-40__Y-Maze_cs-p_female_dosed_1-98_Day1_off.hdf5,1uM,37,upright,624,0.5136436597110754,0.942824211329895,0.7625923597908462,34662.844344454985,5.932463548387684,0.8270786691197659,4.550844703999603
NNYM_10-08-2025-13-44-40__Y-Maze_cs-p_female_dosed_1-98_Day1_off.hdf5,1uM,38,inverse,1011,0.5643564356435643,0.9150607056428349,0.48146025800581815,46342.37557718556,7.351083579990588,0.8659740881640906,3.974318574023541
NNYM_10-08-2025-13-44-40__Y-Maze_cs-p_female_dosed_1-98_Day1_off.hdf5,1uM,39,upright,1180,0.42408821034775235,0.7472759426000984,0.5585475745524242,48693.92385353832,7.847287297586112,0.8553365792098135,3.619657991981379
NNYM_10-08-2025-13-44-40__Y-Maze_cs-p_female_dosed_1-98_Day1_off.hdf5,1uM,40,inverse,923,0.47396963123644253,0.7860609874383806,0.791241864700329,43799.17710485408,7.335204102468462,0.8147627773296222,3.961652088867384
NNYM_10-08-2025-13-44-40__Y-Maze_cs-p_female_dosed_1-98_Day1_off.hdf5,1uM,41,upright,992,0.6034308779011099,0.6183808112699583,0.5133066133159679,48457.9231427488,7.712306721598061,0.8693091019686205,4.179746441530313
NNYM_10-08-2025-13-44-40__Y-Maze_cs-p_female_dosed_1-98_Day1_off.hdf5,1uM,42,inverse,687,0.5349854227405247,0.9711781675180393,0.44899653216509144,35285.28956677173,5.81338511077912,0.8263531468811054,4.634300174678096
NNYM_10-08-2025-13-44-40__Y-Maze_cs-p_female_dosed_1-98_Day1_off.hdf5,1uM,43,upright,666,0.5969924812030075,0.9326875483814274,0.6241025780755896,37007.31359084981,6.1240136533757425,0.8223999743780677,4.602630319376766
NNYM_10-08-2025-13-44-40__Y-Maze_cs-p_female_dosed_1-98_Day1_off.hdf5,1uM,44,inverse,605,0.5066225165562914,0.912266175664934,0.5063964212439596,32262.994433797117,5.481274308307904,0.8122408756938339,4.822961921612329
NNYM_10-08-2025-13-44-40__Y-Maze_cs-p_female_dosed_1-98_Day1_off.hdf5,1uM,45,upright,1506,0.38073089700996676,0.8995914359726007,0.38470804244519513,58153.460452514315,9.166326955488778,0.8745527918565527,3.4885929345191804
NNYM_10-08-2025-13-44-40__Y-Maze_cs-p_female_dosed_1-98_Day1_off.hdf5,1uM,46,unknown,0,,,,,,,
NNYM_10-08-2025-13-44-40__Y-Maze_cs-p_female_dosed_1-98_Day1_off.hdf5,1uM,47,upright,663,0.6178247734138973,0.8970129767997002,0.869808457527514,36514.7139833864,6.058188937142231,0.8340749746707193,4.365863394363485
NNYM_10-08-2025-13-44-40__Y-Maze_cs-p_female_dosed_1-98_Day1_off.hdf5,1uM,48,inverse,629,0.5366242038216561,1.003790771628335,0.5728170117239502,36314.61930984829,5.894908089860731,0.8459198621054008,5.096073426318355
NNYM_10-08-2025-13-44-40__Y-Maze_cs-p_female_dosed_1-98_Day1_off.hdf5,1uM,49,upright,799,0.5488721804511278,0.8969001907839329,0.5839679654871538,41239.5933706183,6.6231296227850365,0.8531780748336041,4.420749741700972
NNYM_10-08-2025-13-44-40__Y-Maze_cs-p_female_dosed_1-98_Day1_off.hdf5,1uM,50,inverse,1146,0.33624454148471616,0.9184456766319804,0.4186347577647558,49713.7310906837,8.081440883352514,0.8417538079104465,3.8190759248782884
NNYM_10-08-2025-13-44-40__Y-Maze_cs-p_female_dosed_1-98_Day1_off.hdf5,1uM,51,upright,563,0.46441281138790036,0.9316356936527699,0.3755814703299686,33368.03828011251,5.440184543249552,0.8347617743338005,5.628974181796584
NNYM_10-08-2025-13-44-40__Y-Maze_cs-p_female_dosed_1-98_Day1_off.hdf5,1uM,52,inverse,1004,0.3589232303090728,0.7503549881401875,0.5599128576667124,42341.12820896625,6.837937490096049,0.84589584420286,3.739908068144933
NNYM_10-08-2025-13-44-40__Y-Maze_cs-p_female_dosed_1-98_Day1_off.hdf5,1uM,53,upright,640,0.6964006259780907,0.8859051002441239,0.6462535613444769,35342.33428516164,5.817878852428261,0.8260482568582408,4.666090731997546
NNYM_10-08-2025-13-44-40__Y-Maze_cs-p_female_dosed_1-98_Day1_off.hdf5,1uM,54,inverse,636,0.4094488188976378,0.861048289250182,0.8104830932033887,34716.47518449645,5.716626978183671,0.8245425733081205,4.523998822868656
NNYM_10-08-2025-13-44-40__Y-Maze_cs-p_female_dosed_1-98_Day1_off.hdf5,1uM,55,upright,655,0.5489296636085627,0.9153508016264396,0.9575999779559291,37973.07412672669,6.411552346618439,0.8196330686665713,4.78656335682364
NNYM_10-08-2025-13-44-40__Y-Maze_cs-p_female_dosed_1-98_Day1_off.hdf5,1uM,56,inverse,568,0.48853615520282184,0.8909277058986803,0.8163575004662182,32687.086446086774,5.544494652372183,0.7988237403238193,4.490303695792109
NNYM_10-08-2025-13-44-40__Y-Maze_cs-p_female_dosed_1-98_Day1_off.hdf5,1uM,57,upright,249,0.5,0.9149797570850202,5.32150524397308,17005.279245077552,5.61616586310224,0.7746831203888815,4.887846036564351
NNYM_10-08-2025-13-44-40__Y-Maze_cs-p_female_dosed_1-98_Day1_off.hdf5,1uM,58,inverse,955,0.5241090146750524,0.9381728369951602,0.454452682253857,42759.15646872099,6.983010809514566,0.8339988454406878,3.9810147307633725
NNYM_10-08-2025-13-44-40__Y-Maze_cs-p_female_dosed_1-98_Day1_off.hdf5,1uM,59,upright,514,0.6081871345029239,0.8688003417408151,0.7186650058196294,31531.735952876217,5.307709631367915,0.7961545725632903,4.8760253202461
NNYM_10-08-2025-13-44-40__Y-Maze_cs-p_female_dosed_1-98_Day1_off.hdf5,1uM,60,inverse,636,0.4818897637795276,0.9823613372682005,0.4751272898952788,37207.304283567646,6.092331986918088,0.8307582252763034,5.161110617275688
NNYM_10-08-2025-13-44-40__Y-Maze_cs-p_female_dosed_1-98_Day1_off.hdf5,1uM,61,upright,769,0.5286458333333334,0.8162384902554943,0.486236889381937,39095.73192942853,6.407189612514784,0.8347758722017418,4.314624644459023
NNYM_10-08-2025-13-44-40__Y-Maze_cs-p_female_dosed_1-98_Day1_off.hdf5,1uM,62,inverse,1178,0.3262531860662702,0.8723439199496266,0.3811438672702144,51242.33130007182,8.006970780807178,0.8822626675284123,3.903961095749107
NNYM_10-08-2025-13-44-40__Y-Maze_cs-p_female_dosed_1-98_Day1_off.hdf5,1uM,63,upright,1036,0.5584541062801932,0.7902985276107708,0.4583899800318562,47809.802893126885,7.656790093762669,0.8570253237019306,3.9967543387203484
NNYM_10-08-2025-13-44-40__Y-Maze_cs-p_female_dosed_1-98_Day1_off.hdf5,1uM,64,inverse,880,0.6541524459613197,0.9313513198292354,0.45632417175196,44840.6555211254,7.397674065921317,0.8271484218884052,4.4870173115437835
NNYM_10-08-2025-13-44-40__Y-Maze_cs-p_female_dosed_1-98_Day1_off.hdf5,1uM,65,upright,428,0.5105386416861827,1.0474136722946579,0.6993371940061268,31148.285635602166,5.259280245939807,0.8011775883525807,5.743312699550189
NNYM_10-08-2025-13-44-40__Y-Maze_cs-p_female_dosed_1-98_Day1_off.hdf5,1uM,66,inverse,757,0.38492063492063494,0.998593921027536,0.5386169956382836,37508.21169089039,6.193312668204644,0.8244590459574173,4.419059791252661
NNYM_10-08-2025-13-44-40__Y-Maze_cs-p_female_dosed_1-98_Day1_off.hdf5,1uM,67,upright,385,0.4973958333333333,0.9086408364497462,0.773540396635482,28892.27989360913,4.9811496600708,0.7761247194562138,6.164488346829138
NNYM_10-08-2025-13-44-40__Y-Maze_cs-p_female_dosed_1-98_Day1_off.hdf5,1uM,68,inverse,682,0.4023494860499266,0.8592443069069303,0.4796890058663875,35694.7783389182,5.893873860073494,0.8257169104883377,4.5627056025690615
NNYM_10-08-2025-13-44-40__Y-Maze_cs-p_female_dosed_1-98_Day1_off.hdf5,1uM,69,upright,1008,0.44786494538232374,0.651215368859757,0.6383583290951467,46351.77202380691,7.3813844389081575,0.8675679205503477,3.9471076647272807
NNYM_10-08-2025-13-44-40__Y-Maze_cs-p_female_dosed_1-98_Day1_off.hdf5,1uM,70,inverse,1229,0.6465798045602605,0.975437099970358,0.47329063239540853,51290.97187220401,8.144448833468672,0.8701512847194429,3.7268935956338636
NNYM_10-08-2025-13-44-40__Y-Maze_cs-p_female_dosed_1-98_Day1_off.hdf5,1uM,71,upright,1427,0.5631136044880786,0.7559036957415156,0.5175837278105105,54230.36050156408,8.581026767950593,0.8688833691466502,3.2566868283726875
NNYM_10-08-2025-13-44-40__Y-Maze_cs-p_female_dosed_1-98_Day1_off.hdf5,1uM,72,inverse,1065,0.46146616541353386,0.5413148168780793,0.7334030966136491,44571.334589940394,7.397021354147254,0.8222171776519602,3.5957819011951795
NNYM_10-08-2025-13-44-40__Y-Maze_cs-p_female_dosed_1-98_Day1_off.hdf5,1uM,73,upright,727,0.3608815426997245,0.8641394060142868,0.7615639632814629,38901.59443394975,6.411652582102448,0.8240556051184404,4.18764551367709
NNYM_10-08-2025-13-44-40__Y-Maze_cs-p_female_dosed_1-98_Day1_off.hdf5,1uM,74,inverse,565,0.4326241134751773,1.0239209955449438,0.6171176239808019,31756.73259303999,5.308447807254667,0.8035116834484923,4.657942375190965
NNYM_10-08-2025-13-44-40__Y-Maze_cs-p_female_dosed_1-98_Day1_off.hdf5,1uM,75,upright,1238,0.46160064672594986,1.0189548214665962,0.482204826715778,52729.14454691262,8.440290732928426,0.8592674451116408,3.6674143218345607
NNYM_10-08-2025-13-44-40__Y-Maze_cs-p_female_dosed_1-98_Day1_off.hdf5,1uM,76,inverse,960,0.5557872784150156,0.7927498512285431,0.656154782168584,44541.23224543627,7.206013771640875,0.8451874717262301,3.9234513443557413
NNYM_10-08-2025-13-44-40__Y-Maze_cs-p_female_dosed_1-98_Day1_off.hdf5,1uM,77,upright,1678,0.3321407274895647,0.6334463011559478,0.47902867399851784,60002.67395066752,9.37894924329665,0.8819330870835893,3.114562369229122
NNYM_10-08-2025-13-44-40__Y-Maze_cs-p_female_dosed_1-98_Day1_off.hdf5,1uM,78,inverse,1195,0.559463986599665,0.931872651103951,0.4139519157325484,50599.44099705793,7.9459278525605095,0.8767943824558138,3.738342145695354
NNYM_10-08-2025-13-44-40__Y-Maze_cs-p_female_dosed_1-98_Day1_off.hdf5,1uM,79,upright,1139,0.36467486818980666,0.7440356359328276,0.5851383591420506,48778.65814066763,7.772488326961739,0.8619351681696935,3.566009881053064
NNYM_10-08-2025-13-44-40__Y-Maze_cs-p_female_dosed_1-98_Day1_off.hdf5,1uM,80,inverse,1479,0.4472259810554804,0.8339349084620822,0.44105339893489615,58298.07654161677,9.180140934815764,0.8749424847135672,3.4934203097315697
NNYM_10-08-2025-13-44-40__Y-Maze_cs-p_female_dosed_1-98_Day1_off.hdf5,1uM,81,upright,1078,0.542246982358403,0.7881546987689652,0.5802221198415215,46281.18713149415,7.41261313881262,0.8573966072807648,3.658713264992403
NNYM_10-08-2025-13-44-40__Y-Maze_cs-p_female_dosed_1-98_Day1_off.hdf5,1uM,82,inverse,1049,0.4866412213740458,0.7302251710255084,0.528531621936233,46579.74298663371,7.487825108338864,0.8547813461564078,3.9272409048551684
NNYM_10-08-2025-13-44-40__Y-Maze_cs-p_female_dosed_1-98_Day1_off.hdf5,1uM,83,upright,1237,0.68042071197411,0.5995187476162268,0.4660495823370955,49993.851653627644,7.975458287859698,0.8675495804780121,3.591952609096686
NNYM_10-08-2025-13-44-40__Y-Maze_cs-p_female_dosed_1-98_Day1_off.hdf5,1uM,84,inverse,932,0.48442534908700324,0.6694667738557883,0.48022165430384417,44521.561068674026,7.139389862717204,0.863323854913426,4.420666442398062
NNYM_10-08-2025-13-44-40__Y-Maze_cs-p_female_dosed_1-98_Day1_off.hdf5,1uM,85,upright,463,0.30303030303030304,1.0013911157219655,0.4152102829661701,31379.60749987732,5.248356037549646,0.8083149923527437,6.106845931842319
NNYM_10-08-2025-13-44-40__Y-Maze_cs-p_female_dosed_1-98_Day1_off.hdf5,1uM,86,inverse,211,0.5,0.8995215311004785,0.8546563509351204,12535.5769126132,5.7637032315621735,0.7885018044091899,4.311772076516923
NNYM_10-08-2025-13-44-40__Y-Maze_cs-p_female_dosed_1-98_Day1_off.hdf5,1uM,87,upright,754,0.47277556440903057,0.7335577423778386,0.5902658667092396,39363.9071561765,6.3512477473228515,0.849444042090913,4.251045295076382
NNYM_10-08-2025-13-44-40__Y-Maze_cs-p_female_dosed_1-98_Day1_off.hdf5,1uM,88,inverse,1033,0.4806201550387597,0.798483763093733,0.5281667430687766,45933.79319625658,7.379188680777741,0.8546449980018649,3.8300763353405545
NNYM_10-08-2025-13-44-40__Y-Maze_cs-p_female_dosed_1-98_Day1_off.hdf5,1uM,89,upright,743,0.37331536388140163,0.8046946023765328,0.7602583146328221,37164.43953433099,6.2558945331985445,0.8035197492898144,4.079364175121673
NNYM_10-08-2025-13-44-40__Y-Maze_cs-p_female_dosed_1-98_Day1_off.hdf5,1uM,90,inverse,787,0.48346055979643765,0.7626179054048475,0.7528271282500661,39368.916853942836,6.565567901081336,0.8220443052568922,4.244124347465007
NNYM_10-08-2025-13-44-40__Y-Maze_cs-p_female_dosed_1-98_Day1_off.hdf5,1uM,91,upright,260,0.3552123552123552,0.8715308261131931,10.965004133903138,12396.933188126708,5.897483256199398,0.7930701590271282,3.7588421023661702
NNYM_10-08-2025-13-44-40__Y-Maze_cs-p_female_dosed_1-98_Day1_off.hdf5,1uM,92,inverse,1195,0.5360134003350083,0.581390017468022,0.4650113291831646,52209.497298645045,8.2294783075535,0.8757463103905581,3.6396052286625586
NNYM_10-08-2025-13-44-40__Y-Maze_cs-p_female_dosed_1-98_Day1_off.hdf5,1uM,93,upright,773,0.4520725388601036,1.0053462376613855,0.5717524106685612,43284.344158324835,7.0788850987297405,0.8371951593586711,4.680445098985132
NNYM_10-08-2025-13-44-40__Y-Maze_cs-p_female_dosed_1-98_Day1_off.hdf5,1uM,94,inverse,716,0.4755244755244755,0.9743234744878343,0.6919802556452115,38589.03732049062,6.294582847962435,0.8387374240382618,4.278680799391394
NNYM_10-08-2025-13-44-40__Y-Maze_cs-p_female_dosed_1-98_Day1_off.hdf5,1uM,95,upright,923,0.4793926247288503,0.887501044015702,0.44287899864146896,46886.58870285655,7.483382916315174,0.8648236273233606,4.560206292615559
NNYM_10-08-2025-13-44-40__Y-Maze_cs-p_female_dosed_1-98_Day1_off.hdf5,1uM,96,inverse,821,0.44634146341463415,1.0820590946249933,0.4597064072693186,47436.230791244314,7.595437845946765,0.8648960369076987,5.139521747950259
NNYM_10-08-2025-13-44-40__Y-Maze_cs-p_female_dosed_1-98_Day1_off.hdf5,1uM,97,upright,198,0.48223350253807107,1.0216981529453886,0.7083865119609839,12948.76801250345,6.877041066298184,0.839431769263883,5.115913298329017
NNYM_10-31-2025-07-52-39__Y-Maze_cs-p_female_dosed_1-98_Day1_on.hdf5,1uM,0,upright,119,0.4322033898305085,0.9926086010370468,0.71018767798712,12928.675768141069,3.6456243190238453,0.3335177913753068,8.137229111639849
NNYM_10-31-2025-07-52-39__Y-Maze_cs-p_female_dosed_1-98_Day1_on.hdf5,1uM,1,inverse,102,0.18811881188118812,0.8511745827984595,1.067365986153392,7088.748788078397,4.653581603764471,0.41798618016777583,4.820857727158869
NNYM_10-31-2025-07-52-39__Y-Maze_cs-p_female_dosed_1-98_Day1_on.hdf5,1uM,2,upright,261,0.4346153846153846,1.0291826437753835,1.630001250659983,14754.395714131806,4.234049979495103,0.42470752480413265,4.3906586414423945
NNYM_10-31-2025-07-52-39__Y-Maze_cs-p_female_dosed_1-98_Day1_on.hdf5,1uM,3,inverse,1204,0.5411471321695761,0.767259373861303,0.8009251784606999,42588.37052324119,7.854566995057395,0.7291744548693804,3.1640535042565103
NNYM_10-31-2025-07-52-39__Y-Maze_cs-p_female_dosed_1-98_Day1_on.hdf5,1uM,4,upright,259,0.5155038759689923,0.9269612942862994,6.795003750150262,12492.355043817119,5.242759585158144,0.4982429182559202,4.004305696894233
NNYM_10-31-2025-07-52-39__Y-Maze_cs-p_female_dosed_1-98_Day1_on.hdf5,1uM,5,inverse,115,0.37719298245614036,0.922933774700063,3.638634678648787,10019.893097830804,4.231540193104137,0.46978754963054076,5.854973789939955
NNYM_10-31-2025-07-52-39__Y-Maze_cs-p_female_dosed_1-98_Day1_on.hdf5,1uM,6,upright,35,0.5882352941176471,1.000865800865801,2.758625374742951,6370.437854246245,3.8986347131417656,0.306436406398897,9.210351591073929
NNYM_10-31-2025-07-52-39__Y-Maze_cs-p_female_dosed_1-98_Day1_on.hdf5,1uM,7,inverse,147,0.5068493150684932,1.282999378689034,1.590299047056398,10845.797621529957,4.868462910157975,0.45334353343533434,4.623596081925392
NNYM_10-31-2025-07-52-39__Y-Maze_cs-p_female_dosed_1-98_Day1_on.hdf5,1uM,8,upright,487,0.551440329218107,0.9711033172358203,0.9315065407156918,25709.954212086166,5.624061602909574,0.576310954805522,4.507018946072602
NNYM_10-31-2025-07-52-39__Y-Maze_cs-p_female_dosed_1-98_Day1_on.hdf5,1uM,9,inverse,199,0.5303030303030303,0.9680226438045334,1.1011018478311854,17073.527033114144,4.422389944639331,0.4541339886272213,6.471769052968158
NNYM_10-31-2025-07-52-39__Y-Maze_cs-p_female_dosed_1-98_Day1_on.hdf5,1uM,10,upright,769,0.5729166666666666,0.9351422451050396,1.3933880506372693,34992.778704936034,6.565999360261715,0.704334236299229,3.775040845195542
NNYM_10-31-2025-07-52-39__Y-Maze_cs-p_female_dosed_1-98_Day1_on.hdf5,1uM,11,inverse,538,0.36685288640595903,0.7992114905095306,1.1904991200927213,22694.393569009364,5.505809990894139,0.5254375364896607,3.6311617521359736
NNYM_10-31-2025-07-52-39__Y-Maze_cs-p_female_dosed_1-98_Day1_on.hdf5,1uM,12,upright,68,0.4925373134328358,0.7880543401933776,2.2613580949229504,8529.6807397266,4.046902468574369,0.34802567996686457,8.041516741105108
NNYM_10-31-2025-07-52-39__Y-Maze_cs-p_female_dosed_1-98_Day1_on.hdf5,1uM,13,inverse,404,0.7121588089330024,0.9526070910017972,0.6566245737102594,24310.470384439075,4.937602539983051,0.6261457345442413,5.1753098480955835
NNYM_10-31-2025-07-52-39__Y-Maze_cs-p_female_dosed_1-98_Day1_on.hdf5,1uM,14,upright,23,0.6818181818181818,1.2072562358276642,1.5886405644878128,3284.4451418143453,3.628083958469618,0.3075632829497858,6.772824774694876
NNYM_10-31-2025-07-52-39__Y-Maze_cs-p_female_dosed_1-98_Day1_on.hdf5,1uM,15,inverse,621,0.617741935483871,0.9270110376822329,2.2731701206074835,26543.978112021578,6.129860615560289,0.5959780826211305,3.6228967840256443
NNYM_10-31-2025-07-52-39__Y-Maze_cs-p_female_dosed_1-98_Day1_on.hdf5,1uM,16,upright,218,0.4700460829493088,1.2730875643333015,3.2326738431588327,13998.546112122527,4.45240196983932,0.4985255380998856,4.8139563557581235
NNYM_10-31-2025-07-52-39__Y-Maze_cs-p_female_dosed_1-98_Day1_on.hdf5,1uM,17,inverse,144,0.42657342657342656,0.9788563447860293,2.0617413026343,10031.436568221952,4.986282928840514,0.331535421747507,4.436031047971996
NNYM_10-31-2025-07-52-39__Y-Maze_cs-p_female_dosed_1-98_Day1_on.hdf5,1uM,18,upright,658,0.5464231354642314,0.8610814287883396,0.826136581671339,26162.678128680116,5.964162992565675,0.568766065133256,3.5319916116071495
NNYM_10-31-2025-07-52-39__Y-Maze_cs-p_female_dosed_1-98_Day1_on.hdf5,1uM,19,inverse,77,0.631578947368421,0.9454761904761904,0.8785474220301451,16913.27790773666,4.313231010282137,0.43890908140051776,5.16733936744304
NNYM_10-31-2025-07-52-39__Y-Maze_cs-p_female_dosed_1-98_Day1_on.hdf5,1uM,20,upright,474,0.42283298097251587,1.007037468181536,0.995838819917272,22644.906111344008,4.971901232250677,0.5775344820313818,3.991158374657436
NNYM_10-31-2025-07-52-39__Y-Maze_cs-p_female_dosed_1-98_Day1_on.hdf5,1uM,21,inverse,369,0.43478260869565216,0.7650597359044226,4.438889824816241,16332.507997721796,5.350356704160418,0.4226011297266829,3.4468075888315517
NNYM_10-31-2025-07-52-39__Y-Maze_cs-p_female_dosed_1-98_Day1_on.hdf5,1uM,22,upright,297,0.48986486486486486,0.7392868118640197,0.6715227579140068,24234.834929019515,5.33248719916413,0.5634978097019007,6.557261792858579
NNYM_10-31-2025-07-52-39__Y-Maze_cs-p_female_dosed_1-98_Day1_on.hdf5,1uM,23,inverse,118,0.5811965811965812,1.0447942107877635,1.1609329792479963,18332.746254207534,4.786110428937246,0.4530502994646738,9.8508779570491
NNYM_10-31-2025-07-52-39__Y-Maze_cs-p_female_dosed_1-98_Day1_on.hdf5,1uM,24,upright,247,0.6788617886178862,0.8799508706688921,2.6312430380780234,13976.567815106953,4.803052488379415,0.43389814603804444,4.006405843616087
NNYM_10-31-2025-07-52-39__Y-Maze_cs-p_female_dosed_1-98_Day1_on.hdf5,1uM,25,inverse,65,0.53125,1.274821039526922,1.7301894189716323,8340.612361131047,3.7132225774261642,0.26647591140222354,5.862250973121688
NNYM_10-31-2025-07-52-39__Y-Maze_cs-p_female_dosed_1-98_Day1_on.hdf5,1uM,26,upright,563,0.5177935943060499,0.9887745131379314,3.4231187877581877,21237.334147906433,5.629713757230435,0.5714425486520095,3.259937918505596
NNYM_10-31-2025-07-52-39__Y-Maze_cs-p_female_dosed_1-98_Day1_on.hdf5,1uM,27,inverse,276,0.5163636363636364,0.920694161125029,4.659937406203624,13699.209714776185,4.799313170230241,0.5519537929021227,4.09660884675232
NNYM_10-31-2025-07-52-39__Y-Maze_cs-p_female_dosed_1-98_Day1_on.hdf5,1uM,28,upright,879,0.5125284738041003,0.9492847205201344,0.5560774279166789,36839.56812754825,6.775240339754694,0.7233644032032012,3.7548495407299853
NNYM_10-31-2025-07-52-39__Y-Maze_cs-p_female_dosed_1-98_Day1_on.hdf5,1uM,29,inverse,956,0.4418848167539267,0.8968114898855809,0.3942609084238082,39499.820572249635,6.74404004114867,0.7905065217900382,3.658471477618183
NNYM_10-31-2025-07-52-39__Y-Maze_cs-p_female_dosed_1-98_Day1_on.hdf5,1uM,30,upright,487,0.5555555555555556,0.8559278350515465,0.622654904874722,25130.22671281986,5.134940760598225,0.6222202480645271,4.358010135021644
NNYM_10-31-2025-07-52-39__Y-Maze_cs-p_female_dosed_1-98_Day1_on.hdf5,1uM,31,inverse,691,0.6260869565217392,0.8772673105988157,0.7412046268155311,30201.17941654181,5.901766916921885,0.6713419059104839,3.76283893520873
NNYM_10-31-2025-07-52-39__Y-Maze_cs-p_female_dosed_1-98_Day1_on.hdf5,1uM,32,upright,520,0.37572254335260113,0.9958884708884709,2.9577046849804445,23282.20058740616,6.14453395721082,0.550992778440655,3.597012507602236
NNYM_10-31-2025-07-52-39__Y-Maze_cs-p_female_dosed_1-98_Day1_on.hdf5,1uM,33,inverse,721,0.4638888888888889,0.9227547197216684,0.6234349919591449,32490.59477172445,6.272306508960413,0.6868193373575905,3.7278002584582195
NNYM_10-31-2025-07-52-39__Y-Maze_cs-p_female_dosed_1-98_Day1_on.hdf5,1uM,34,upright,94,0.7526881720430108,0.9926613556575749,3.0644690764280598,8295.626001191293,4.1534313918088825,0.3344007585650478,5.4589149138510145
NNYM_10-31-2025-07-52-39__Y-Maze_cs-p_female_dosed_1-98_Day1_on.hdf5,1uM,35,inverse,694,0.22077922077922077,0.839992066190638,0.5270103196523555,33193.30175104212,5.927619781643784,0.7451576227927996,4.039163624620592
NNYM_10-31-2025-07-52-39__Y-Maze_cs-p_female_dosed_1-98_Day1_on.hdf5,1uM,36,upright,264,0.4296577946768061,0.9656776779481636,2.8070970139891007,16870.9178326144,5.360088932443835,0.5035611268002915,4.875890897177227
NNYM_10-31-2025-07-52-39__Y-Maze_cs-p_female_dosed_1-98_Day1_on.hdf5,1uM,37,inverse,41,0.5,1.8974358974358974,1.9716353493357084,5339.082117559962,4.245272698841897,0.20601018645165936,4.035156123445832
NNYM_10-31-2025-07-52-39__Y-Maze_cs-p_female_dosed_1-98_Day1_on.hdf5,1uM,38,unknown,1,,,,1495.0941685021912,4.524407286504095,0.2190026427309262,
NNYM_10-31-2025-07-52-39__Y-Maze_cs-p_female_dosed_1-98_Day1_on.hdf5,1uM,39,inverse,313,0.5576923076923077,1.062375564629261,0.6888539809830599,23262.62599485099,4.72193815323497,0.6162339421343808,5.933530722720327
NNYM_10-31-2025-07-52-39__Y-Maze_cs-p_female_dosed_1-98_Day1_on.hdf5,1uM,40,upright,263,0.5305343511450382,1.107578865419019,4.65430392250124,16913.990700699374,5.122768158025453,0.539781569538107,4.787428446275598
NNYM_10-31-2025-07-52-39__Y-Maze_cs-p_female_dosed_1-98_Day1_on.hdf5,1uM,41,inverse,66,0.2,0.6347656249999999,1.4259508604461473,4662.251721780617,4.257281073806346,0.37745521074251787,4.614741173942477
NNYM_10-31-2025-07-52-39__Y-Maze_cs-p_female_dosed_1-98_Day1_on.hdf5,1uM,42,upright,197,0.673469387755102,0.8161907536907536,2.9004098460648713,11579.946474104047,4.018979562894251,0.45957753168135457,4.441628199085736
NNYM_10-31-2025-07-52-39__Y-Maze_cs-p_female_dosed_1-98_Day1_on.hdf5,1uM,43,inverse,229,0.4868421052631579,0.908117877280873,4.04196892104833,13592.516261137818,4.842519643789182,0.43586687028069815,4.349637301683847
NNYM_10-31-2025-07-52-39__Y-Maze_cs-p_female_dosed_1-98_Day1_on.hdf5,1uM,44,upright,518,0.4738878143133462,1.0454871047256113,0.3920762495505616,29545.578981377832,5.3364414429615215,0.7311873867494221,5.012181418263684
NNYM_10-31-2025-07-52-39__Y-Maze_cs-p_female_dosed_1-98_Day1_on.hdf5,1uM,45,inverse,347,0.38439306358381503,0.9431756570442232,1.7630548793832328,17869.32161895769,4.729981000502334,0.47964503940645575,4.186749867390524
NNYM_10-31-2025-07-52-39__Y-Maze_cs-p_female_dosed_1-98_Day1_on.hdf5,1uM,46,upright,743,0.6522911051212938,0.7883887405696686,2.4139503599411984,31057.25559939565,6.370919061888908,0.696136035873631,3.6836062476529086
NNYM_10-31-2025-07-52-39__Y-Maze_cs-p_female_dosed_1-98_Day1_on.hdf5,1uM,47,inverse,519,0.27606177606177607,0.9678357747990243,1.9533674045708842,21327.704585537365,5.602736750286986,0.539154236866373,3.5084135080832173
NNYM_10-31-2025-07-52-39__Y-Maze_cs-p_female_dosed_1-98_Day1_on.hdf5,1uM,48,upright,421,0.4261904761904762,0.9368837737765157,0.7479350868470627,25640.907188530542,5.206018242614373,0.6307583643704014,4.864560594994934
NNYM_10-31-2025-07-52-39__Y-Maze_cs-p_female_dosed_1-98_Day1_on.hdf5,1uM,49,inverse,5,0.75,1.7777777777777777,0.8332301482495234,6561.234231949041,4.170796945354886,0.16577796682262866,1.1320109407572307
NNYM_10-31-2025-07-52-39__Y-Maze_cs-p_female_dosed_1-98_Day1_on.hdf5,1uM,50,upright,308,0.4527687296416938,0.9694347463205907,0.7603635916997827,24119.95763109257,5.116384471792503,0.6044545598063463,6.1633263815438095
NNYM_10-31-2025-07-52-39__Y-Maze_cs-p_female_dosed_1-98_Day1_on.hdf5,1uM,51,unknown,1,,,,297.6416626537289,4.514829579732353,0.15632947526859398,
NNYM_10-31-2025-07-52-39__Y-Maze_cs-p_female_dosed_1-98_Day1_on.hdf5,1uM,52,upright,106,0.5619047619047619,0.8983865710560625,4.118037839721985,7714.902653381039,4.486017957923555,0.3408935621014273,4.278210989752733
NNYM_10-31-2025-07-52-39__Y-Maze_cs-p_female_dosed_1-98_Day1_on.hdf5,1uM,53,inverse,117,0.3275862068965517,0.9869154491580122,1.7873255773173342,12264.362416278307,4.276715989131863,0.3939640207787479,6.293652679672927
NNYM_10-31-2025-07-52-39__Y-Maze_cs-p_female_dosed_1-98_Day1_on.hdf5,1uM,54,upright,851,0.5811764705882353,0.9000490099239872,0.48829976508557754,33212.57207885852,6.222033929521278,0.706259759657818,3.5789525217538722
NNYM_10-31-2025-07-52-39__Y-Maze_cs-p_female_dosed_1-98_Day1_on.hdf5,1uM,55,inverse,70,0.463768115942029,1.2122478636724963,1.6719259498593324,9039.801171377349,3.6905935411106845,0.30994741161593925,4.712612167242636
NNYM_10-31-2025-07-52-39__Y-Maze_cs-p_female_dosed_1-98_Day1_on.hdf5,1uM,56,upright,79,0.6538461538461539,1.1189202953908837,2.861625421831146,8662.776603524992,4.066012590974433,0.37614487742164293,5.257384744079882
NNYM_10-31-2025-07-52-39__Y-Maze_cs-p_female_dosed_1-98_Day1_on.hdf5,1uM,57,inverse,688,0.47889374090247455,0.7914978309237903,0.5496075734210669,31269.22393431551,5.6733081209445295,0.7235804724212761,3.872643328136358
NNYM_10-31-2025-07-52-39__Y-Maze_cs-p_female_dosed_1-98_Day1_on.hdf5,1uM,58,upright,434,0.5958429561200924,1.091013571018416,0.811046387600413,24560.474481768113,5.290489970501172,0.5891814826797979,4.673047174336239
NNYM_10-31-2025-07-52-39__Y-Maze_cs-p_female_dosed_1-98_Day1_on.hdf5,1uM,59,inverse,394,0.6157760814249363,0.9703965188505483,1.5117490615957028,18783.903534058827,4.794531718178235,0.49872878915452823,3.93589738752991
NNYM_10-31-2025-07-52-39__Y-Maze_cs-p_female_dosed_1-98_Day1_on.hdf5,1uM,60,upright,207,0.49029126213592233,1.4834861604627363,2.6357526021735316,13236.326101642342,4.307058486036433,0.4558085168557235,4.968453066158624
NNYM_10-31-2025-07-52-39__Y-Maze_cs-p_female_dosed_1-98_Day1_on.hdf5,1uM,61,inverse,121,0.7,0.8003201280512204,2.1611542134639725,8293.739809395674,4.526504914977173,0.4016674623369081,5.112961996393526
NNYM_10-31-2025-07-52-39__Y-Maze_cs-p_female_dosed_1-98_Day1_on.hdf5,1uM,62,upright,350,0.4355300859598854,0.9350864909516923,3.3091486203902063,18724.25757208463,5.076482131264134,0.4822526340474715,4.142021296889478
NNYM_10-31-2025-07-52-39__Y-Maze_cs-p_female_dosed_1-98_Day1_on.hdf5,1uM,63,inverse,186,0.6972972972972973,0.8883149916943521,1.1957071163776034,16096.04870339727,4.509488927455889,0.5285205851498593,6.1949179964093855
NNYM_10-31-2025-07-52-39__Y-Maze_cs-p_female_dosed_1-98_Day1_on.hdf5,1uM,64,upright,151,0.6733333333333333,0.8848645445286893,3.8844402919043963,11121.789235246433,4.567290872301202,0.370973661673978,4.454689738393307
NNYM_10-31-2025-07-52-39__Y-Maze_cs-p_female_dosed_1-98_Day1_on.hdf5,1uM,65,inverse,184,0.453551912568306,1.3301602012445386,1.2428548639914039,14417.24078261726,4.406386578581513,0.40506398290337703,5.9729424325546745
NNYM_10-31-2025-07-52-39__Y-Maze_cs-p_female_dosed_1-98_Day1_on.hdf5,1uM,66,upright,617,0.7694805194805194,0.8754331622474719,0.9986931685332737,26669.712698743562,5.422024233078017,0.6302755230305191,3.681990744239097
NNYM_10-31-2025-07-52-39__Y-Maze_cs-p_female_dosed_1-98_Day1_on.hdf5,1uM,67,inverse,89,0.6590909090909091,1.0742766547760603,0.9873141040687482,7091.23224130398,4.378634935949185,0.3466837142400511,4.9659344888620245
NNYM_10-31-2025-07-52-39__Y-Maze_cs-p_female_dosed_1-98_Day1_on.hdf5,1uM,68,upright,748,0.5609103078982597,0.8789962780715965,0.7402649260011539,32099.997876237892,6.328042736508459,0.6672508002367967,3.5573642747904426
NNYM_10-31-2025-07-52-39__Y-Maze_cs-p_female_dosed_1-98_Day1_on.hdf5,1uM,69,inverse,627,0.44089456869009586,0.9346607701863354,0.9370417062549838,27158.84933682414,5.818451219698627,0.6061060581883942,3.779614672150934
NNYM_10-31-2025-07-52-39__Y-Maze_cs-p_female_dosed_1-98_Day1_on.hdf5,1uM,70,upright,328,0.6483180428134556,0.9417643447057579,1.3446480203017273,19324.2210900837,4.681072538733742,0.5110000081471484,4.2514380571599375
NNYM_10-31-2025-07-52-39__Y-Maze_cs-p_female_dosed_1-98_Day1_on.hdf5,1uM,71,inverse,716,0.42377622377622376,0.8631982023159481,0.8051205743835056,31211.065366248207,6.114221907000605,0.6670647035971936,3.664367887970993
NNYM_10-31-2025-07-52-39__Y-Maze_cs-p_female_dosed_1-98_Day1_on.hdf5,1uM,72,upright,765,0.556282722513089,0.870797952045964,0.8009581599819005,32937.51075549024,6.288980711336328,0.6997599279783935,3.7342281444343275
NNYM_10-31-2025-07-52-39__Y-Maze_cs-p_female_dosed_1-98_Day1_on.hdf5,1uM,73,inverse,420,0.5202863961813843,1.0304043355934434,1.0092866803094116,23920.758946221675,5.273511661284468,0.5970047947176655,4.457589788553919
NNYM_10-31-2025-07-52-39__Y-Maze_cs-p_female_dosed_1-98_Day1_on.hdf5,1uM,74,upright,569,0.5123239436619719,0.8929587145540268,1.2273785682804643,27780.38212740385,6.32010011661961,0.6747133174023475,3.8828163329219074
NNYM_10-31-2025-07-52-39__Y-Maze_cs-p_female_dosed_1-98_Day1_on.hdf5,1uM,75,inverse,589,0.23469387755102042,0.9247611288052737,0.4744670456630779,25446.579041226847,5.1987172859632835,0.6231539795902421,3.7920831590371717
NNYM_10-31-2025-07-52-39__Y-Maze_cs-p_female_dosed_1-98_Day1_on.hdf5,1uM,76,upright,493,0.5223577235772358,1.032614581297699,1.6581157010988958,24618.614050589204,5.874957803012438,0.5658081592281722,3.8445600552919843
NNYM_10-31-2025-07-52-39__Y-Maze_cs-p_female_dosed_1-98_Day1_on.hdf5,1uM,77,inverse,313,0.38782051282051283,1.002217037000657,1.0954342460993796,22113.48887029277,4.978690710868817,0.5592846585714775,4.892333442816259
NNYM_10-31-2025-07-52-39__Y-Maze_cs-p_female_dosed_1-98_Day1_on.hdf5,1uM,78,upright,562,0.6898395721925134,0.9973449373735059,0.7865416773176538,28141.246430802774,5.843067127489646,0.626738800492154,4.08559650584142
NNYM_10-31-2025-07-52-39__Y-Maze_cs-p_female_dosed_1-98_Day1_on.hdf5,1uM,79,inverse,370,0.4173441734417344,1.2627697694115794,2.8529051163865913,21668.20728840426,5.83068159699601,0.5378594044601449,4.536452438691219
NNYM_10-31-2025-07-52-39__Y-Maze_cs-p_female_dosed_1-98_Day1_on.hdf5,1uM,80,upright,464,0.39956803455723544,1.1006856711892683,0.9788290530192753,23926.713200785314,5.34555330864001,0.56749009004279,4.012562989067989
NNYM_10-31-2025-07-52-39__Y-Maze_cs-p_female_dosed_1-98_Day1_on.hdf5,1uM,81,inverse,602,0.4425956738768719,1.1214485093330342,0.6718346679624543,29135.08213597523,5.809687015328597,0.6451822288724776,4.294396028720028
NNYM_10-31-2025-07-52-39__Y-Maze_cs-p_female_dosed_1-98_Day1_on.hdf5,1uM,82,upright,561,0.7089285714285715,0.8972768949955532,2.7103564743089197,24043.25672889307,5.808685297194589,0.5962919614832154,3.6746752864309458
NNYM_10-31-2025-07-52-39__Y-Maze_cs-p_female_dosed_1-98_Day1_on.hdf5,1uM,83,inverse,59,0.6206896551724138,1.005980861244019,1.0207409957267477,4617.036015286335,4.025342193802153,0.40313960393483256,4.866889140479918
NNYM_10-31-2025-07-52-39__Y-Maze_cs-p_female_dosed_1-98_Day1_on.hdf5,1uM,84,upright,735,0.46866485013623976,0.9423094413544618,0.6347428253612152,31599.43741716363,5.94187795096401,0.7047087283425956,3.698701544277212
NNYM_10-31-2025-07-52-39__Y-Maze_cs-p_female_dosed_1-98_Day1_on.hdf5,1uM,85,inverse,693,0.6257225433526011,0.8712957462268132,0.6071706862675879,34209.08207295637,6.152523581063954,0.7420573721938223,4.155848325672863
NNYM_10-31-2025-07-52-39__Y-Maze_cs-p_female_dosed_1-98_Day1_on.hdf5,1uM,86,upright,368,0.5095367847411444,0.8582357243278168,0.8926713981907097,20257.17700136246,4.641815221175657,0.5212262296113375,4.328214485217139
NNYM_10-31-2025-07-52-39__Y-Maze_cs-p_female_dosed_1-98_Day1_on.hdf5,1uM,87,inverse,650,0.4437596302003082,0.8783973609282438,0.6224004304383667,27886.994027407203,5.773332717151958,0.6279112230775541,3.8645050326263712
NNYM_10-31-2025-07-52-39__Y-Maze_cs-p_female_dosed_1-98_Day1_on.hdf5,1uM,88,upright,618,0.5072933549432739,0.6819632845819895,1.9918338009045875,27538.76556761599,5.8573298233371105,0.6139959340650603,3.766509843334648
NNYM_10-31-2025-07-52-39__Y-Maze_cs-p_female_dosed_1-98_Day1_on.hdf5,1uM,89,inverse,320,0.567398119122257,1.050534785076276,0.7616537343306004,23490.680052313306,4.657645002006597,0.6307710784864063,5.460940442550601
NNYM_10-31-2025-07-52-39__Y-Maze_cs-p_female_dosed_1-98_Day1_on.hdf5,1uM,90,upright,293,0.2636986301369863,0.9380357674771486,1.7008038132289152,13195.478058817203,5.289372420242281,0.5530681897332311,3.6083126072555585
NNYM_10-31-2025-07-52-39__Y-Maze_cs-p_female_dosed_1-98_Day1_on.hdf5,1uM,91,inverse,396,0.640506329113924,0.942443272423207,0.6342994418137566,27115.386427435413,5.169048139939668,0.6763526479360907,5.053715221158413
NNYM_10-31-2025-07-52-39__Y-Maze_cs-p_female_dosed_1-98_Day1_on.hdf5,1uM,92,upright,700,0.41487839771101576,1.1154225678580134,1.2476161150266625,30912.0625600127,6.083319978168549,0.6657002985449532,3.669433215374842
NNYM_10-31-2025-07-52-39__Y-Maze_cs-p_female_dosed_1-98_Day1_on.hdf5,1uM,93,inverse,645,0.5077639751552795,0.8835722980138084,0.7594553885689376,30339.52972812082,6.067632708074834,0.6469128464999401,4.017472654117965
NNYM_10-31-2025-07-52-39__Y-Maze_cs-p_female_dosed_1-98_Day1_on.hdf5,1uM,94,upright,588,0.3781942078364566,0.9288438656057527,1.3166277270632962,26081.40479897974,5.6019920126299,0.587842134600639,3.4309401793542227
NNYM_10-31-2025-07-52-39__Y-Maze_cs-p_female_dosed_1-98_Day1_on.hdf5,1uM,95,inverse,279,0.42805755395683454,1.0543183828943332,1.759425837680155,19860.828408923637,4.742244394237046,0.538456847952017,4.931883533355436
NNYM_10-31-2025-07-52-39__Y-Maze_cs-p_female_dosed_1-98_Day1_on.hdf5,1uM,96,unknown,0,,,,,,,
NNYM_10-31-2025-07-52-39__Y-Maze_cs-p_female_dosed_1-98_Day1_on.hdf5,1uM,97,unknown,0,,,,,,,
NNYM_10-31-2025-09-59-40__Y-Maze_cs-p_female_dosed_1-98_Day1_off.hdf5,1uM,0,upright,340,0.40117994100294985,0.9605994917861044,0.6592633854261544,23099.632028136926,4.647616735847449,0.62304972079799,5.46487919543355
NNYM_10-31-2025-09-59-40__Y-Maze_cs-p_female_dosed_1-98_Day1_off.hdf5,1uM,1,inverse,275,0.7007299270072993,0.9781634354805087,4.322574869229292,14529.469564370382,4.659223723686821,0.5446172389352355,4.163341570874909
NNYM_10-31-2025-09-59-40__Y-Maze_cs-p_female_dosed_1-98_Day1_off.hdf5,1uM,2,upright,450,0.42538975501113585,0.84013566616224,1.0980472693231254,21255.53824079736,4.728243176928966,0.5551123084999507,3.947600302248605
NNYM_10-31-2025-09-59-40__Y-Maze_cs-p_female_dosed_1-98_Day1_off.hdf5,1uM,3,inverse,1334,0.41035258814703673,0.8098166635172788,0.5134263996904963,52812.64712857571,8.609709516246443,0.8377393126724234,3.4424906734278506
NNYM_10-31-2025-09-59-40__Y-Maze_cs-p_female_dosed_1-98_Day1_off.hdf5,1uM,4,upright,594,0.5126475548060708,0.9364099657701546,0.6548929756896483,26017.958450441467,5.566707672564809,0.6563339928859813,3.77843613479777
NNYM_10-31-2025-09-59-40__Y-Maze_cs-p_female_dosed_1-98_Day1_off.hdf5,1uM,5,inverse,78,0.6753246753246753,0.8101366396761133,1.3889490653595302,8011.461792454991,4.216649134940625,0.3363169882219485,5.625082079810775
NNYM_10-31-2025-09-59-40__Y-Maze_cs-p_female_dosed_1-98_Day1_off.hdf5,1uM,6,upright,185,0.8532608695652174,0.7855858364368338,1.9520142399054519,14689.553554635073,4.05233640791653,0.47059203325421517,5.7775307094519
NNYM_10-31-2025-09-59-40__Y-Maze_cs-p_female_dosed_1-98_Day1_off.hdf5,1uM,7,inverse,343,0.4619883040935672,1.0382587391481886,0.9101290470401037,22759.001604847315,5.4739436091590274,0.6044120720021493,4.9201504419725275
NNYM_10-31-2025-09-59-40__Y-Maze_cs-p_female_dosed_1-98_Day1_off.hdf5,1uM,8,upright,605,0.4966887417218543,0.9154630356986996,1.334691069876169,29461.763397701303,6.088395230600526,0.6323551306456244,3.96021394163205
NNYM_10-31-2025-09-59-40__Y-Maze_cs-p_female_dosed_1-98_Day1_off.hdf5,1uM,9,inverse,370,0.46883468834688347,0.851132828728375,0.7553250222035108,24525.266475774974,5.048054425654759,0.6046560183735255,5.227333071006633
NNYM_10-31-2025-09-59-40__Y-Maze_cs-p_female_dosed_1-98_Day1_off.hdf5,1uM,10,upright,1096,0.6063926940639269,0.926789132888566,0.6088411675619092,46459.59547302086,7.7632781375636,0.8138546292799187,3.793865010459619
NNYM_10-31-2025-09-59-40__Y-Maze_cs-p_female_dosed_1-98_Day1_off.hdf5,1uM,11,inverse,616,0.27967479674796747,0.8488657017398813,0.9180920634352318,25099.82464915821,5.284343899086569,0.590084791836564,3.5814057335887535
NNYM_10-31-2025-09-59-40__Y-Maze_cs-p_female_dosed_1-98_Day1_off.hdf5,1uM,12,upright,1,,,,1180.7137598893867,5.164280348192472,0.31394761754496686,
NNYM_10-31-2025-09-59-40__Y-Maze_cs-p_female_dosed_1-98_Day1_off.hdf5,1uM,13,inverse,620,0.5945072697899838,0.9833517782675405,0.5181450818402102,31060.395506416076,5.811867295326897,0.716070168390393,4.4684823648700895
NNYM_10-31-2025-09-59-40__Y-Maze_cs-p_female_dosed_1-98_Day1_off.hdf5,1uM,14,upright,101,0.67,1.0279182599399697,4.932481330504654,7662.35943857985,4.124686775942333,0.45982337100321036,5.557218529421439
NNYM_10-31-2025-09-59-40__Y-Maze_cs-p_female_dosed_1-98_Day1_off.hdf5,1uM,15,inverse,1161,0.5784482758620689,0.8014369647203982,0.6055469412960183,47328.34171486012,7.952034516850471,0.8085809354203768,3.5802797653926426
NNYM_10-31-2025-09-59-40__Y-Maze_cs-p_female_dosed_1-98_Day1_off.hdf5,1uM,16,upright,587,0.5221843003412969,0.9317487450820784,0.43280286596455675,30672.873245257077,5.431535838201908,0.7455706831871843,4.655099619005675
NNYM_10-31-2025-09-59-40__Y-Maze_cs-p_female_dosed_1-98_Day1_off.hdf5,1uM,17,inverse,768,0.7457627118644068,0.9226481525437138,1.5469072361830454,33039.31547432381,7.28914787846398,0.6075331938692737,3.692326314569118
NNYM_10-31-2025-09-59-40__Y-Maze_cs-p_female_dosed_1-98_Day1_off.hdf5,1uM,18,upright,914,0.5914567360350493,0.9211708002567733,0.5879914177518369,39670.048218080694,7.195458488935036,0.7429912152040129,3.8884379884974143
NNYM_10-31-2025-09-59-40__Y-Maze_cs-p_female_dosed_1-98_Day1_off.hdf5,1uM,19,inverse,380,0.6147757255936676,0.8098710035552296,0.6661468219217931,23187.50832333517,5.057909961684824,0.5909349692990391,5.043971639483509
NNYM_10-31-2025-09-59-40__Y-Maze_cs-p_female_dosed_1-98_Day1_off.hdf5,1uM,20,upright,610,0.6880131362889984,0.8964978323603885,0.7052199476686842,31447.17697267045,6.075541472928287,0.6811592693374302,4.166653219960654
NNYM_10-31-2025-09-59-40__Y-Maze_cs-p_female_dosed_1-98_Day1_off.hdf5,1uM,21,inverse,1175,0.5076660988074957,0.6497691135949352,0.5937391982775604,47622.848874736315,8.085389536482039,0.8049330099540721,3.6630128903460166
NNYM_10-31-2025-09-59-40__Y-Maze_cs-p_female_dosed_1-98_Day1_off.hdf5,1uM,22,upright,361,0.10555555555555556,0.8260933306986734,0.43896191011523356,23931.303721246575,4.864390543435557,0.615520786489107,6.014028586610504
NNYM_10-31-2025-09-59-40__Y-Maze_cs-p_female_dosed_1-98_Day1_off.hdf5,1uM,23,inverse,189,0.5372340425531915,1.0862376298481775,0.9050175307869286,14919.924735040971,4.465788798178652,0.39172781271837875,5.8061778928084715
NNYM_10-31-2025-09-59-40__Y-Maze_cs-p_female_dosed_1-98_Day1_off.hdf5,1uM,24,upright,917,0.4650655021834061,0.8742129801970815,0.7346023853622772,39399.78645734329,7.346140999188729,0.7134742139543114,3.7239700760609358
NNYM_10-31-2025-09-59-40__Y-Maze_cs-p_female_dosed_1-98_Day1_off.hdf5,1uM,25,inverse,121,0.575,1.2207440520965418,2.104137365508558,12929.64984237669,3.9087099276853428,0.403121773494891,6.192126524160699
NNYM_10-31-2025-09-59-40__Y-Maze_cs-p_female_dosed_1-98_Day1_off.hdf5,1uM,26,upright,877,0.5821917808219178,0.791678413004546,0.7057656789248344,34639.063391624004,6.323219652243905,0.7274567653243778,3.4411573839557996
NNYM_10-31-2025-09-59-40__Y-Maze_cs-p_female_dosed_1-98_Day1_off.hdf5,1uM,27,inverse,195,0.5309278350515464,0.8842121206928291,1.1364425499935127,9308.897069089991,4.7376958245735485,0.5820432850143946,4.065271335712417
NNYM_10-31-2025-09-59-40__Y-Maze_cs-p_female_dosed_1-98_Day1_off.hdf5,1uM,28,upright,1099,0.4872495446265938,1.0471714002842156,0.5991352202171645,46165.22471549562,7.872084945212643,0.7950616512538532,3.644498225059075
NNYM_10-31-2025-09-59-40__Y-Maze_cs-p_female_dosed_1-98_Day1_off.hdf5,1uM,29,inverse,1088,0.44894204231830726,0.9491236583056114,0.4165887757636947,46559.27365471183,7.774450228011817,0.8151327901423597,3.738941582015179
NNYM_10-31-2025-09-59-40__Y-Maze_cs-p_female_dosed_1-98_Day1_off.hdf5,1uM,30,upright,752,0.5952063914780293,0.9463104026845638,0.4912951980223985,35514.06961147155,6.336641969107854,0.7497775233535428,4.181551602448314
NNYM_10-31-2025-09-59-40__Y-Maze_cs-p_female_dosed_1-98_Day1_off.hdf5,1uM,31,inverse,903,0.5676274944567627,0.7212974610653405,0.6657421417045807,39919.968202051634,7.21277422446179,0.7487291440896693,3.895347636248866
NNYM_10-31-2025-09-59-40__Y-Maze_cs-p_female_dosed_1-98_Day1_off.hdf5,1uM,32,upright,822,0.3337393422655298,0.8528349032823119,0.743495721524299,37373.59569273877,6.883928783788141,0.72803791182581,3.9235127046738083
NNYM_10-31-2025-09-59-40__Y-Maze_cs-p_female_dosed_1-98_Day1_off.hdf5,1uM,33,inverse,1158,0.35350043215211757,0.8592307975850254,0.4746503417427833,49494.720878917426,8.715557114953844,0.7720911697830146,3.728615162887296
NNYM_10-31-2025-09-59-40__Y-Maze_cs-p_female_dosed_1-98_Day1_off.hdf5,1uM,34,upright,402,0.5985037406483791,0.8999279567805384,0.8292906206520801,21184.178709003827,5.45940318487129,0.5869820869495065,4.330772504499851
NNYM_10-31-2025-09-59-40__Y-Maze_cs-p_female_dosed_1-98_Day1_off.hdf5,1uM,35,inverse,779,0.390745501285347,1.0163518901027229,0.7589147843752974,39409.509908960084,6.840829412890612,0.7779854917968851,4.3076181101997495
NNYM_10-31-2025-09-59-40__Y-Maze_cs-p_female_dosed_1-98_Day1_off.hdf5,1uM,36,upright,219,0.6238532110091743,1.1684697088906375,0.7774992681828956,12600.907467203895,5.7817696834972265,0.6508341522905147,4.751158693166104
NNYM_10-31-2025-09-59-40__Y-Maze_cs-p_female_dosed_1-98_Day1_off.hdf5,1uM,37,inverse,64,0.5238095238095238,1.7135630498533725,2.360617056085283,8035.785153359822,4.66508910347591,0.284405244148225,5.334485827906962
NNYM_10-31-2025-09-59-40__Y-Maze_cs-p_female_dosed_1-98_Day1_off.hdf5,1uM,38,unknown,1,,,,330.070839034148,3.923804514068319,0.22051671732522796,
NNYM_10-31-2025-09-59-40__Y-Maze_cs-p_female_dosed_1-98_Day1_off.hdf5,1uM,39,inverse,288,0.5644599303135889,0.9386780626780625,0.7778194382202714,21715.97728458415,4.758030880834214,0.56529440476128,6.288323551967419
NNYM_10-31-2025-09-59-40__Y-Maze_cs-p_female_dosed_1-98_Day1_off.hdf5,1uM,40,upright,529,0.5397727272727273,1.0961197357016126,0.9856013747748091,27091.964276102062,5.54713290216111,0.6283735560783484,4.400035104796454
NNYM_10-31-2025-09-59-40__Y-Maze_cs-p_female_dosed_1-98_Day1_off.hdf5,1uM,41,inverse,8,0.2857142857142857,1.2249999999999999,1.150365730649494,1492.0230423365433,3.668132680536058,0.32592270950933566,6.970197158889419
NNYM_10-31-2025-09-59-40__Y-Maze_cs-p_female_dosed_1-98_Day1_off.hdf5,1uM,42,upright,566,0.6389380530973451,0.9107491459777166,0.972141477193142,25117.445788523986,5.2943543519776295,0.6742659768138116,3.725883667822777
NNYM_10-31-2025-09-59-40__Y-Maze_cs-p_female_dosed_1-98_Day1_off.hdf5,1uM,43,inverse,996,0.48040201005025124,0.9027954377609507,0.4669332410305484,43476.040024850816,7.31795679576,0.8054813112299021,3.873075853500161
NNYM_10-31-2025-09-59-40__Y-Maze_cs-p_female_dosed_1-98_Day1_off.hdf5,1uM,44,upright,773,0.5012953367875648,1.0454026064559048,0.3768549856260913,37445.47826480186,6.403393429619334,0.7900791639043794,4.405604430647681
NNYM_10-31-2025-09-59-40__Y-Maze_cs-p_female_dosed_1-98_Day1_off.hdf5,1uM,45,inverse,989,0.6538461538461539,0.8191986014263861,0.5168459995072149,41847.25550902872,7.3183445366690085,0.7738543289576013,3.6922667529600925
NNYM_10-31-2025-09-59-40__Y-Maze_cs-p_female_dosed_1-98_Day1_off.hdf5,1uM,46,upright,1132,0.5897435897435898,0.7059277606771835,0.5184548097358871,45684.59364630685,7.797087220425021,0.7980572464032242,3.661826467639494
NNYM_10-31-2025-09-59-40__Y-Maze_cs-p_female_dosed_1-98_Day1_off.hdf5,1uM,47,inverse,1012,0.44906033630069236,0.8424070437754237,0.6474190981238949,40879.9872479631,7.645677810053722,0.7201629774158376,3.5727800481889447
NNYM_10-31-2025-09-59-40__Y-Maze_cs-p_female_dosed_1-98_Day1_off.hdf5,1uM,48,upright,596,0.49747899159663866,1.0101266894745156,0.5655262873480139,33173.68279259943,6.139952669331791,0.723106588558314,4.927736182614959
NNYM_10-31-2025-09-59-40__Y-Maze_cs-p_female_dosed_1-98_Day1_off.hdf5,1uM,49,unknown,2,,,,4628.690851822275,4.378540046039594,0.1786274127871924,
NNYM_10-31-2025-09-59-40__Y-Maze_cs-p_female_dosed_1-98_Day1_off.hdf5,1uM,50,upright,806,0.34285714285714286,0.9025862535150334,0.7113078330246834,39349.44910588776,7.162077335190795,0.7388464167903571,4.179859847381856
NNYM_10-31-2025-09-59-40__Y-Maze_cs-p_female_dosed_1-98_Day1_off.hdf5,1uM,51,unknown,0,,,,,,,
NNYM_10-31-2025-09-59-40__Y-Maze_cs-p_female_dosed_1-98_Day1_off.hdf5,1uM,52,upright,214,0.49765258215962443,0.8585094888592409,1.794525776591167,14892.556693071845,4.686470604957334,0.4343233289871089,4.638394852285385
NNYM_10-31-2025-09-59-40__Y-Maze_cs-p_female_dosed_1-98_Day1_off.hdf5,1uM,53,inverse,812,0.49815043156596794,0.8518635084229144,0.9530459842423676,34351.858504698816,6.405968239425174,0.7222700822899545,3.6490695891533407
NNYM_10-31-2025-09-59-40__Y-Maze_cs-p_female_dosed_1-98_Day1_off.hdf5,1uM,54,upright,1112,0.5238523852385238,0.6970818761778168,0.5417651261125515,43512.067418850114,7.457528849659056,0.7879890833500275,3.536805455132084
NNYM_10-31-2025-09-59-40__Y-Maze_cs-p_female_dosed_1-98_Day1_off.hdf5,1uM,55,inverse,662,0.3358547655068079,0.8830490772404213,0.8998495419704547,30884.407079729317,5.870599391560389,0.6922736509133568,4.037410896050763
NNYM_10-31-2025-09-59-40__Y-Maze_cs-p_female_dosed_1-98_Day1_off.hdf5,1uM,56,upright,237,0.614406779661017,1.0058536034764942,2.5989879050497673,17372.17251648569,4.453708055983592,0.5405571886854592,4.974913772362856
NNYM_10-31-2025-09-59-40__Y-Maze_cs-p_female_dosed_1-98_Day1_off.hdf5,1uM,57,inverse,917,0.5393013100436681,0.7961759014055282,0.5060366327650947,39782.54354494499,6.741119908437651,0.7975122253526995,3.8019011998613976
NNYM_10-31-2025-09-59-40__Y-Maze_cs-p_female_dosed_1-98_Day1_off.hdf5,1uM,58,upright,925,0.5465367965367965,0.756280571054543,0.4910435044525543,40380.32708057137,7.078429505137293,0.7691544646018621,3.9306558898963817
NNYM_10-31-2025-09-59-40__Y-Maze_cs-p_female_dosed_1-98_Day1_off.hdf5,1uM,59,inverse,1016,0.5517241379310345,0.7954952776513428,0.3980890147813841,41331.44580313685,7.425855532697787,0.7497436004227339,3.682180856580758
NNYM_10-31-2025-09-59-40__Y-Maze_cs-p_female_dosed_1-98_Day1_off.hdf5,1uM,60,upright,758,0.618229854689564,0.8686762859436831,0.7390219242132258,35834.904071774006,6.5432914066353085,0.7340854107910615,4.000534906392679
NNYM_10-31-2025-09-59-40__Y-Maze_cs-p_female_dosed_1-98_Day1_off.hdf5,1uM,61,inverse,430,0.7226107226107226,0.9033662530432732,0.6981610638560082,25423.702233206666,5.425560375713179,0.6310585972309766,4.994882881022126
NNYM_10-31-2025-09-59-40__Y-Maze_cs-p_female_dosed_1-98_Day1_off.hdf5,1uM,62,upright,994,0.37865055387714,0.7626650032565083,0.5238089148208488,43813.11674428404,7.92520847884502,0.7491687155153964,3.8994243806875426
NNYM_10-31-2025-09-59-40__Y-Maze_cs-p_female_dosed_1-98_Day1_off.hdf5,1uM,63,inverse,128,0.11811023622047244,1.0667328042328041,4.87536754531544,7635.046529727035,4.772007711435039,0.45902763064421653,4.1534975370381195
NNYM_10-31-2025-09-59-40__Y-Maze_cs-p_female_dosed_1-98_Day1_off.hdf5,1uM,64,upright,513,0.58984375,1.1728994600652562,0.9295634681528049,26580.19936393091,5.5481549842620845,0.6205203551298274,4.129215995802653
NNYM_10-31-2025-09-59-40__Y-Maze_cs-p_female_dosed_1-98_Day1_off.hdf5,1uM,65,inverse,520,0.4720616570327553,0.7010304589665532,1.2768422501560477,26406.067100133077,6.026175803636608,0.573770928513393,4.255800312321872
NNYM_10-31-2025-09-59-40__Y-Maze_cs-p_female_dosed_1-98_Day1_off.hdf5,1uM,66,upright,603,0.7757475083056479,0.8990745722260294,0.40189310700043535,31372.420577168967,5.76012744601583,0.7197756770248347,4.6786556056018345
NNYM_10-31-2025-09-59-40__Y-Maze_cs-p_female_dosed_1-98_Day1_off.hdf5,1uM,67,inverse,191,0.46842105263157896,1.083687823035915,1.2690438622011955,14906.712892195654,4.863778114867287,0.42792115048779944,5.567357915307079
NNYM_10-31-2025-09-59-40__Y-Maze_cs-p_female_dosed_1-98_Day1_off.hdf5,1uM,68,upright,923,0.4793926247288503,0.774388165856838,0.5200145600083186,39106.83440534945,6.895846826613742,0.7618520905018926,3.839620246359842
NNYM_10-31-2025-09-59-40__Y-Maze_cs-p_female_dosed_1-98_Day1_off.hdf5,1uM,69,inverse,1094,0.5315645013723697,0.821957040226743,0.5267660064922575,46649.93040889752,8.097727706609259,0.7807725881050095,3.887326322820485
NNYM_10-31-2025-09-59-40__Y-Maze_cs-p_female_dosed_1-98_Day1_off.hdf5,1uM,70,upright,664,0.7601809954751131,1.0233127003580318,1.5437441807273315,30409.783374579874,6.026661242873656,0.680789057740972,3.63540226903993
NNYM_10-31-2025-09-59-40__Y-Maze_cs-p_female_dosed_1-98_Day1_off.hdf5,1uM,71,inverse,1000,0.41041041041041043,0.8261219922141688,0.47047027445153516,43299.72575874624,7.224904761414208,0.8124717272505109,3.76916545243068
NNYM_10-31-2025-09-59-40__Y-Maze_cs-p_female_dosed_1-98_Day1_off.hdf5,1uM,72,upright,1016,0.48472906403940885,0.9278872349773198,0.7140900302146407,44068.334103272806,7.645087535662807,0.7819993795766002,3.8161745462327032
NNYM_10-31-2025-09-59-40__Y-Maze_cs-p_female_dosed_1-98_Day1_off.hdf5,1uM,73,inverse,735,0.5217983651226158,0.9294610097491064,0.5969671157247154,36148.13495573183,6.546797211868333,0.7430862289448703,4.23561107192894
NNYM_10-31-2025-09-59-40__Y-Maze_cs-p_female_dosed_1-98_Day1_off.hdf5,1uM,74,upright,734,0.4406548431105048,0.9533205087418078,1.0287010074589198,36495.55091304101,6.74466374738932,0.7294160528434285,4.136261450705985
NNYM_10-31-2025-09-59-40__Y-Maze_cs-p_female_dosed_1-98_Day1_off.hdf5,1uM,75,inverse,834,0.3589435774309724,0.927155520532525,0.4458778018419236,35597.24453455396,6.46395182851719,0.7354297453736854,3.808937676252047
NNYM_10-31-2025-09-59-40__Y-Maze_cs-p_female_dosed_1-98_Day1_off.hdf5,1uM,76,upright,1066,0.4056338028169014,0.9277844468002551,0.5173419970902833,47819.98823016157,7.9171328771455975,0.8254380762106928,3.926643652112688
NNYM_10-31-2025-09-59-40__Y-Maze_cs-p_female_dosed_1-98_Day1_off.hdf5,1uM,77,inverse,673,0.49107142857142855,1.0852939149119243,0.7679481809815214,37840.31810804652,6.6903147218142385,0.7613083825247214,4.718874691929748
NNYM_10-31-2025-09-59-40__Y-Maze_cs-p_female_dosed_1-98_Day1_off.hdf5,1uM,78,upright,539,0.620817843866171,1.0442093138730755,1.301295136294435,30007.76538023058,6.1365944206785175,0.6479889517295804,4.7361226011882716
NNYM_10-31-2025-09-59-40__Y-Maze_cs-p_female_dosed_1-98_Day1_off.hdf5,1uM,79,inverse,965,0.4896265560165975,0.9516037868547016,0.48329260243943034,44582.3294012745,7.557875958851598,0.8024162839237581,4.180403053681005
NNYM_10-31-2025-09-59-40__Y-Maze_cs-p_female_dosed_1-98_Day1_off.hdf5,1uM,80,upright,585,0.4691780821917808,1.1777171333937264,0.8738554155046224,34092.907639639125,6.3228468560765,0.7169325262039218,4.735483727478218
NNYM_10-31-2025-09-59-40__Y-Maze_cs-p_female_dosed_1-98_Day1_off.hdf5,1uM,81,inverse,868,0.6966551326412919,0.8933988165026329,0.33153902294475357,40224.08468353252,7.045721927968713,0.766692749426136,4.224522754956595
NNYM_10-31-2025-09-59-40__Y-Maze_cs-p_female_dosed_1-98_Day1_off.hdf5,1uM,82,upright,301,0.46,0.976147006392753,2.4628965160461354,18543.98129939557,4.660771444595102,0.6827281874973795,5.8950217547325146
NNYM_10-31-2025-09-59-40__Y-Maze_cs-p_female_dosed_1-98_Day1_off.hdf5,1uM,83,inverse,280,0.5125448028673835,0.9862323325214777,0.8945308146646819,16430.12684087841,4.780648426814655,0.6478131316449532,4.470142421048077
NNYM_10-31-2025-09-59-40__Y-Maze_cs-p_female_dosed_1-98_Day1_off.hdf5,1uM,84,upright,888,0.5467869222096956,0.9815060944144791,0.6457158615578487,40601.313498789656,6.936582886374986,0.7932165845776978,3.943115206301469
NNYM_10-31-2025-09-59-40__Y-Maze_cs-p_female_dosed_1-98_Day1_off.hdf5,1uM,85,inverse,832,0.7196149217809867,0.8718057035871679,0.48624447841588536,43892.662032179396,7.424764288729209,0.8025635886075455,4.564880590402586
NNYM_10-31-2025-09-59-40__Y-Maze_cs-p_female_dosed_1-98_Day1_off.hdf5,1uM,86,upright,973,0.45987654320987653,0.750455678729167,0.6604854748826348,39215.838599812065,7.0227088791705325,0.7514507504604413,3.5947312008493704
NNYM_10-31-2025-09-59-40__Y-Maze_cs-p_female_dosed_1-98_Day1_off.hdf5,1uM,87,inverse,934,0.5401929260450161,0.8142746246957621,0.594276879916401,38187.54207847439,6.974574402132654,0.7309868269973487,3.769080882730457
NNYM_10-31-2025-09-59-40__Y-Maze_cs-p_female_dosed_1-98_Day1_off.hdf5,1uM,88,upright,1067,0.6041275797373359,0.6458510731951292,0.6392906214505898,43459.49698707216,7.719699635202332,0.7621097757584641,3.6585533639927443
NNYM_10-31-2025-09-59-40__Y-Maze_cs-p_female_dosed_1-98_Day1_off.hdf5,1uM,89,inverse,689,0.47238372093023256,0.9607182830843014,0.6153329327961884,29707.463007525155,5.556477481024741,0.6988747304450108,3.8349080544726073
NNYM_10-31-2025-09-59-40__Y-Maze_cs-p_female_dosed_1-98_Day1_off.hdf5,1uM,90,upright,500,0.3406813627254509,0.876098637352916,6.116091300808107,24021.516517972028,5.7781350167205305,0.730619846990608,4.156403118255869
NNYM_10-31-2025-09-59-40__Y-Maze_cs-p_female_dosed_1-98_Day1_off.hdf5,1uM,91,inverse,245,0.6188524590163934,0.9421222119363543,6.640305191130618,15264.737630990587,5.051567899723985,0.6000427594656711,4.810572601225801
NNYM_10-31-2025-09-59-40__Y-Maze_cs-p_female_dosed_1-98_Day1_off.hdf5,1uM,92,upright,1070,0.46492048643592143,0.9202601234419956,0.5284580348625229,44933.94468268895,7.852520441594074,0.772360579800661,3.8606269402111435
NNYM_10-31-2025-09-59-40__Y-Maze_cs-p_female_dosed_1-98_Day1_off.hdf5,1uM,93,inverse,1064,0.5079962370649106,0.9493953589977183,0.5363863755637924,45133.11208430637,7.704414497903247,0.793783861889054,3.7800552678331822
NNYM_10-31-2025-09-59-40__Y-Maze_cs-p_female_dosed_1-98_Day1_off.hdf5,1uM,94,upright,756,0.6052980132450331,0.8854229622608898,0.5686849643940705,34748.6365515242,6.168260682463678,0.7492608016657991,4.125872718749419
NNYM_10-31-2025-09-59-40__Y-Maze_cs-p_female_dosed_1-98_Day1_off.hdf5,1uM,95,inverse,735,0.43460490463215257,1.0187917841225524,0.7188020396455005,35607.14838016393,6.427836060759899,0.7378664297827667,4.1853850412758495
NNYM_10-31-2025-09-59-40__Y-Maze_cs-p_female_dosed_1-98_Day1_off.hdf5,1uM,96,unknown,0,,,,,,,
NNYM_10-31-2025-09-59-40__Y-Maze_cs-p_female_dosed_1-98_Day1_off.hdf5,1uM,97,unknown,0,,,,,,,
NNYM_11-01-2025-07-49-52__Y-Maze_cs-p_female_dosed_1-98_Day1_on.hdf5,1uM,0,upright,1141,0.6175438596491228,0.6988511424138202,1.3093501301601609,42718.23815952634,8.238753956286304,0.7014779885436928,3.4092360288939316
NNYM_11-01-2025-07-49-52__Y-Maze_cs-p_female_dosed_1-98_Day1_on.hdf5,1uM,1,inverse,568,0.5061728395061729,1.0496299448418511,1.2140015291745945,26284.480099547436,6.025774217216587,0.5731673684016989,4.03426202207886
NNYM_11-01-2025-07-49-52__Y-Maze_cs-p_female_dosed_1-98_Day1_on.hdf5,1uM,2,upright,545,0.47610294117647056,0.8933851227541255,0.9755295147131522,26336.472558943962,5.812273558101025,0.5845936867054029,4.07891390746564
NNYM_11-01-2025-07-49-52__Y-Maze_cs-p_female_dosed_1-98_Day1_on.hdf5,1uM,3,inverse,817,0.5355392156862745,0.7374681260186255,0.6323822483837787,35009.846990081234,6.727650763145375,0.6919357811816387,3.84877799970432
NNYM_11-01-2025-07-49-52__Y-Maze_cs-p_female_dosed_1-98_Day1_on.hdf5,1uM,4,upright,654,0.4655436447166922,0.9338828265152616,1.018958969808182,27282.129022409397,6.222319842364082,0.5668605178639473,3.501832233075274
NNYM_11-01-2025-07-49-52__Y-Maze_cs-p_female_dosed_1-98_Day1_on.hdf5,1uM,5,inverse,497,0.3870967741935484,0.9707070707070707,0.893414637531638,27034.883721823462,5.6307277670403435,0.6180258370330808,4.660149685858828
NNYM_11-01-2025-07-49-52__Y-Maze_cs-p_female_dosed_1-98_Day1_on.hdf5,1uM,6,upright,642,0.42121684867394693,0.7722989745557552,1.0383966091984826,25516.25789518254,7.015745521823743,0.5807346263151115,3.4867480285569705
NNYM_11-01-2025-07-49-52__Y-Maze_cs-p_female_dosed_1-98_Day1_on.hdf5,1uM,7,inverse,726,0.47172413793103446,0.953325069618591,0.4977534501035475,30682.555292321482,6.21492926514081,0.6468793398141224,3.8439388052348784
NNYM_11-01-2025-07-49-52__Y-Maze_cs-p_female_dosed_1-98_Day1_on.hdf5,1uM,8,upright,972,0.5406797116374872,0.8032551761030796,2.6654685864421293,37623.44993561698,7.9812460605809665,0.6796759114393612,3.494765227119442
NNYM_11-01-2025-07-49-52__Y-Maze_cs-p_female_dosed_1-98_Day1_on.hdf5,1uM,9,inverse,75,0.36486486486486486,1.0640240940444963,2.246595298768595,8213.101883323903,4.626094366787511,0.3405066128670702,4.991122983861709
NNYM_11-01-2025-07-49-52__Y-Maze_cs-p_female_dosed_1-98_Day1_on.hdf5,1uM,10,upright,2,0.0,,,5550.6793131081,4.772480649962663,0.2499760683106142,
NNYM_11-01-2025-07-49-52__Y-Maze_cs-p_female_dosed_1-98_Day1_on.hdf5,1uM,11,inverse,656,0.38778625954198476,0.8404991413325389,0.8092362015321719,26393.226142176012,5.915890974884307,0.5854293267415113,3.7573376859759886
NNYM_11-01-2025-07-49-52__Y-Maze_cs-p_female_dosed_1-98_Day1_on.hdf5,1uM,12,upright,11,0.3,1.5873015873015874,1.340207540517715,5796.904007394781,3.9484943374788846,0.2518490809854964,7.338604234033385
NNYM_11-01-2025-07-49-52__Y-Maze_cs-p_female_dosed_1-98_Day1_on.hdf5,1uM,13,inverse,225,0.53125,1.2155104194144026,1.3120155048416617,11809.759320456735,5.337626181519045,0.4908823223473119,4.700472293837516
NNYM_11-01-2025-07-49-52__Y-Maze_cs-p_female_dosed_1-98_Day1_on.hdf5,1uM,14,upright,343,0.5409356725146199,0.8620834593302232,4.6832213279043815,17081.691524497048,5.589964863171037,0.559924550203134,3.5685341905661883
NNYM_11-01-2025-07-49-52__Y-Maze_cs-p_female_dosed_1-98_Day1_on.hdf5,1uM,15,inverse,174,0.4508670520231214,0.8101485265040956,3.5495097779390496,9529.6251381049,5.271280983469664,0.38132790844693715,3.4086183404662664
NNYM_11-01-2025-07-49-52__Y-Maze_cs-p_female_dosed_1-98_Day1_on.hdf5,1uM,16,upright,313,0.44551282051282054,0.9501906569088909,1.2814133653859971,22983.041628911647,5.116056795891561,0.5853035070128733,6.014501779126564
NNYM_11-01-2025-07-49-52__Y-Maze_cs-p_female_dosed_1-98_Day1_on.hdf5,1uM,17,inverse,819,0.26894865525672373,0.8746554573626044,1.078902419157046,32759.520079107904,7.020894695451929,0.6240594693856294,3.442739864216525
NNYM_11-01-2025-07-49-52__Y-Maze_cs-p_female_dosed_1-98_Day1_on.hdf5,1uM,18,upright,18,0.4117647058823529,0.9031250000000001,1.7411668966594673,3178.1573528025756,3.9979487622591243,0.2623891840326321,4.170430075096965
NNYM_11-01-2025-07-49-52__Y-Maze_cs-p_female_dosed_1-98_Day1_on.hdf5,1uM,19,inverse,859,0.6386946386946387,0.8368536208825009,1.5999262752450023,34590.148653102704,7.326376855001599,0.6365723873010732,3.4245053529552063
NNYM_11-01-2025-07-49-52__Y-Maze_cs-p_female_dosed_1-98_Day1_on.hdf5,1uM,20,upright,78,0.37662337662337664,0.9807688672111312,3.583610004922235,5376.475866246609,4.620363523092392,0.3672409488139825,4.528074086066706
NNYM_11-01-2025-07-49-52__Y-Maze_cs-p_female_dosed_1-98_Day1_on.hdf5,1uM,21,inverse,792,0.7560050568900126,0.8818008444229283,0.5124425989178274,33175.91031084693,6.672375832982827,0.6636621283689914,3.8555173269887946
NNYM_11-01-2025-07-49-52__Y-Maze_cs-p_female_dosed_1-98_Day1_on.hdf5,1uM,22,upright,922,0.5863192182410424,0.8537047101449275,0.7898068750201772,39025.64956487832,7.8984105924932875,0.662943635821241,3.761140479894258
NNYM_11-01-2025-07-49-52__Y-Maze_cs-p_female_dosed_1-98_Day1_on.hdf5,1uM,23,inverse,449,0.33482142857142855,0.9442105210476005,1.0630836133364872,24674.654469498335,5.9215979659305455,0.541535216538335,4.64164874714701
NNYM_11-01-2025-07-49-52__Y-Maze_cs-p_female_dosed_1-98_Day1_on.hdf5,1uM,24,unknown,1,,,,2974.951219448054,4.463494094025837,0.19918491737764776,
NNYM_11-01-2025-07-49-52__Y-Maze_cs-p_female_dosed_1-98_Day1_on.hdf5,1uM,25,inverse,454,0.4370860927152318,0.9711277270361081,0.5645664871855715,26527.51378607152,5.6183858082129925,0.6011690907714842,5.202858164881793
NNYM_11-01-2025-07-49-52__Y-Maze_cs-p_female_dosed_1-98_Day1_on.hdf5,1uM,26,upright,282,0.6120996441281139,1.0604465428693346,0.68018177891186,22864.48278100846,4.95140015879493,0.581740370257093,6.825260031497818
NNYM_11-01-2025-07-49-52__Y-Maze_cs-p_female_dosed_1-98_Day1_on.hdf5,1uM,27,inverse,194,0.35751295336787564,0.9863518656498362,5.396522645435099,10984.392358916673,5.431997941495234,0.4848096206467935,4.218551218379898
NNYM_11-01-2025-07-49-52__Y-Maze_cs-p_female_dosed_1-98_Day1_on.hdf5,1uM,28,upright,783,0.44501278772378516,0.9746559716949352,0.8873914927157016,30500.925690831158,6.487099269245177,0.6143993742317577,3.331269364628057
NNYM_11-01-2025-07-49-52__Y-Maze_cs-p_female_dosed_1-98_Day1_on.hdf5,1uM,29,inverse,319,0.6352201257861635,1.055084690999286,0.6339303402309052,22222.274163738468,4.833723413612149,0.5647614345068105,5.554968632783771
NNYM_11-01-2025-07-49-52__Y-Maze_cs-p_female_dosed_1-98_Day1_on.hdf5,1uM,30,upright,240,0.5355648535564853,0.937516412815126,3.7267851664151084,17008.024435626292,5.480409203726758,0.4458016358672771,4.434221885135721
NNYM_11-01-2025-07-49-52__Y-Maze_cs-p_female_dosed_1-98_Day1_on.hdf5,1uM,31,inverse,596,0.49411764705882355,0.7812529130358588,2.6250902559057443,27463.76939802668,6.307589521143572,0.6219601170262533,3.9527765041639578
NNYM_11-01-2025-07-49-52__Y-Maze_cs-p_female_dosed_1-98_Day1_on.hdf5,1uM,32,upright,185,0.31521739130434784,1.0379343245369248,2.862865700899729,14980.325493792301,4.630773006930974,0.37894349652341064,4.655825921804067
NNYM_11-01-2025-07-49-52__Y-Maze_cs-p_female_dosed_1-98_Day1_on.hdf5,1uM,33,inverse,511,0.3941176470588235,0.9173665500486958,1.3814062808218515,23526.168434566323,5.8246380979567896,0.5064821268098972,3.7736365134512013
NNYM_11-01-2025-07-49-52__Y-Maze_cs-p_female_dosed_1-98_Day1_on.hdf5,1uM,34,upright,468,0.13276231263383298,0.9319039146211604,1.0852696525798498,21536.575703294082,5.5128538056460075,0.5167379943453196,4.137901883491322
NNYM_11-01-2025-07-49-52__Y-Maze_cs-p_female_dosed_1-98_Day1_on.hdf5,1uM,35,inverse,530,0.45179584120982985,1.0323222577091067,0.4711256769314193,27086.76634244319,5.998617522902313,0.5855938375475298,4.579652845666534
NNYM_11-01-2025-07-49-52__Y-Maze_cs-p_female_dosed_1-98_Day1_on.hdf5,1uM,36,upright,603,0.5813953488372093,0.7793899057127011,4.242884838550547,24626.093076934678,7.305038301243253,0.5031619184443105,3.3203702684182224
NNYM_11-01-2025-07-49-52__Y-Maze_cs-p_female_dosed_1-98_Day1_on.hdf5,1uM,37,inverse,5,0.5,2.0,0.8248239635229321,1694.6204808531102,3.878520904494698,0.14092566190471634,3.2981266924499164
NNYM_11-01-2025-07-49-52__Y-Maze_cs-p_female_dosed_1-98_Day1_on.hdf5,1uM,38,upright,623,0.5466237942122186,0.8836902273843378,1.7169056051327198,28931.529019146306,6.638361652034005,0.5892737620997337,3.987069547643196
NNYM_11-01-2025-07-49-52__Y-Maze_cs-p_female_dosed_1-98_Day1_on.hdf5,1uM,39,inverse,574,0.5549738219895288,1.0334721327507121,2.5413555386685935,28310.732700872148,6.601224457463842,0.5779304521555771,3.955584668253126
NNYM_11-01-2025-07-49-52__Y-Maze_cs-p_female_dosed_1-98_Day1_on.hdf5,1uM,40,upright,388,0.48578811369509045,1.2808275405802023,0.7711785799373482,23141.769894780184,5.043613596314818,0.5731010061367204,5.018797239788458
NNYM_11-01-2025-07-49-52__Y-Maze_cs-p_female_dosed_1-98_Day1_on.hdf5,1uM,41,inverse,294,0.4948805460750853,1.0069548794188616,4.039353632016142,16665.002212324012,5.387848254367439,0.4912070621174783,4.507860576847658
NNYM_11-01-2025-07-49-52__Y-Maze_cs-p_female_dosed_1-98_Day1_on.hdf5,1uM,42,upright,695,0.3515850144092219,1.0190822615959227,0.7843400381863302,32536.388370217042,6.71984539102455,0.6384961733981341,4.102297814807588
NNYM_11-01-2025-07-49-52__Y-Maze_cs-p_female_dosed_1-98_Day1_on.hdf5,1uM,43,inverse,695,0.5014409221902018,0.7907713581422969,1.0328817064805011,31119.921074090496,6.770091570295481,0.6055283181410201,3.8718472335724377
NNYM_11-01-2025-07-49-52__Y-Maze_cs-p_female_dosed_1-98_Day1_on.hdf5,1uM,44,upright,100,0.5151515151515151,0.817076830732293,2.376222921856226,8454.522397716108,4.518733494931118,0.34633063274391795,4.8487380942790494
NNYM_11-01-2025-07-49-52__Y-Maze_cs-p_female_dosed_1-98_Day1_on.hdf5,1uM,45,inverse,212,0.6303317535545023,1.1852974928162898,1.5684993741196491,17696.95639443638,4.979475305418964,0.4641481908703839,6.213319648619072
NNYM_11-01-2025-07-49-52__Y-Maze_cs-p_female_dosed_1-98_Day1_on.hdf5,1uM,46,upright,352,0.5698005698005698,0.8741792809839167,2.445913829853234,16899.756462842546,5.322750426486858,0.48515833041888234,3.794962437947332
NNYM_11-01-2025-07-49-52__Y-Maze_cs-p_female_dosed_1-98_Day1_on.hdf5,1uM,47,inverse,302,0.6013289036544851,1.028924800491099,3.3845627380217764,15998.852245018219,5.637400860201295,0.42230708382204524,3.7624259880202713
NNYM_11-01-2025-07-49-52__Y-Maze_cs-p_female_dosed_1-98_Day1_on.hdf5,1uM,48,upright,435,0.5299539170506913,0.8900303007034724,1.3217365881728196,24199.994878003694,5.947387250062955,0.5249863839077159,4.460532578836455
NNYM_11-01-2025-07-49-52__Y-Maze_cs-p_female_dosed_1-98_Day1_on.hdf5,1uM,49,inverse,189,0.648936170212766,0.9623968270413437,2.869713990986638,12380.341070581078,5.63309469698856,0.3849035442633533,4.383882635765148
NNYM_11-01-2025-07-49-52__Y-Maze_cs-p_female_dosed_1-98_Day1_on.hdf5,1uM,50,upright,607,0.5165016501650165,0.9431760845412127,0.5437142350896532,32608.406220539986,6.758880189811491,0.6382051908261361,4.779050137331447
NNYM_11-01-2025-07-49-52__Y-Maze_cs-p_female_dosed_1-98_Day1_on.hdf5,1uM,51,inverse,648,0.5069551777434312,0.9196826006973104,0.7794497271801948,28956.889575698362,6.258815194806376,0.6034904775798287,3.7837438149744305
NNYM_11-01-2025-07-49-52__Y-Maze_cs-p_female_dosed_1-98_Day1_on.hdf5,1uM,52,upright,525,0.5687022900763359,1.0172944931102412,3.2041124923063444,22608.167439966957,5.950101395493483,0.5552171166540072,3.8315878283442135
NNYM_11-01-2025-07-49-52__Y-Maze_cs-p_female_dosed_1-98_Day1_on.hdf5,1uM,53,inverse,158,0.554140127388535,1.1415898277967242,2.8364345915596862,9729.020477489583,4.645211624932807,0.3545660160008991,4.251565121857956
NNYM_11-01-2025-07-49-52__Y-Maze_cs-p_female_dosed_1-98_Day1_on.hdf5,1uM,54,upright,23,0.36363636363636365,1.5433673469387756,1.508448368095258,3536.3724765724596,4.135666541826053,0.25949119089774475,5.6949168046544285
NNYM_11-01-2025-07-49-52__Y-Maze_cs-p_female_dosed_1-98_Day1_on.hdf5,1uM,55,inverse,467,0.38412017167381973,0.9772201581141008,3.639196071815547,19716.653988506798,5.274221105682534,0.5581255369472757,3.5232276981141197
NNYM_11-01-2025-07-49-52__Y-Maze_cs-p_female_dosed_1-98_Day1_on.hdf5,1uM,56,upright,92,0.34065934065934067,0.6183542413381123,1.843019577911124,7816.3990339534885,3.7001764888236495,0.30832270298224446,5.511298315280731
NNYM_11-01-2025-07-49-52__Y-Maze_cs-p_female_dosed_1-98_Day1_on.hdf5,1uM,57,inverse,283,0.6099290780141844,0.9423480020765462,2.7820284508455186,15039.71129666819,4.783220709772697,0.48005914345152473,3.9663064577231415
NNYM_11-01-2025-07-49-52__Y-Maze_cs-p_female_dosed_1-98_Day1_on.hdf5,1uM,58,upright,545,0.5220588235294118,0.8709401044316614,0.7901598046193784,29095.86764380709,6.183586566923543,0.612780316658659,4.4182006679922825
NNYM_11-01-2025-07-49-52__Y-Maze_cs-p_female_dosed_1-98_Day1_on.hdf5,1uM,59,inverse,541,0.5481481481481482,0.8164765483266654,3.5928246531743997,21896.109911975924,7.377185949882909,0.5371147938961554,3.3824305799342884
NNYM_11-01-2025-07-49-52__Y-Maze_cs-p_female_dosed_1-98_Day1_on.hdf5,1uM,60,upright,640,0.5289514866979655,0.7108472460239779,1.1480194516439726,28530.891852088193,6.545900236954943,0.5772897738081219,3.8426767190299813
NNYM_11-01-2025-07-49-52__Y-Maze_cs-p_female_dosed_1-98_Day1_on.hdf5,1uM,61,unknown,2,,,,2625.82092289164,5.405131845984501,0.16362722677814517,
NNYM_11-01-2025-07-49-52__Y-Maze_cs-p_female_dosed_1-98_Day1_on.hdf5,1uM,62,upright,271,0.5,1.0111524163568772,2.419291584031619,14363.606585935868,5.597625339037943,0.4387844737944842,4.04357980074337
NNYM_11-01-2025-07-49-52__Y-Maze_cs-p_female_dosed_1-98_Day1_on.hdf5,1uM,63,inverse,605,0.6655629139072847,0.9946273754129701,1.4075374860365173,28943.38087854877,6.924898237965773,0.5620998602021445,4.027252242566682
NNYM_11-01-2025-07-49-52__Y-Maze_cs-p_female_dosed_1-98_Day1_on.hdf5,1uM,64,upright,640,0.5320813771517997,0.9726563266083946,1.1061209037199826,30141.701886863877,6.5375738319916605,0.6095880487092669,3.946402409501645
NNYM_11-01-2025-07-49-52__Y-Maze_cs-p_female_dosed_1-98_Day1_on.hdf5,1uM,65,inverse,88,0.5057471264367817,1.000132135306554,2.0469561178192373,8951.32888003159,4.512622824906728,0.24803467327324955,5.668408773607177
NNYM_11-01-2025-07-49-52__Y-Maze_cs-p_female_dosed_1-98_Day1_on.hdf5,1uM,66,upright,498,0.3299798792756539,0.921010100875856,1.8372724202207311,23603.634020943515,5.562753121713534,0.5589499183249184,4.131805762990533
NNYM_11-01-2025-07-49-52__Y-Maze_cs-p_female_dosed_1-98_Day1_on.hdf5,1uM,67,unknown,6,,,1.5207971304825254,2596.5158397139776,4.21393316663669,0.24736200899962665,5.298700203013403
NNYM_11-01-2025-07-49-52__Y-Maze_cs-p_female_dosed_1-98_Day1_on.hdf5,1uM,68,upright,42,0.5121951219512195,1.050625,1.211465282238458,6464.565628862677,3.6906815346419095,0.23864280091519713,7.1819652381769
NNYM_11-01-2025-07-49-52__Y-Maze_cs-p_female_dosed_1-98_Day1_on.hdf5,1uM,69,inverse,32,0.4838709677419355,0.8008333333333333,1.1173015033480391,5447.786532775231,3.6584904718054205,0.24417106733664912,8.824230848234407
NNYM_11-01-2025-07-49-52__Y-Maze_cs-p_female_dosed_1-98_Day1_on.hdf5,1uM,70,upright,193,0.7552083333333334,1.0478640817721918,0.69867609707574,14442.990396400557,5.591943108066257,0.569922526794885,5.497114628035927
NNYM_11-01-2025-07-49-52__Y-Maze_cs-p_female_dosed_1-98_Day1_on.hdf5,1uM,71,inverse,74,0.3287671232876712,0.9755231953892669,2.237927958370943,5567.6726121636875,4.374760700995895,0.38866466568746405,4.328108968375275
NNYM_11-01-2025-07-49-52__Y-Maze_cs-p_female_dosed_1-98_Day1_on.hdf5,1uM,72,upright,275,0.2664233576642336,0.8527681228560394,1.008646924492389,22640.130818583628,5.032033836690764,0.5548810452981817,5.411309789427497
NNYM_11-01-2025-07-49-52__Y-Maze_cs-p_female_dosed_1-98_Day1_on.hdf5,1uM,73,inverse,37,0.5277777777777778,1.3183547103051747,1.5313265867573889,4633.174647085043,3.559469840996694,0.2322934810759754,5.911698732681213
NNYM_11-01-2025-07-49-52__Y-Maze_cs-p_female_dosed_1-98_Day1_on.hdf5,1uM,74,upright,584,0.4391080617495712,0.8127413055693485,2.451072724742686,25000.062311798712,6.11546767448746,0.6337994080894442,4.028856355471266
NNYM_11-01-2025-07-49-52__Y-Maze_cs-p_female_dosed_1-98_Day1_on.hdf5,1uM,75,inverse,609,0.42269736842105265,0.8236411917973979,1.0718520868794525,28796.60539044841,6.268005561675203,0.594181254026245,4.042517984643956
NNYM_11-01-2025-07-49-52__Y-Maze_cs-p_female_dosed_1-98_Day1_on.hdf5,1uM,76,upright,337,0.6517857142857143,1.0390366397726856,1.1778535043693696,21770.292778797477,5.214209276274136,0.5132972190836865,4.721603882792968
NNYM_11-01-2025-07-49-52__Y-Maze_cs-p_female_dosed_1-98_Day1_on.hdf5,1uM,77,inverse,565,0.3599290780141844,0.8557946202813982,1.8150346987429469,26576.0292145337,5.8534772616186155,0.6287325466686903,4.066666279819172
NNYM_11-01-2025-07-49-52__Y-Maze_cs-p_female_dosed_1-98_Day1_on.hdf5,1uM,78,upright,177,0.6420454545454546,1.0442815002107038,2.57361699199342,10956.23994550809,4.785971202454551,0.33337126019284347,4.414343127378189
NNYM_11-01-2025-07-49-52__Y-Maze_cs-p_female_dosed_1-98_Day1_on.hdf5,1uM,79,unknown,0,,,,,,,
NNYM_11-01-2025-07-49-52__Y-Maze_cs-p_female_dosed_1-98_Day1_on.hdf5,1uM,80,upright,248,0.44129554655870445,1.1376333258745432,6.045851968823732,15443.25233236224,5.321052839354763,0.5388322162601307,5.367012635337712
NNYM_11-01-2025-07-49-52__Y-Maze_cs-p_female_dosed_1-98_Day1_on.hdf5,1uM,81,inverse,5,0.5,1.3333333333333333,1.4197871522754446,3065.8626709480523,3.538147838587635,0.19856649313450667,5.736722377371537
NNYM_11-01-2025-07-49-52__Y-Maze_cs-p_female_dosed_1-98_Day1_on.hdf5,1uM,82,upright,235,0.39316239316239315,1.1152989968172533,2.4906793482757563,19752.602351253398,4.786259182409311,0.5778681013554394,6.209375747272089
NNYM_11-01-2025-07-49-52__Y-Maze_cs-p_female_dosed_1-98_Day1_on.hdf5,1uM,83,inverse,16,0.13333333333333333,0.9271978021978021,1.5310181812938488,3432.348304607208,3.5807117915699807,0.2035404253212803,4.853149501876647
NNYM_11-01-2025-07-49-52__Y-Maze_cs-p_female_dosed_1-98_Day1_on.hdf5,1uM,84,upright,206,0.6146341463414634,1.158958660820165,2.5948821317722954,12868.864092187741,4.6243160709100355,0.449234011609993,4.693714864378056
NNYM_11-01-2025-07-49-52__Y-Maze_cs-p_female_dosed_1-98_Day1_on.hdf5,1uM,85,inverse,405,0.5346534653465347,1.1519352492241992,4.051807867279543,20247.208410315092,5.528137528238922,0.5298417784898859,4.016341570617671
NNYM_11-01-2025-07-49-52__Y-Maze_cs-p_female_dosed_1-98_Day1_on.hdf5,1uM,86,upright,397,0.5151515151515151,0.7703276247207744,1.4108863612760456,21451.702095227072,5.1662997790939205,0.5531284691535807,4.3210465627842565
NNYM_11-01-2025-07-49-52__Y-Maze_cs-p_female_dosed_1-98_Day1_on.hdf5,1uM,87,inverse,269,0.25,1.1086142322097379,2.875764220198464,17078.237689028494,4.9622177768335884,0.4433102145005541,4.373821508729369
NNYM_11-01-2025-07-49-52__Y-Maze_cs-p_female_dosed_1-98_Day1_on.hdf5,1uM,88,upright,580,0.2815198618307427,0.8125909090352404,0.5720920883603144,26800.998298530165,5.633125146281961,0.6130453521271441,4.171307412066075
NNYM_11-01-2025-07-49-52__Y-Maze_cs-p_female_dosed_1-98_Day1_on.hdf5,1uM,89,inverse,225,0.33482142857142855,0.8758563818581274,1.9971716069598755,12567.987445208139,4.713530611031625,0.41903556867707015,3.81537078823657
NNYM_11-01-2025-07-49-52__Y-Maze_cs-p_female_dosed_1-98_Day1_on.hdf5,1uM,90,upright,28,0.37037037037037035,1.401923076923077,4.180673527290249,3701.5455436225843,4.468259122255342,0.28397065985802206,4.211406750397389
NNYM_11-01-2025-07-49-52__Y-Maze_cs-p_female_dosed_1-98_Day1_on.hdf5,1uM,91,inverse,58,0.5263157894736842,1.3250992063492064,2.8497308160304815,7522.858641075183,4.196849104725005,0.31868201416083225,3.846777982798957
NNYM_11-01-2025-07-49-52__Y-Maze_cs-p_female_dosed_1-98_Day1_on.hdf5,1uM,92,upright,103,0.4215686274509804,1.1571865109254325,5.038689850747063,8079.400168782899,4.054257778714856,0.34436306266481714,5.108664147082874
NNYM_11-01-2025-07-49-52__Y-Maze_cs-p_female_dosed_1-98_Day1_on.hdf5,1uM,93,inverse,6,0.2,1.5624999999999998,1.6488538454103616,3356.540304678264,3.9374417716705947,0.22185379447090425,10.156203870657226
NNYM_11-01-2025-07-49-52__Y-Maze_cs-p_female_dosed_1-98_Day1_on.hdf5,1uM,94,upright,4,1.0,,1.3097945742489043,1844.5070640204,5.196753103783977,0.19326966166255882,
NNYM_11-01-2025-07-49-52__Y-Maze_cs-p_female_dosed_1-98_Day1_on.hdf5,1uM,95,inverse,666,0.5263157894736842,1.0390227576974564,1.264626631922109,28322.557926248664,6.107396782681145,0.6057636732059364,3.6487107729837946
NNYM_11-01-2025-07-49-52__Y-Maze_cs-p_female_dosed_1-98_Day1_on.hdf5,1uM,96,unknown,0,,,,,,,
NNYM_11-01-2025-07-49-52__Y-Maze_cs-p_female_dosed_1-98_Day1_on.hdf5,1uM,97,unknown,0,,,,,,,
NNYM_11-01-2025-10-32-41__Y-Maze_xs-p_female_dosed_1-98_Day1_off.hdf5,1uM,0,upright,1463,0.5752393980848153,0.8683976252935525,0.4249710635966396,57062.83149975244,9.436137378186272,0.8381015665534913,3.5859855830075547
NNYM_11-01-2025-10-32-41__Y-Maze_xs-p_female_dosed_1-98_Day1_off.hdf5,1uM,1,inverse,794,0.5674653215636822,0.9233769137765736,0.5845316864712365,41097.796912606354,6.972496387097807,0.8110587079902706,4.3905351766747405
NNYM_11-01-2025-10-32-41__Y-Maze_xs-p_female_dosed_1-98_Day1_off.hdf5,1uM,2,upright,666,0.48120300751879697,0.9079096617448053,0.8643873113019702,37501.57111773155,6.531273810151806,0.7830992933088323,4.583483638950389
NNYM_11-01-2025-10-32-41__Y-Maze_xs-p_female_dosed_1-98_Day1_off.hdf5,1uM,3,inverse,948,0.5395987328405492,0.8616412056733362,0.39568164400639383,44228.73119176689,7.378188913210455,0.8219594264982495,4.214824453566775
NNYM_11-01-2025-10-32-41__Y-Maze_xs-p_female_dosed_1-98_Day1_off.hdf5,1uM,4,upright,1066,0.5671361502347417,0.9303063753697642,0.5862286353067023,45309.151279177255,7.620686725481202,0.8147769554728708,3.780669622411957
NNYM_11-01-2025-10-32-41__Y-Maze_xs-p_female_dosed_1-98_Day1_off.hdf5,1uM,5,inverse,765,0.3390052356020942,1.0498699128832918,0.43769001066742325,41991.70947236608,7.009372846149992,0.8233418323829713,5.020702953832128
NNYM_11-01-2025-10-32-41__Y-Maze_xs-p_female_dosed_1-98_Day1_off.hdf5,1uM,6,upright,933,0.47103004291845496,0.7996770238838976,0.7847544645465709,42024.961107936455,7.2569621392313515,0.7980063211966664,3.860451759519212
NNYM_11-01-2025-10-32-41__Y-Maze_xs-p_female_dosed_1-98_Day1_off.hdf5,1uM,7,inverse,1204,0.5569409808811305,0.9440235024084778,0.42283069319105754,49966.60520055932,8.261642022388761,0.8321584073948863,3.7303875388250067
NNYM_11-01-2025-10-32-41__Y-Maze_xs-p_female_dosed_1-98_Day1_off.hdf5,1uM,8,upright,390,0.43958868894601544,1.0409693772010025,2.3720651160258774,29111.287651972096,5.864053821006287,0.7618848379795061,4.3621266682748745
NNYM_11-01-2025-10-32-41__Y-Maze_xs-p_female_dosed_1-98_Day1_off.hdf5,1uM,9,inverse,442,0.41043083900226757,0.9674082892245874,1.2581338039295418,30172.96207456653,5.346761459689622,0.7550862364363221,5.189785179371582
NNYM_11-01-2025-10-32-41__Y-Maze_xs-p_female_dosed_1-98_Day1_off.hdf5,1uM,10,upright,145,0.5972222222222222,0.8285283281273659,1.6092477906930232,19465.457275174682,4.434471560014357,0.6988503350959087,7.78874214196012
NNYM_11-01-2025-10-32-41__Y-Maze_xs-p_female_dosed_1-98_Day1_off.hdf5,1uM,11,inverse,1103,0.47186932849364793,0.823678975905162,0.43171070384029026,46329.807456164475,7.731712386948199,0.8239421573262538,3.9015411633746835
NNYM_11-01-2025-10-32-41__Y-Maze_xs-p_female_dosed_1-98_Day1_off.hdf5,1uM,12,upright,598,0.5175879396984925,1.0785157013585716,0.9522401862129735,36196.64219311374,6.2358598033578785,0.7906031213535589,4.9440826633347985
NNYM_11-01-2025-10-32-41__Y-Maze_xs-p_female_dosed_1-98_Day1_off.hdf5,1uM,13,inverse,404,0.6203473945409429,0.9030643839625402,3.1588404312850584,29604.81019324125,6.619110892054588,0.775645835566513,5.952914131310026
NNYM_11-01-2025-10-32-41__Y-Maze_xs-p_female_dosed_1-98_Day1_off.hdf5,1uM,14,upright,697,0.40660919540229884,0.989931799971944,0.5233254326584672,39515.389398356376,6.61056287843818,0.8196241734612001,4.915339799293752
NNYM_11-01-2025-10-32-41__Y-Maze_xs-p_female_dosed_1-98_Day1_off.hdf5,1uM,15,inverse,945,0.4798728813559322,0.8837225492536316,0.5314667377380144,44091.37289532948,7.433259110921705,0.8129574595320981,4.03263298515649
NNYM_11-01-2025-10-32-41__Y-Maze_xs-p_female_dosed_1-98_Day1_off.hdf5,1uM,16,upright,320,0.5266457680250783,0.8136314581436723,0.582907524161627,33517.51270525187,5.775356431397066,0.7818905558494876,8.579464475253365
NNYM_11-01-2025-10-32-41__Y-Maze_xs-p_female_dosed_1-98_Day1_off.hdf5,1uM,17,inverse,1302,0.32744043043812454,0.8295779549089407,0.4583428758739691,53170.42912652981,8.786323802758336,0.8355513329590577,3.6103081527328054
NNYM_11-01-2025-10-32-41__Y-Maze_xs-p_female_dosed_1-98_Day1_off.hdf5,1uM,18,upright,973,0.3837448559670782,0.7729937867904767,1.6018121917675612,43170.05249320474,7.756741590425718,0.7940965441214903,3.8019251568055976
NNYM_11-01-2025-10-32-41__Y-Maze_xs-p_female_dosed_1-98_Day1_off.hdf5,1uM,19,inverse,925,0.604978354978355,0.8500389793022202,0.8270956284880133,43299.51875284013,7.656012916016164,0.7750801984754848,4.023062415335153
NNYM_11-01-2025-10-32-41__Y-Maze_xs-p_female_dosed_1-98_Day1_off.hdf5,1uM,20,upright,622,0.4396135265700483,0.8838598137124276,0.7315445701878442,32752.289370218932,6.174426762873167,0.7398037248162144,4.443497530759127
NNYM_11-01-2025-10-32-41__Y-Maze_xs-p_female_dosed_1-98_Day1_off.hdf5,1uM,21,inverse,1199,0.6502504173622704,0.7603934207687194,0.4027062306531814,53442.07695042186,8.911627809142034,0.8268135862774054,3.9707455333819124
NNYM_11-01-2025-10-32-41__Y-Maze_xs-p_female_dosed_1-98_Day1_off.hdf5,1uM,22,upright,1274,0.5860172820109977,0.8360648387355935,0.46681525852993483,56360.20057052853,9.427060646229627,0.8253556449171964,4.004240480163916
NNYM_11-01-2025-10-32-41__Y-Maze_xs-p_female_dosed_1-98_Day1_off.hdf5,1uM,23,inverse,820,0.31135531135531136,0.9037004155561199,0.5820429721969212,43051.61642229055,7.318918388584841,0.8082412885134904,4.501201529173649
NNYM_11-01-2025-10-32-41__Y-Maze_xs-p_female_dosed_1-98_Day1_off.hdf5,1uM,24,unknown,2,,,,6609.867958312222,6.163957381343449,0.6495678316422397,
NNYM_11-01-2025-10-32-41__Y-Maze_xs-p_female_dosed_1-98_Day1_off.hdf5,1uM,25,inverse,757,0.49603174603174605,0.9748958439797675,0.5871088726500393,40741.92624559437,6.871902856025768,0.8099929818823546,4.794374658122415
NNYM_11-01-2025-10-32-41__Y-Maze_xs-p_female_dosed_1-98_Day1_off.hdf5,1uM,26,upright,116,0.48695652173913045,1.1411274478569307,0.8157715106242883,28806.50957783727,5.1105931776054865,0.7572525107933143,16.07107510110529
NNYM_11-01-2025-10-32-41__Y-Maze_xs-p_female_dosed_1-98_Day1_off.hdf5,1uM,27,inverse,670,0.4828101644245142,0.7763667376140898,0.7805552123227522,37636.07263870326,6.73441822749017,0.7954120758251688,5.085451166598952
NNYM_11-01-2025-10-32-41__Y-Maze_xs-p_female_dosed_1-98_Day1_off.hdf5,1uM,28,upright,912,0.4610318331503842,1.0569695598747098,0.6245657769688793,43409.274439840534,7.313260465998034,0.812583005473537,3.8486937568769197
NNYM_11-01-2025-10-32-41__Y-Maze_xs-p_female_dosed_1-98_Day1_off.hdf5,1uM,29,inverse,359,0.5893854748603352,0.966461420948429,0.503402162756494,29728.069692322468,5.204514694638388,0.76298110742067,6.957374476361154
NNYM_11-01-2025-10-32-41__Y-Maze_xs-p_female_dosed_1-98_Day1_off.hdf5,1uM,30,upright,724,0.6376210235131397,0.8961451794448833,0.49545699714600255,38088.23023231327,6.5429555604464635,0.7878251837539092,4.3957974531335235
NNYM_11-01-2025-10-32-41__Y-Maze_xs-p_female_dosed_1-98_Day1_off.hdf5,1uM,31,inverse,919,0.46078431372549017,0.8339193695698487,0.5000665958226476,40889.3577963821,7.12692458206643,0.7795082712234139,3.9361970424583843
NNYM_11-01-2025-10-32-41__Y-Maze_xs-p_female_dosed_1-98_Day1_off.hdf5,1uM,32,upright,297,0.36486486486486486,0.8703556784335725,1.7791324321662139,26133.05729041235,5.39419650948956,0.7161257347303859,5.238068258418089
NNYM_11-01-2025-10-32-41__Y-Maze_xs-p_female_dosed_1-98_Day1_off.hdf5,1uM,33,inverse,953,0.4422268907563025,0.8035781464292622,0.7314126205342903,43657.75676591668,7.7294208772043325,0.7699951670557339,3.8653288739682594
NNYM_11-01-2025-10-32-41__Y-Maze_xs-p_female_dosed_1-98_Day1_off.hdf5,1uM,34,upright,935,0.2762312633832976,0.8899257942335557,0.37894141943086457,43702.65346811956,7.460965387994365,0.7997090687932028,4.177090171310195
NNYM_11-01-2025-10-32-41__Y-Maze_xs-p_female_dosed_1-98_Day1_off.hdf5,1uM,35,inverse,888,0.5264937993235626,0.8602029899406168,0.5651410966502711,46056.164433925995,7.805917767655598,0.8074933876536264,4.384762458102353
NNYM_11-01-2025-10-32-41__Y-Maze_xs-p_female_dosed_1-98_Day1_off.hdf5,1uM,36,upright,845,0.49881516587677727,0.9964468765144358,0.9878486700196076,40511.17393644525,7.326797488590748,0.7521041145351295,3.992378404572005
NNYM_11-01-2025-10-32-41__Y-Maze_xs-p_female_dosed_1-98_Day1_off.hdf5,1uM,37,inverse,412,0.5425790754257908,0.9778227908340528,4.825372840523626,25841.17538211787,6.4517472970541885,0.7076901758064322,4.617868867007618
NNYM_11-01-2025-10-32-41__Y-Maze_xs-p_female_dosed_1-98_Day1_off.hdf5,1uM,38,upright,1031,0.7,0.9810727011893191,0.6496085424336591,47269.49678978978,8.040844056291915,0.8041654751691927,4.17458837085462
NNYM_11-01-2025-10-32-41__Y-Maze_xs-p_female_dosed_1-98_Day1_off.hdf5,1uM,39,inverse,1294,0.5916473317865429,0.7031916465924957,0.522224368201515,54516.933996734966,9.028994796777303,0.8318644713912285,3.6887044321498648
NNYM_11-01-2025-10-32-41__Y-Maze_xs-p_female_dosed_1-98_Day1_off.hdf5,1uM,40,upright,615,0.6286644951140065,0.8106102767166502,0.6486443365371974,36494.73167777559,6.343638709736863,0.7836218253677816,5.028152806600815
NNYM_11-01-2025-10-32-41__Y-Maze_xs-p_female_dosed_1-98_Day1_off.hdf5,1uM,41,inverse,878,0.4811858608893957,0.8916734680628079,0.6780527722785333,45594.28528617085,7.8037410575894945,0.8151260697948945,4.561240094254827
NNYM_11-01-2025-10-32-41__Y-Maze_xs-p_female_dosed_1-98_Day1_off.hdf5,1uM,42,upright,915,0.3741794310722101,0.9915973101538329,0.4569612902243047,45036.69326830769,7.610403659084666,0.81127723874662,4.230635161159663
NNYM_11-01-2025-10-32-41__Y-Maze_xs-p_female_dosed_1-98_Day1_off.hdf5,1uM,43,inverse,1104,0.6128739800543971,0.9332213925959562,0.4564985802214017,50675.35607391742,8.426372754413832,0.827697101561187,4.0597636897269105
NNYM_11-01-2025-10-32-41__Y-Maze_xs-p_female_dosed_1-98_Day1_off.hdf5,1uM,44,upright,627,0.5846645367412141,0.9323321395544347,0.6335689717166362,37612.003173788034,6.4486916991224525,0.7908176577222473,4.747085834162688
NNYM_11-01-2025-10-32-41__Y-Maze_xs-p_female_dosed_1-98_Day1_off.hdf5,1uM,45,inverse,461,0.5413043478260869,1.0046774673164256,0.5735621335616328,33251.572168958046,5.893857314576257,0.7553803522675436,6.134886506602735
NNYM_11-01-2025-10-32-41__Y-Maze_xs-p_female_dosed_1-98_Day1_off.hdf5,1uM,46,upright,1109,0.5379061371841155,0.7868167194500525,0.43274660878887894,47470.88630623414,7.945795902637644,0.8208943711020715,3.630293505759194
NNYM_11-01-2025-10-32-41__Y-Maze_xs-p_female_dosed_1-98_Day1_off.hdf5,1uM,47,inverse,637,0.4716981132075472,0.970037120359955,0.5830661454227518,38060.04054184689,6.630452921718516,0.7775436798084076,5.051495089858674
NNYM_11-01-2025-10-32-41__Y-Maze_xs-p_female_dosed_1-98_Day1_off.hdf5,1uM,48,upright,775,0.5077519379844961,0.9497755163311004,0.7302977819655035,49474.21175602391,8.341827251235756,0.8127101828860392,4.984128758538396
NNYM_11-01-2025-10-32-41__Y-Maze_xs-p_female_dosed_1-98_Day1_off.hdf5,1uM,49,inverse,556,0.5351351351351351,0.946914044313507,0.5496460929150249,38190.94449491716,6.575060678113113,0.7922768215870212,5.936952303069597
NNYM_11-01-2025-10-32-41__Y-Maze_xs-p_female_dosed_1-98_Day1_off.hdf5,1uM,50,upright,1171,0.46495726495726497,0.8682511393434572,0.44737334561910064,55789.56809475389,9.374874500864204,0.8191196932931715,4.216928520331233
NNYM_11-01-2025-10-32-41__Y-Maze_xs-p_female_dosed_1-98_Day1_off.hdf5,1uM,51,inverse,1286,0.39299610894941633,0.8700665335225111,0.5601432458113722,53873.87408308887,9.084714716683708,0.8158333484763134,3.6897192670248646
NNYM_11-01-2025-10-32-41__Y-Maze_xs-p_female_dosed_1-98_Day1_off.hdf5,1uM,52,upright,667,0.4099099099099099,0.8827951936716214,0.49837256120485607,33052.23084772937,5.882370363504987,0.7505085315244141,4.539312524042029
NNYM_11-01-2025-10-32-41__Y-Maze_xs-p_female_dosed_1-98_Day1_off.hdf5,1uM,53,inverse,1071,0.5514018691588785,0.8490102754567604,0.77657075650748,49888.422352444744,8.327078108108365,0.8248508711308333,4.158332912990543
NNYM_11-01-2025-10-32-41__Y-Maze_xs-p_female_dosed_1-98_Day1_off.hdf5,1uM,54,upright,816,0.49079754601226994,0.9782183401912319,0.8444577833790577,41298.30653765259,6.954834346045664,0.8156209899645123,4.294357739009654
NNYM_11-01-2025-10-32-41__Y-Maze_xs-p_female_dosed_1-98_Day1_off.hdf5,1uM,55,inverse,942,0.34962805526036134,1.1041194899568398,0.5943576831308454,40547.261758206274,6.961468528921728,0.7956770615129601,3.860802686577827
NNYM_11-01-2025-10-32-41__Y-Maze_xs-p_female_dosed_1-98_Day1_off.hdf5,1uM,56,upright,506,0.42178217821782177,0.858306150321513,2.3411571176598276,28950.085923136518,5.62894832495082,0.7685873464864564,4.416192230403606
NNYM_11-01-2025-10-32-41__Y-Maze_xs-p_female_dosed_1-98_Day1_off.hdf5,1uM,57,inverse,792,0.5195954487989887,0.9330787098949442,0.5318406677807904,38479.35321095568,6.502260264771196,0.8069213613797301,4.0963526081866615
NNYM_11-01-2025-10-32-41__Y-Maze_xs-p_female_dosed_1-98_Day1_off.hdf5,1uM,58,upright,862,0.4994192799070848,0.9534896582965146,0.6289842673824141,46753.22862606225,7.887593961553655,0.8133092797793374,4.494170785123064
NNYM_11-01-2025-10-32-41__Y-Maze_xs-p_female_dosed_1-98_Day1_off.hdf5,1uM,59,inverse,1076,0.5162790697674419,0.8314213708766781,0.5899703900694437,47608.06405277294,8.072103240200631,0.8066937349725537,3.7551250028062575
NNYM_11-01-2025-10-32-41__Y-Maze_xs-p_female_dosed_1-98_Day1_off.hdf5,1uM,60,upright,1029,0.5272373540856031,0.8457424521592758,0.5375907160905831,48469.767933582465,8.265440319647102,0.8024725243566333,4.061577679767035
NNYM_11-01-2025-10-32-41__Y-Maze_xs-p_female_dosed_1-98_Day1_off.hdf5,1uM,61,inverse,293,0.5924657534246576,1.0674337072890057,0.4914068295982608,24676.042903612986,4.6473940433159715,0.6816420655806372,7.275958282847586
NNYM_11-01-2025-10-32-41__Y-Maze_xs-p_female_dosed_1-98_Day1_off.hdf5,1uM,62,upright,559,0.41397849462365593,0.947247439036677,0.7316191652932867,34195.28946918789,6.191481204831568,0.7404505966456746,5.040792018925538
NNYM_11-01-2025-10-32-41__Y-Maze_xs-p_female_dosed_1-98_Day1_off.hdf5,1uM,63,inverse,1304,0.4827321565617805,0.9765872159558217,0.71371326404109,60554.65586941045,10.358483295246492,0.8029682411809425,4.007745159762851
NNYM_11-01-2025-10-32-41__Y-Maze_xs-p_female_dosed_1-98_Day1_off.hdf5,1uM,64,upright,978,0.353121801432958,0.8746569427402402,0.5209321797424252,46045.67506923171,7.885947841640788,0.7992874918259101,4.113813573433554
NNYM_11-01-2025-10-32-41__Y-Maze_xs-p_female_dosed_1-98_Day1_off.hdf5,1uM,65,inverse,189,0.3723404255319149,0.9839261436469814,1.5782490046069781,18865.1685627205,4.561574244873871,0.5286977164161715,5.995908008799004
NNYM_11-01-2025-10-32-41__Y-Maze_xs-p_female_dosed_1-98_Day1_off.hdf5,1uM,66,upright,1129,0.37677304964539005,0.8861206863845172,0.6622002268493884,49045.72251387438,8.198857275945002,0.8217983144065354,3.7277841434843326
NNYM_11-01-2025-10-32-41__Y-Maze_xs-p_female_dosed_1-98_Day1_off.hdf5,1uM,67,inverse,482,0.5945945945945946,0.9074810606060606,1.9475471713359203,31638.01262139963,5.958566231074545,0.7866468931185071,4.885959525208026
NNYM_11-01-2025-10-32-41__Y-Maze_xs-p_female_dosed_1-98_Day1_off.hdf5,1uM,68,upright,610,0.6190476190476191,0.8648152834008097,0.8058123290878162,33493.26296244839,5.898727401942833,0.7685284111837364,4.427667828710259
NNYM_11-01-2025-10-32-41__Y-Maze_xs-p_female_dosed_1-98_Day1_off.hdf5,1uM,69,inverse,466,0.35913978494623655,0.870839537656924,0.8599158222026467,31210.44422046262,5.71728217745502,0.7502837551905013,5.391872686430597
NNYM_11-01-2025-10-32-41__Y-Maze_xs-p_female_dosed_1-98_Day1_off.hdf5,1uM,70,upright,154,0.5947712418300654,1.0509133799138044,9.796317155944152,9507.695379265846,6.221545927283438,0.7428692991212423,4.195611036418687
NNYM_11-01-2025-10-32-41__Y-Maze_xs-p_female_dosed_1-98_Day1_off.hdf5,1uM,71,inverse,397,0.36363636363636365,1.2034358047016274,2.049173041996173,27089.17211493061,5.5403389150260525,0.7463545453834667,4.5743605124371065
NNYM_11-01-2025-10-32-41__Y-Maze_xs-p_female_dosed_1-98_Day1_off.hdf5,1uM,72,upright,371,0.3027027027027027,0.8859076339932834,0.7587736563260445,28762.672419492552,5.193103678188194,0.7366761172854644,6.1330433349649605
NNYM_11-01-2025-10-32-41__Y-Maze_xs-p_female_dosed_1-98_Day1_off.hdf5,1uM,73,inverse,788,0.613722998729352,0.7808528462086181,0.5938221101260525,37984.5221949251,6.426081185292044,0.8079370391365419,4.193377977897322
NNYM_11-01-2025-10-32-41__Y-Maze_xs-p_female_dosed_1-98_Day1_off.hdf5,1uM,74,upright,336,0.4208955223880597,0.5281907122364177,1.8608998764769298,25099.192977335602,5.051279203484075,0.707932384244225,4.886674991780345
NNYM_11-01-2025-10-32-41__Y-Maze_xs-p_female_dosed_1-98_Day1_off.hdf5,1uM,75,inverse,953,0.4327731092436975,0.8845501489565479,0.5677776346535724,47394.851023029754,7.9431285226448525,0.8186526379841564,4.3874836432166155
NNYM_11-01-2025-10-32-41__Y-Maze_xs-p_female_dosed_1-98_Day1_off.hdf5,1uM,76,upright,985,0.7235772357723578,0.9612792892254919,0.965047142001577,44283.61281738842,7.722397679193358,0.7824983482559862,3.755036112499976
NNYM_11-01-2025-10-32-41__Y-Maze_xs-p_female_dosed_1-98_Day1_off.hdf5,1uM,77,inverse,937,0.34615384615384615,0.7324455628953899,0.5214949228601301,41789.59638298844,7.120476362328965,0.8038529096165544,3.9896432826195958
NNYM_11-01-2025-10-32-41__Y-Maze_xs-p_female_dosed_1-98_Day1_off.hdf5,1uM,78,upright,723,0.5110803324099723,0.7243501769472123,0.6714115443263322,34544.63309198968,6.354965419073685,0.7321212677364962,4.1635473539210555
NNYM_11-01-2025-10-32-41__Y-Maze_xs-p_female_dosed_1-98_Day1_off.hdf5,1uM,79,unknown,0,,,,,,,
NNYM_11-01-2025-10-32-41__Y-Maze_xs-p_female_dosed_1-98_Day1_off.hdf5,1uM,80,upright,1039,0.45472061657032753,0.756444599180504,0.828335182986873,43358.57505988673,7.38773829117238,0.803954779108786,3.6131872261822595
NNYM_11-01-2025-10-32-41__Y-Maze_xs-p_female_dosed_1-98_Day1_off.hdf5,1uM,81,inverse,967,0.650103519668737,0.7607939785220048,0.647880853734817,41430.919853124484,6.985300678977192,0.8115775641783444,3.67755778951624
NNYM_11-01-2025-10-32-41__Y-Maze_xs-p_female_dosed_1-98_Day1_off.hdf5,1uM,82,upright,620,0.3893376413570275,1.0685224049409148,0.527230806967679,36230.90826143752,6.155088233380797,0.8073937212594068,5.1610421577066585
NNYM_11-01-2025-10-32-41__Y-Maze_xs-p_female_dosed_1-98_Day1_off.hdf5,1uM,83,inverse,778,0.5701415701415702,0.8623309453792608,0.7453414012744636,38656.444710994285,6.848643890434994,0.7918780775933658,4.38326699397579
NNYM_11-01-2025-10-32-41__Y-Maze_xs-p_female_dosed_1-98_Day1_off.hdf5,1uM,84,upright,696,0.6215827338129496,0.8116831337328386,0.7448725216017744,37000.20616822725,6.402992975466784,0.7877074207428724,4.544537273723248
NNYM_11-01-2025-10-32-41__Y-Maze_xs-p_female_dosed_1-98_Day1_off.hdf5,1uM,85,inverse,904,0.49612403100775193,0.9911903835493774,0.7052798651536213,40710.205719655205,7.036854187637351,0.794576510271518,3.9842608767289964
NNYM_11-01-2025-10-32-41__Y-Maze_xs-p_female_dosed_1-98_Day1_off.hdf5,1uM,86,upright,829,0.4782608695652174,0.923147741013521,0.6252782786483693,39245.623490671685,6.67299601045538,0.8025880180811104,4.126924566557566
NNYM_11-01-2025-10-32-41__Y-Maze_xs-p_female_dosed_1-98_Day1_off.hdf5,1uM,87,inverse,695,0.3256484149855908,0.9889353790533731,0.7324626031689663,38221.79813109572,6.621103066503598,0.7826607643607375,4.625605851540353
NNYM_11-01-2025-10-32-41__Y-Maze_xs-p_female_dosed_1-98_Day1_off.hdf5,1uM,88,upright,835,0.4028776978417266,0.8658007523146952,0.5031840696550429,40982.068691267326,6.948033699312081,0.8045563576370844,4.347333671804352
NNYM_11-01-2025-10-32-41__Y-Maze_xs-p_female_dosed_1-98_Day1_off.hdf5,1uM,89,inverse,794,0.34300126103404793,0.980511325502399,0.791211154329162,37561.81012161801,6.524248966800554,0.7834567805483383,3.906224065493266
NNYM_11-01-2025-10-32-41__Y-Maze_xs-p_female_dosed_1-98_Day1_off.hdf5,1uM,90,upright,554,0.45207956600361665,0.7606097479313149,0.7752577834501472,28784.88720960081,6.3383240328168196,0.7995139911202005,4.224338632441651
NNYM_11-01-2025-10-32-41__Y-Maze_xs-p_female_dosed_1-98_Day1_off.hdf5,1uM,91,inverse,1056,0.576303317535545,0.7848823724348503,0.8654902412242523,49529.237245891156,8.194580983148525,0.8315283828929254,3.8902367981048758
NNYM_11-01-2025-10-32-41__Y-Maze_xs-p_female_dosed_1-98_Day1_off.hdf5,1uM,92,upright,1154,0.5238508239375542,0.7273494898117321,0.6472747411196653,44643.157658487704,7.545208829565799,0.8124903202295813,3.462312244318461
NNYM_11-01-2025-10-32-41__Y-Maze_xs-p_female_dosed_1-98_Day1_off.hdf5,1uM,93,inverse,932,0.47368421052631576,0.7612485065710871,0.6610817694312647,42055.18116559605,7.191539136220461,0.80041771341762,3.972118950870193
NNYM_11-01-2025-10-32-41__Y-Maze_xs-p_female_dosed_1-98_Day1_off.hdf5,1uM,94,upright,685,0.3654970760233918,0.9627900763101254,1.0069857187472848,34957.325057339534,6.058980628047892,0.7849415194657126,4.118538168537732
NNYM_11-01-2025-10-32-41__Y-Maze_xs-p_female_dosed_1-98_Day1_off.hdf5,1uM,95,inverse,1005,0.5438247011952191,0.8520090989886842,0.502314249830882,45296.6478557313,7.600376945022057,0.8187568181818182,4.021589291091205
NNYM_11-01-2025-10-32-41__Y-Maze_xs-p_female_dosed_1-98_Day1_off.hdf5,1uM,96,unknown,0,,,,,,,
NNYM_11-01-2025-10-32-41__Y-Maze_xs-p_female_dosed_1-98_Day1_off.hdf5,1uM,97,unknown,0,,,,,,,
NNYM_07-03-2025-08-22-29__Y-Maze_cs-p_female_control_1-83_Day1.hdf5,control,0,inverse,529,0.4640151515151515,0.9231878503139543,1.1678046146432515,20907.623114138496,5.078770477866906,0.4941590335855569,3.4609053334996895
NNYM_07-03-2025-08-22-29__Y-Maze_cs-p_female_control_1-83_Day1.hdf5,control,1,upright,937,0.5908119658119658,0.7432338192302342,0.5178088742598047,32335.76247657238,6.301462306467424,0.6694050551087036,3.0735510668010044
NNYM_07-03-2025-08-22-29__Y-Maze_cs-p_female_control_1-83_Day1.hdf5,control,2,inverse,415,0.7077294685990339,0.8369580324228325,2.219838707689782,17001.803490107013,4.967501847094002,0.4476188724701382,3.519124926136748
NNYM_07-03-2025-08-22-29__Y-Maze_cs-p_female_control_1-83_Day1.hdf5,control,3,upright,365,0.3516483516483517,0.8578918032404167,3.8085870849055126,14794.099289255326,5.035558246748595,0.44570744839964105,3.3865302858697097
NNYM_07-03-2025-08-22-29__Y-Maze_cs-p_female_control_1-83_Day1.hdf5,control,4,inverse,1127,0.6021314387211367,0.6660103888654774,0.4892098730112135,37526.66219456832,6.835144301310215,0.7345414993580255,2.871774002358315
NNYM_07-03-2025-08-22-29__Y-Maze_cs-p_female_control_1-83_Day1.hdf5,control,5,upright,808,0.3680297397769517,0.8695068477800925,0.5129139425703081,29359.94122097468,5.8395950929238145,0.6491751793177338,3.1980613056971237
NNYM_07-03-2025-08-22-29__Y-Maze_cs-p_female_control_1-83_Day1.hdf5,control,6,inverse,417,0.7668269230769231,0.8759705466989635,2.5729704266976454,16591.10479677707,5.071323343041004,0.45095178149080645,3.379163356435209
NNYM_07-03-2025-08-22-29__Y-Maze_cs-p_female_control_1-83_Day1.hdf5,control,7,upright,621,0.3032258064516129,0.9099092819833204,1.2500377723991596,23976.63345211062,5.4275560160421215,0.5731752878443094,3.3498978308839873
NNYM_07-03-2025-08-22-29__Y-Maze_cs-p_female_control_1-83_Day1.hdf5,control,8,inverse,787,0.8893129770992366,0.9511879636027369,0.5292216426099798,29920.09668690173,5.806912714648487,0.6666257226616878,3.290890002720176
NNYM_07-03-2025-08-22-29__Y-Maze_cs-p_female_control_1-83_Day1.hdf5,control,9,upright,1023,0.6731898238747553,0.7902045060279186,0.5318309357544927,34650.404582458075,6.795542783821784,0.6743038420867113,3.005721718270787
NNYM_07-03-2025-08-22-29__Y-Maze_cs-p_female_control_1-83_Day1.hdf5,control,10,inverse,443,0.5882352941176471,0.9174603174603175,1.328207801275877,18326.165326686423,4.960382966963807,0.4646351370443628,3.3007986068149613
NNYM_07-03-2025-08-22-29__Y-Maze_cs-p_female_control_1-83_Day1.hdf5,control,11,upright,310,0.5857605177993528,0.7626979050817967,2.992128402191429,13289.617188383376,5.141678253684934,0.32241343166962055,3.445368340240501
NNYM_07-03-2025-08-22-29__Y-Maze_cs-p_female_control_1-83_Day1.hdf5,control,12,inverse,798,0.5834378920953576,0.8373895810181884,0.4960947168554154,30517.106762126285,5.806813559765805,0.6839653100759353,3.3874502218804445
NNYM_07-03-2025-08-22-29__Y-Maze_cs-p_female_control_1-83_Day1.hdf5,control,13,upright,774,0.35705045278137126,0.8689543017661425,1.2869450258627595,27343.645771775693,6.2466846251421915,0.5731340770364134,3.1066823233069294
NNYM_07-03-2025-08-22-29__Y-Maze_cs-p_female_control_1-83_Day1.hdf5,control,14,inverse,713,0.6348314606741573,0.8160201597190507,0.9459144619374266,26836.284650705427,5.799092081349882,0.5921778055724701,3.3660869500177553
NNYM_07-03-2025-08-22-29__Y-Maze_cs-p_female_control_1-83_Day1.hdf5,control,15,upright,717,0.638268156424581,1.0207136999259536,0.539048497597286,27600.954504947447,5.402177317311979,0.659600596714772,3.551835904908212
NNYM_07-03-2025-08-22-29__Y-Maze_cs-p_female_control_1-83_Day1.hdf5,control,16,inverse,942,0.3655685441020191,1.0068230372338354,0.40320278381488905,36417.20161438982,6.416517937888155,0.7607092036179852,3.4788439025184896
NNYM_07-03-2025-08-22-29__Y-Maze_cs-p_female_control_1-83_Day1.hdf5,control,17,upright,960,0.39520333680917624,0.7839149639228452,0.8197195193194412,32635.87515021985,6.749949538506204,0.6398293194235817,2.9616792398876175
NNYM_07-03-2025-08-22-29__Y-Maze_cs-p_female_control_1-83_Day1.hdf5,control,18,inverse,445,0.4391891891891892,0.8340069079931465,2.7525136908298005,17409.559362988537,5.201495386814493,0.4611128451039923,3.3070679498950515
NNYM_07-03-2025-08-22-29__Y-Maze_cs-p_female_control_1-83_Day1.hdf5,control,19,upright,586,0.5743589743589743,0.9910982297585644,0.7509219575455022,23573.418424796746,4.885399490081518,0.5980197857634225,3.5558858901694506
NNYM_07-03-2025-08-22-29__Y-Maze_cs-p_female_control_1-83_Day1.hdf5,control,20,inverse,535,0.4756554307116105,0.8575676867783649,2.1187558560087476,20692.993360799883,5.479626331206539,0.5305592274362929,3.370657583459568
NNYM_07-03-2025-08-22-29__Y-Maze_cs-p_female_control_1-83_Day1.hdf5,control,21,upright,459,0.27074235807860264,0.9475730898617812,1.1035166265033782,18931.898872339483,4.750137357760198,0.4676318632089296,3.4243051402949907
NNYM_07-03-2025-08-22-29__Y-Maze_cs-p_female_control_1-83_Day1.hdf5,control,22,inverse,426,0.6164705882352941,0.8877958578574526,4.219458525642752,15941.639372868356,5.47722438350936,0.4758845992539125,3.078459023323046
NNYM_07-03-2025-08-22-29__Y-Maze_cs-p_female_control_1-83_Day1.hdf5,control,23,upright,305,0.5394736842105263,0.7704787203459023,2.7187078716219104,13285.297891344759,4.8284746147392665,0.35812981534465416,3.347392967890684
NNYM_07-03-2025-08-22-29__Y-Maze_cs-p_female_control_1-83_Day1.hdf5,control,24,inverse,504,0.5228628230616302,0.9342242247739082,1.6581381046482606,18601.10882081644,5.276344169675179,0.449540396710208,3.208821143530284
NNYM_07-03-2025-08-22-29__Y-Maze_cs-p_female_control_1-83_Day1.hdf5,control,25,upright,903,0.44789356984478934,0.8505244260301831,0.35206628128824774,31908.653292472154,5.861249697461561,0.7166688483817129,3.1583504672464766
NNYM_07-03-2025-08-22-29__Y-Maze_cs-p_female_control_1-83_Day1.hdf5,control,26,inverse,454,0.5540838852097131,1.0342245972737456,0.5794619730783634,20997.273367616264,4.703705082962036,0.5285525440706773,3.9882362375180254
NNYM_07-03-2025-08-22-29__Y-Maze_cs-p_female_control_1-83_Day1.hdf5,control,27,upright,321,0.265625,1.012425406366108,1.2497252820584037,14833.799507071182,4.554323411939139,0.36747516072472236,3.8351614761784436
NNYM_07-03-2025-08-22-29__Y-Maze_cs-p_female_control_1-83_Day1.hdf5,control,28,inverse,599,0.5117056856187291,0.9921685905877614,1.041736167975102,23977.5289299446,5.114867714898199,0.5913181095055018,3.5497641835944704
NNYM_07-03-2025-08-22-29__Y-Maze_cs-p_female_control_1-83_Day1.hdf5,control,29,upright,461,0.5065217391304347,0.706002466782406,1.9572293669250507,19055.287572947505,5.5023433849324,0.46875813832359836,3.5070493697561282
NNYM_07-03-2025-08-22-29__Y-Maze_cs-p_female_control_1-83_Day1.hdf5,control,30,inverse,492,0.5519348268839104,0.9325097385482204,1.9127130609953813,18545.433840828053,5.705509015599712,0.5217050900896135,3.3080820544553036
NNYM_07-03-2025-08-22-29__Y-Maze_cs-p_female_control_1-83_Day1.hdf5,control,31,upright,456,0.5054945054945055,0.9075985869033177,1.431936485238766,18375.322388485743,5.142578544582464,0.4321445586333628,3.360910067087054
NNYM_07-03-2025-08-22-29__Y-Maze_cs-p_female_control_1-83_Day1.hdf5,control,32,inverse,794,0.7162673392181589,0.9412456282306634,0.43908797765403623,27944.072326119458,5.444692437614321,0.6594041869275364,3.2068553901642947
NNYM_07-03-2025-08-22-29__Y-Maze_cs-p_female_control_1-83_Day1.hdf5,control,33,upright,914,0.7283680175246441,0.8922761128734401,0.4303550973177192,32521.587274095564,6.003271543265621,0.7168827127637796,3.1178257553168134
NNYM_07-03-2025-08-22-29__Y-Maze_cs-p_female_control_1-83_Day1.hdf5,control,34,inverse,387,0.47150259067357514,0.8390893420305185,2.42784564121996,17624.900716928103,4.868154170139278,0.447237020236651,3.7868718649023805
NNYM_07-03-2025-08-22-29__Y-Maze_cs-p_female_control_1-83_Day1.hdf5,control,35,upright,454,0.31567328918322296,0.9114865080680098,1.797876566831776,19325.21865031032,5.6059467366240945,0.3958321215797389,3.328603289040895
NNYM_07-03-2025-08-22-29__Y-Maze_cs-p_female_control_1-83_Day1.hdf5,control,36,inverse,658,0.5235920852359208,1.0236203965317432,1.0199902782091372,24102.192174583244,5.439626459778019,0.5472951178966348,3.1541178698506642
NNYM_07-03-2025-08-22-29__Y-Maze_cs-p_female_control_1-83_Day1.hdf5,control,37,upright,184,0.4918032786885246,0.8353893418409548,1.8476327003610726,9790.30619411258,4.446488769013133,0.2147163236212182,3.584378131996561
NNYM_07-03-2025-08-22-29__Y-Maze_cs-p_female_control_1-83_Day1.hdf5,control,38,inverse,187,0.42473118279569894,1.072963700717161,4.378953888009797,8749.23543352548,4.819962309997498,0.25847094655689334,3.3373912770544725
NNYM_07-03-2025-08-22-29__Y-Maze_cs-p_female_control_1-83_Day1.hdf5,control,39,upright,314,0.22364217252396165,1.089135161820347,0.6109388765373465,14691.360448091147,3.9114662604791497,0.381005133971015,3.962534872777535
NNYM_07-03-2025-08-22-29__Y-Maze_cs-p_female_control_1-83_Day1.hdf5,control,40,inverse,261,0.3923076923076923,0.8259615854552562,4.810105778776081,11540.18423385984,4.928315815992779,0.3749538454208702,3.663581691145784
NNYM_07-03-2025-08-22-29__Y-Maze_cs-p_female_control_1-83_Day1.hdf5,control,41,upright,388,0.6020671834625323,1.0434828047488993,0.7993464275985939,16815.101552251577,4.776994024179885,0.4262789332071271,3.7656693930706204
NNYM_07-03-2025-08-22-29__Y-Maze_cs-p_female_control_1-83_Day1.hdf5,control,42,inverse,364,0.38292011019283745,1.011248681599314,1.9419279891369716,16157.761402242617,4.518081424884064,0.4081443378646446,3.7867495538466174
NNYM_07-03-2025-08-22-29__Y-Maze_cs-p_female_control_1-83_Day1.hdf5,control,43,upright,1022,0.5592556317335945,1.054019302603314,0.6582207338774105,33753.90629557625,6.183626710706758,0.7235287840355932,3.0183690897310482
NNYM_07-03-2025-08-22-29__Y-Maze_cs-p_female_control_1-83_Day1.hdf5,control,44,inverse,75,0.6081081081081081,1.0634125859444707,3.310816573204615,4924.67981512259,4.461231888615958,0.22383755150088286,3.5908166805906814
NNYM_07-03-2025-08-22-29__Y-Maze_cs-p_female_control_1-83_Day1.hdf5,control,45,upright,259,0.562015503875969,0.9484426892300897,3.90228970716324,12069.941435229528,4.593125504876989,0.3574852931940461,3.754211836332791
NNYM_07-03-2025-08-22-29__Y-Maze_cs-p_female_control_1-83_Day1.hdf5,control,46,inverse,247,0.6747967479674797,0.9671846569953283,4.341140289164275,11099.123732453234,4.359645164280475,0.339479404238005,3.745939024883881
NNYM_07-03-2025-08-22-29__Y-Maze_cs-p_female_control_1-83_Day1.hdf5,control,47,upright,103,0.4215686274509804,1.035377404512229,2.8574526992221467,6485.695874349075,4.491294744005359,0.19777371149740774,4.117403839523394
NNYM_07-03-2025-08-22-29__Y-Maze_cs-p_female_control_1-83_Day1.hdf5,control,48,inverse,459,0.5436681222707423,0.9966612337343679,2.868177684074816,20050.262490429053,5.250730069448759,0.5100942247062196,3.641752823509658
NNYM_07-03-2025-08-22-29__Y-Maze_cs-p_female_control_1-83_Day1.hdf5,control,49,upright,430,0.6456876456876457,1.0161797567127948,0.9683233271089496,17375.779665598544,5.048068844621718,0.3871018488619522,3.459389233945236
NNYM_07-03-2025-08-22-29__Y-Maze_cs-p_female_control_1-83_Day1.hdf5,control,50,inverse,85,0.47619047619047616,0.990197152245345,4.397519734369482,4354.534054773941,4.900273650044188,0.23541117127122957,3.182379402377612
NNYM_07-03-2025-08-22-29__Y-Maze_cs-p_female_control_1-83_Day1.hdf5,control,51,upright,635,0.49369085173501576,0.8279359325493104,1.6318658439125708,23565.756796791367,5.858595849693793,0.5199091610104143,3.152392155808702
NNYM_07-03-2025-08-22-29__Y-Maze_cs-p_female_control_1-83_Day1.hdf5,control,52,inverse,396,0.5367088607594936,0.8829317337650069,1.624023274317572,19454.007875433563,4.77086060906845,0.4942734611503532,4.106939843788877
NNYM_07-03-2025-08-22-29__Y-Maze_cs-p_female_control_1-83_Day1.hdf5,control,53,upright,352,0.4843304843304843,0.875145224940805,2.2303594539323295,14946.185030501903,5.026763989520952,0.35351354233312005,3.2945020398373352
NNYM_07-03-2025-08-22-29__Y-Maze_cs-p_female_control_1-83_Day1.hdf5,control,54,inverse,32,0.7096774193548387,1.0515993265993266,1.6148704394056488,5711.224500537722,4.355224593722202,0.08515384454265547,4.349683552617512
NNYM_07-03-2025-08-22-29__Y-Maze_cs-p_female_control_1-83_Day1.hdf5,control,55,upright,122,0.4793388429752066,1.218747719394271,2.210877464056087,7450.696267019964,4.645872145990157,0.20603070715023866,3.926593902853832
NNYM_07-03-2025-08-22-29__Y-Maze_cs-p_female_control_1-83_Day1.hdf5,control,56,inverse,66,0.4153846153846154,1.061654788011696,3.794415376441069,5597.515797272707,4.836393184622916,0.20738504011733241,3.510647443663853
NNYM_07-03-2025-08-22-29__Y-Maze_cs-p_female_control_1-83_Day1.hdf5,control,57,upright,161,0.34375,1.0873152005227478,3.417761312892656,7261.150059359919,5.305056801521901,0.33198500760752586,3.3969797376207733
NNYM_07-03-2025-08-22-29__Y-Maze_cs-p_female_control_1-83_Day1.hdf5,control,58,inverse,305,0.5723684210526315,0.916897631407703,1.7176351524591231,14778.601040488738,5.0884139305128535,0.31570331516335837,3.9302165647302068
NNYM_07-03-2025-08-22-29__Y-Maze_cs-p_female_control_1-83_Day1.hdf5,control,59,upright,640,0.4694835680751174,1.0352041085249812,0.4547992251302272,24042.622248812237,5.314820467092368,0.5565615679590967,3.3937069397156856
NNYM_07-03-2025-08-22-29__Y-Maze_cs-p_female_control_1-83_Day1.hdf5,control,60,inverse,137,0.4852941176470588,0.9637966971300306,2.025910309293538,8483.813297355196,4.161645913507201,0.2220546756346279,4.467132324490706
NNYM_07-03-2025-08-22-29__Y-Maze_cs-p_female_control_1-83_Day1.hdf5,control,61,upright,350,0.5272206303724928,1.0145010827919374,1.8203719062177464,16961.33833200278,5.072895842167838,0.40512044284911125,3.921372617820259
NNYM_07-03-2025-08-22-29__Y-Maze_cs-p_female_control_1-83_Day1.hdf5,control,62,inverse,322,0.4953271028037383,1.1000960866526903,5.619776901842627,15107.317517580981,4.761998103863929,0.41167587896746255,3.662568986249055
NNYM_07-03-2025-08-22-29__Y-Maze_cs-p_female_control_1-83_Day1.hdf5,control,63,upright,384,0.4464751958224543,0.8685924820612894,0.8183255038765554,17689.478658226304,4.584494424000975,0.4459537524551471,4.008441710983211
NNYM_07-03-2025-08-22-29__Y-Maze_cs-p_female_control_1-83_Day1.hdf5,control,64,inverse,136,0.37777777777777777,1.0952981939044275,2.012176142342369,8295.517156447915,4.55676356506983,0.15886922384430482,3.854260431114157
NNYM_07-03-2025-08-22-29__Y-Maze_cs-p_female_control_1-83_Day1.hdf5,control,65,upright,420,0.5393794749403341,1.035129010432241,1.9472346998797432,18691.311070783813,5.055112618771419,0.4524863339047083,3.6715482385467064
NNYM_07-03-2025-08-22-29__Y-Maze_cs-p_female_control_1-83_Day1.hdf5,control,66,inverse,583,0.5601374570446735,0.971017533103492,0.4736708138818616,23594.4548468384,5.007796076996452,0.5776728040803294,3.614563991570408
NNYM_07-03-2025-08-22-29__Y-Maze_cs-p_female_control_1-83_Day1.hdf5,control,67,upright,506,0.49306930693069306,0.809679379721266,1.1269740845561234,21590.35767830671,4.9031800599069,0.5380129981525469,3.6908752030535528
NNYM_07-03-2025-08-22-29__Y-Maze_cs-p_female_control_1-83_Day1.hdf5,control,68,inverse,304,0.3696369636963696,1.0729361443530294,1.7243926196388533,13273.947241505,4.7590789526903245,0.32176676611752497,3.5192789565846767
NNYM_07-03-2025-08-22-29__Y-Maze_cs-p_female_control_1-83_Day1.hdf5,control,69,upright,308,0.4201954397394137,0.8383505029338041,2.6544683441611903,13729.371468074047,4.987201285842085,0.32554232162192437,3.3186962012733288
NNYM_07-03-2025-08-22-29__Y-Maze_cs-p_female_control_1-83_Day1.hdf5,control,70,inverse,366,0.2958904109589041,1.147220024895122,1.98255108093741,15846.586551979935,5.075034230649899,0.34371343789741415,3.432634053281245
NNYM_07-03-2025-08-22-29__Y-Maze_cs-p_female_control_1-83_Day1.hdf5,control,71,upright,288,0.5400696864111498,0.8023557820478641,2.8123880536196366,12843.601855465535,5.118304699694433,0.3105915128600567,3.1837344078986107
NNYM_07-03-2025-08-22-29__Y-Maze_cs-p_female_control_1-83_Day1.hdf5,control,72,inverse,539,0.5427509293680297,0.9492111533574202,0.7218733370924172,22011.08534416399,5.219440680917101,0.5067546261721019,3.770340697618631
NNYM_07-03-2025-08-22-29__Y-Maze_cs-p_female_control_1-83_Day1.hdf5,control,73,upright,748,0.5073627844712182,0.8956365712156549,0.8222570240020839,27915.30719358007,5.867792922841825,0.6188573546978622,3.2773518924838427
NNYM_07-03-2025-08-22-29__Y-Maze_cs-p_female_control_1-83_Day1.hdf5,control,74,inverse,401,0.5275,0.9904648277832423,4.188444669961967,16367.253160088268,5.245771339926913,0.45519778281683043,3.4144795165215758
NNYM_07-03-2025-08-22-29__Y-Maze_cs-p_female_control_1-83_Day1.hdf5,control,75,upright,453,0.3606194690265487,0.8558642524305543,0.74586356312728,18237.975745933436,4.836958588621237,0.42743036704341675,3.5228275780619605
NNYM_07-03-2025-08-22-29__Y-Maze_cs-p_female_control_1-83_Day1.hdf5,control,76,inverse,29,0.5357142857142857,1.1168091168091168,2.1967940080565684,4453.251904641501,4.003343429552827,0.1077612776688148,3.405331139711345
NNYM_07-03-2025-08-22-29__Y-Maze_cs-p_female_control_1-83_Day1.hdf5,control,77,upright,390,0.2930591259640103,0.8583788783110541,2.1531308142720835,17821.1871343136,5.461236450440101,0.3947814833598573,3.573989585074926
NNYM_07-03-2025-08-22-29__Y-Maze_cs-p_female_control_1-83_Day1.hdf5,control,78,inverse,714,0.5343618513323983,1.0216792699418393,0.7019675536604594,26853.353761994287,5.736707832503185,0.6000655845220528,3.3661834738257523
NNYM_07-03-2025-08-22-29__Y-Maze_cs-p_female_control_1-83_Day1.hdf5,control,79,upright,399,0.4296482412060301,0.991929903728981,5.589622753697333,16933.43162621559,5.193000950899458,0.482211514075577,3.5405012456728016
NNYM_07-03-2025-08-22-29__Y-Maze_cs-p_female_control_1-83_Day1.hdf5,control,80,unknown,0,,,,,,,
NNYM_07-03-2025-08-22-29__Y-Maze_cs-p_female_control_1-83_Day1.hdf5,control,81,upright,452,0.49667405764966743,0.9644871206558983,0.9485740534605396,18627.833514481674,4.783074609817993,0.46644470228186113,3.728249692030494
NNYM_07-03-2025-08-22-29__Y-Maze_cs-p_female_control_1-83_Day1.hdf5,control,82,inverse,691,0.5130434782608696,0.8394682348352,5.813064765054053,24462.583501222227,6.042321349125092,0.6162407656472331,3.178303224983085
NNYM_07-07-2025-14-01-29__Y-Maze_cs-p_female_control_1-92_Day1.hdf5,control,0,inverse,872,0.425947187141217,0.8555482975493387,0.5881731320239175,34711.77249398722,6.816152489101071,0.6768632501919599,3.367043992179199
NNYM_07-07-2025-14-01-29__Y-Maze_cs-p_female_control_1-92_Day1.hdf5,control,1,upright,763,0.6548556430446194,0.8023208496105645,0.4451172792352941,29697.6810077356,5.947313374509569,0.6389661149996729,3.472736067527193
NNYM_07-07-2025-14-01-29__Y-Maze_cs-p_female_control_1-92_Day1.hdf5,control,2,inverse,925,0.54004329004329,0.8003663741989109,0.4442996836406518,36442.78071690703,6.633610438413008,0.7286856600345384,3.4094195132845275
NNYM_07-07-2025-14-01-29__Y-Maze_cs-p_female_control_1-92_Day1.hdf5,control,3,upright,766,0.4300653594771242,0.9104823008807568,0.48920514384687847,28507.32913182812,5.700639520479009,0.6373932113515106,3.2987723958651145
NNYM_07-07-2025-14-01-29__Y-Maze_cs-p_female_control_1-92_Day1.hdf5,control,4,inverse,585,0.5034246575342466,0.8336583204879514,0.6485684196538394,23876.448228872265,5.387343204231071,0.5509837967725212,3.5822343303733035
NNYM_07-07-2025-14-01-29__Y-Maze_cs-p_female_control_1-92_Day1.hdf5,control,5,upright,827,0.38619854721549635,0.6800786556368904,0.49626232611727744,28663.025231856016,6.203388286685161,0.5810006053367799,3.161397753104326
NNYM_07-07-2025-14-01-29__Y-Maze_cs-p_female_control_1-92_Day1.hdf5,control,6,inverse,1166,0.45407725321888415,0.7953692060638575,0.45082674819027546,41102.36155166955,7.245054141650237,0.7655599619809249,3.092209475082273
NNYM_07-07-2025-14-01-29__Y-Maze_cs-p_female_control_1-92_Day1.hdf5,control,7,upright,806,0.47329192546583854,0.7459093865774874,0.4841473379230954,32544.059306870848,6.285745529998743,0.6706367047321655,3.404732127613303
NNYM_07-07-2025-14-01-29__Y-Maze_cs-p_female_control_1-92_Day1.hdf5,control,8,inverse,945,0.5667372881355932,0.8767004788081876,0.4176273627781001,35933.116566862176,6.620450837066013,0.7158613359496362,3.2999908906777984
NNYM_07-07-2025-14-01-29__Y-Maze_cs-p_female_control_1-92_Day1.hdf5,control,9,upright,879,0.4498861047835991,0.7809350487329716,0.5303921288967939,32823.55002119669,6.273756603238478,0.676478526503472,3.2436772144291055
NNYM_07-07-2025-14-01-29__Y-Maze_cs-p_female_control_1-92_Day1.hdf5,control,10,inverse,821,0.3597560975609756,0.8852765385453036,0.5410728350679289,31991.38477402232,6.075411557433994,0.6892363672124698,3.3591641268120522
NNYM_07-07-2025-14-01-29__Y-Maze_cs-p_female_control_1-92_Day1.hdf5,control,11,upright,626,0.5936,0.9898151281071723,0.5389504820692406,27778.699078626953,5.534119148256048,0.637690204225757,3.86216265744931
NNYM_07-07-2025-14-01-29__Y-Maze_cs-p_female_control_1-92_Day1.hdf5,control,12,inverse,545,0.47058823529411764,1.1605535093104153,0.4769137468261263,26211.633043904534,5.523606189935488,0.5861095888170003,4.1873259231835815
NNYM_07-07-2025-14-01-29__Y-Maze_cs-p_female_control_1-92_Day1.hdf5,control,13,upright,419,0.48564593301435405,0.9360232286160991,1.6736801036585371,19837.13365604831,5.277719155436903,0.5677190702019843,3.7683134468559087
NNYM_07-07-2025-14-01-29__Y-Maze_cs-p_female_control_1-92_Day1.hdf5,control,14,inverse,817,0.5098039215686274,0.8224020764511563,0.547445290504271,33086.780523122914,6.231375428043119,0.6990906404911198,3.405358006965863
NNYM_07-07-2025-14-01-29__Y-Maze_cs-p_female_control_1-92_Day1.hdf5,control,15,upright,855,0.6042154566744731,0.8554521843728412,0.5170513820121772,30908.706718163907,6.21590568136012,0.6494073970645005,3.228008441070476
NNYM_07-07-2025-14-01-29__Y-Maze_cs-p_female_control_1-92_Day1.hdf5,control,16,inverse,798,0.4968632371392723,0.7110832625747443,0.9404974363880088,30910.564125663874,6.325647950734636,0.6304872443116525,3.2535585833844394
NNYM_07-07-2025-14-01-29__Y-Maze_cs-p_female_control_1-92_Day1.hdf5,control,17,upright,827,0.5072639225181598,1.0426443011385516,0.41785272894902364,34712.788746048514,6.317333532740582,0.7289721154632431,3.601207682312676
NNYM_07-07-2025-14-01-29__Y-Maze_cs-p_female_control_1-92_Day1.hdf5,control,18,inverse,1175,0.3756388415672913,0.8523902327735504,0.4618872817372478,41645.67412191353,7.32217350275603,0.7646558422968386,3.0363607027594255
NNYM_07-07-2025-14-01-29__Y-Maze_cs-p_female_control_1-92_Day1.hdf5,control,19,upright,971,0.4618556701030928,0.8864802285604704,0.500482509514173,35825.15322188392,6.592605915941245,0.7240076856124678,3.1574588143926157
NNYM_07-07-2025-14-01-29__Y-Maze_cs-p_female_control_1-92_Day1.hdf5,control,20,inverse,640,0.6431924882629108,0.9698235216900682,0.45818123259789867,24063.830091661515,5.458316436231681,0.5334375741897457,3.3083010460655258
NNYM_07-07-2025-14-01-29__Y-Maze_cs-p_female_control_1-92_Day1.hdf5,control,21,upright,902,0.516093229744728,0.9587710340556597,0.4530065646087584,33325.109610663974,6.200422367274209,0.7097692685321552,3.2240074634777645
NNYM_07-07-2025-14-01-29__Y-Maze_cs-p_female_control_1-92_Day1.hdf5,control,22,inverse,301,0.6733333333333333,0.813481457353298,7.192886622060963,13960.018239973266,5.159946441290023,0.42564302851085195,3.416433710731139
NNYM_07-07-2025-14-01-29__Y-Maze_cs-p_female_control_1-92_Day1.hdf5,control,23,upright,968,0.5687693898655636,0.8420152889546071,0.5233139001385266,37707.06246334658,6.772351339200495,0.7437539881215334,3.2832327400568024
NNYM_07-07-2025-14-01-29__Y-Maze_cs-p_female_control_1-92_Day1.hdf5,control,24,inverse,696,0.5266187050359712,0.9190312514045562,0.5483995599624805,29473.44307755886,5.708790855976104,0.6618764466764271,3.6323586066162816
NNYM_07-07-2025-14-01-29__Y-Maze_cs-p_female_control_1-92_Day1.hdf5,control,25,upright,962,0.5691987513007284,0.9791715907769505,0.45780686594614284,36248.120056422624,6.45704984001556,0.7470097209617947,3.3094369038765494
NNYM_07-07-2025-14-01-29__Y-Maze_cs-p_female_control_1-92_Day1.hdf5,control,26,inverse,1073,0.4458955223880597,0.85596097475661,0.4692891971055142,41263.18371535524,7.311416404798152,0.7565968021449825,3.2932468811856546
NNYM_07-07-2025-14-01-29__Y-Maze_cs-p_female_control_1-92_Day1.hdf5,control,27,upright,867,0.3972286374133949,0.9197837043972972,0.6560059301127147,33089.07042534824,6.5347772929394985,0.6706977359332765,3.3269047989911873
NNYM_07-07-2025-14-01-29__Y-Maze_cs-p_female_control_1-92_Day1.hdf5,control,28,inverse,462,0.6095444685466378,1.0093167302766175,1.198490631074106,18353.469047103936,5.0926301555707285,0.5627508836317002,3.591798541544151
NNYM_07-07-2025-14-01-29__Y-Maze_cs-p_female_control_1-92_Day1.hdf5,control,29,upright,617,0.5714285714285714,0.8432249322493225,0.6456405923278686,22300.496183313233,5.0715097735649755,0.5385121682326033,3.218211507811853
NNYM_07-07-2025-14-01-29__Y-Maze_cs-p_female_control_1-92_Day1.hdf5,control,30,inverse,775,0.3695090439276486,0.841257996028106,0.6130127436392809,32951.475297304656,6.219790886561404,0.6958758242208297,3.5580834031069544
NNYM_07-07-2025-14-01-29__Y-Maze_cs-p_female_control_1-92_Day1.hdf5,control,31,upright,1003,0.47105788423153694,0.8038923101203242,0.5175916530870937,36840.56825973456,6.75602388507933,0.7243398880999902,3.1772224480403253
NNYM_07-07-2025-14-01-29__Y-Maze_cs-p_female_control_1-92_Day1.hdf5,control,32,inverse,687,0.40524781341107874,0.8176858255774084,0.42493757055895665,27458.915740895656,5.523313248873494,0.6308629624770401,3.4641152258095675
NNYM_07-07-2025-14-01-29__Y-Maze_cs-p_female_control_1-92_Day1.hdf5,control,33,upright,587,0.39419795221843,0.9949788135703629,1.2498006876906855,22148.947002642897,5.787797321920469,0.5146662410441938,3.241575392796667
NNYM_07-07-2025-14-01-29__Y-Maze_cs-p_female_control_1-92_Day1.hdf5,control,34,inverse,485,0.5847107438016529,0.9336309039269121,0.5905444908643146,21926.87358189407,4.9660994354718,0.5634743296611932,3.867153977417119
NNYM_07-07-2025-14-01-29__Y-Maze_cs-p_female_control_1-92_Day1.hdf5,control,35,upright,515,0.4357976653696498,1.0742420586907884,0.5134723614416893,23044.624546057777,4.986678069699627,0.5746450854507641,3.9213272876854943
NNYM_07-07-2025-14-01-29__Y-Maze_cs-p_female_control_1-92_Day1.hdf5,control,36,inverse,625,0.4935897435897436,0.8251757588775287,0.5229403056535634,23856.51789518464,5.122435474569085,0.5789879628793908,3.3637565844978816
NNYM_07-07-2025-14-01-29__Y-Maze_cs-p_female_control_1-92_Day1.hdf5,control,37,upright,441,0.4681818181818182,0.933163893997209,1.3358601545905195,20194.20693612739,5.01440296484382,0.4972985025985832,3.7324109415356617
NNYM_07-07-2025-14-01-29__Y-Maze_cs-p_female_control_1-92_Day1.hdf5,control,38,inverse,604,0.42122719734660036,0.9845705393725899,0.5071620367233097,24044.87863261594,5.2750207470128645,0.5537379919112038,3.349803014578602
NNYM_07-07-2025-14-01-29__Y-Maze_cs-p_female_control_1-92_Day1.hdf5,control,39,upright,812,0.5166461159062885,0.9145939578872299,0.43113733658756526,31880.961725878635,6.217699085901843,0.664923997213914,3.325183854329571
NNYM_07-07-2025-14-01-29__Y-Maze_cs-p_female_control_1-92_Day1.hdf5,control,40,inverse,948,0.4677930306230201,0.8406974869321973,0.45792970927076365,38016.72946760178,6.825655852750556,0.7426196922724558,3.4333723684978983
NNYM_07-07-2025-14-01-29__Y-Maze_cs-p_female_control_1-92_Day1.hdf5,control,41,upright,898,0.5696767001114827,0.8672886274581342,0.5570816016271345,32819.37822147448,6.692327368982307,0.6376012435572281,3.149872506325303
NNYM_07-07-2025-14-01-29__Y-Maze_cs-p_female_control_1-92_Day1.hdf5,control,42,inverse,570,0.421792618629174,0.8337791710368595,0.6356035058458177,23383.45404332871,5.14310936429174,0.5551405704904576,3.591370168245335
NNYM_07-07-2025-14-01-29__Y-Maze_cs-p_female_control_1-92_Day1.hdf5,control,43,upright,1239,0.5105008077544426,0.8378796668795334,0.5018016989002524,41799.280151138075,7.465532158813081,0.7518464536626107,2.9295016280774706
NNYM_07-07-2025-14-01-29__Y-Maze_cs-p_female_control_1-92_Day1.hdf5,control,44,inverse,778,0.5122265122265123,0.9026015666423404,0.5512974497769724,32227.862364313434,6.0644529427171285,0.694332149462348,3.5060980520958482
NNYM_07-07-2025-14-01-29__Y-Maze_cs-p_female_control_1-92_Day1.hdf5,control,45,upright,769,0.5,0.8813559322033898,0.5856791402892617,34126.91631236604,6.273895388380383,0.7207632150022519,3.7247488719776705
NNYM_07-07-2025-14-01-29__Y-Maze_cs-p_female_control_1-92_Day1.hdf5,control,46,inverse,999,0.48897795591182364,0.7887483811124792,0.4747895933365564,37374.45150967669,6.880504632192285,0.7219936022776546,3.218176809121541
NNYM_07-07-2025-14-01-29__Y-Maze_cs-p_female_control_1-92_Day1.hdf5,control,47,upright,909,0.5925110132158591,0.9132935823729854,0.3657451704697541,33670.915217581176,6.528546134684906,0.6730778674436496,3.163183158263008
NNYM_07-07-2025-14-01-29__Y-Maze_cs-p_female_control_1-92_Day1.hdf5,control,48,inverse,758,0.5667107001321003,0.9534811112555015,0.4942492003077915,31764.707129809263,5.915260835519116,0.7021478619605789,3.5444990219721184
NNYM_07-07-2025-14-01-29__Y-Maze_cs-p_female_control_1-92_Day1.hdf5,control,49,unknown,0,,,,,,,
NNYM_07-07-2025-14-01-29__Y-Maze_cs-p_female_control_1-92_Day1.hdf5,control,50,inverse,743,0.5579514824797843,0.938381726787989,0.3768049961613108,29834.61214630807,5.513756288547233,0.701877070298123,3.5793697850388875
NNYM_07-07-2025-14-01-29__Y-Maze_cs-p_female_control_1-92_Day1.hdf5,control,51,upright,732,0.42818057455540354,0.8728022815065666,0.395199218462251,28499.28712658218,5.3463094728131075,0.6860160685942435,3.4656360139817206
NNYM_07-07-2025-14-01-29__Y-Maze_cs-p_female_control_1-92_Day1.hdf5,control,52,inverse,903,0.5099778270509978,0.9215656615171505,0.47090552870318536,34644.052334302396,6.3414930064959485,0.7243826377350151,3.353316766548959
NNYM_07-07-2025-14-01-29__Y-Maze_cs-p_female_control_1-92_Day1.hdf5,control,53,upright,356,0.5352112676056338,0.8857486551509745,1.5271665029029826,19594.57885397233,5.728252949558788,0.44896484214185733,3.94882253426357
NNYM_07-07-2025-14-01-29__Y-Maze_cs-p_female_control_1-92_Day1.hdf5,control,54,inverse,832,0.6329723225030084,0.8790388594207285,0.44681708644429063,32633.281933109953,6.182930143196254,0.6904596128799732,3.4402247753402295
NNYM_07-07-2025-14-01-29__Y-Maze_cs-p_female_control_1-92_Day1.hdf5,control,55,unknown,0,,,,,,,
NNYM_07-07-2025-14-01-29__Y-Maze_cs-p_female_control_1-92_Day1.hdf5,control,56,inverse,606,0.28429752066115704,0.9113296287456842,0.3956030796028811,25058.9528639542,5.210230451913217,0.6018761264951663,3.7257610293595786
NNYM_07-07-2025-14-01-29__Y-Maze_cs-p_female_control_1-92_Day1.hdf5,control,57,upright,706,0.5631205673758866,0.9642304067511948,0.38402233549391346,27460.710811667093,5.650300653637471,0.6160596501290507,3.4844370714889097
NNYM_07-07-2025-14-01-29__Y-Maze_cs-p_female_control_1-92_Day1.hdf5,control,58,inverse,831,0.6481927710843374,0.8278485052557968,0.3509606507800021,32102.366241147924,5.921603363885662,0.7106362796326734,3.3701901038091577
NNYM_07-07-2025-14-01-29__Y-Maze_cs-p_female_control_1-92_Day1.hdf5,control,59,upright,547,0.6208791208791209,0.8028898435413292,0.6821568115716344,22110.25203349674,5.918119240544633,0.4931769875149588,3.3654152899417773
NNYM_07-07-2025-14-01-29__Y-Maze_cs-p_female_control_1-92_Day1.hdf5,control,60,inverse,949,0.4873417721518987,0.7206308234115344,0.4657042240121244,37255.924541828266,6.831310857397539,0.7263563544726357,3.2297097913263695
NNYM_07-07-2025-14-01-29__Y-Maze_cs-p_female_control_1-92_Day1.hdf5,control,61,upright,1019,0.48330058939096265,0.7441929651639462,0.5516852186867396,42190.60297091738,7.3564390084844735,0.776672072337707,3.453420116803426
NNYM_07-07-2025-14-01-29__Y-Maze_cs-p_female_control_1-92_Day1.hdf5,control,62,inverse,765,0.3730366492146597,1.003078303485054,0.4409636965119648,31101.172958413405,6.062920650156108,0.6600225833374245,3.4764261004843133
NNYM_07-07-2025-14-01-29__Y-Maze_cs-p_female_control_1-92_Day1.hdf5,control,63,upright,768,0.6349413298565841,0.856088284199328,0.6078581240246574,34232.10188293262,6.484624701236205,0.6958172099429396,3.60670152120655
NNYM_07-07-2025-14-01-29__Y-Maze_cs-p_female_control_1-92_Day1.hdf5,control,64,inverse,820,0.3052503052503053,0.7839730492735937,0.4112643258042029,29660.94334236171,5.935558355774318,0.646745978497439,3.195797654615366
NNYM_07-07-2025-14-01-29__Y-Maze_cs-p_female_control_1-92_Day1.hdf5,control,65,upright,868,0.615916955017301,0.8542261479373865,0.4017393625889817,34925.83153418227,6.562750993431873,0.7019584744514799,3.4623903883612823
NNYM_07-07-2025-14-01-29__Y-Maze_cs-p_female_control_1-92_Day1.hdf5,control,66,inverse,797,0.4057788944723618,0.871187859999693,0.49004441961849693,32222.06655419949,5.964729251334474,0.7090541580058594,3.551338411387817
NNYM_07-07-2025-14-01-29__Y-Maze_cs-p_female_control_1-92_Day1.hdf5,control,67,upright,832,0.5354993983152828,0.8064749409233838,0.3481078141440711,34160.07771529295,6.1192397587908625,0.7434566139258676,3.6548667135938246
NNYM_07-07-2025-14-01-29__Y-Maze_cs-p_female_control_1-92_Day1.hdf5,control,68,inverse,905,0.5851769911504425,0.9511920902180717,0.4208849459716561,33562.938052223406,6.351401846559634,0.695296037257812,3.3664319206102684
NNYM_07-07-2025-14-01-29__Y-Maze_cs-p_female_control_1-92_Day1.hdf5,control,69,upright,682,0.3656387665198238,1.0873424457634457,0.4371508144128856,28853.146322841454,5.590491192262437,0.6601090751506529,3.672653105611239
NNYM_07-07-2025-14-01-29__Y-Maze_cs-p_female_control_1-92_Day1.hdf5,control,70,inverse,817,0.45588235294117646,0.6801418477650418,0.5754824705792053,31992.75213365447,6.645500453458602,0.6332910996659701,3.448258945229472
NNYM_07-07-2025-14-01-29__Y-Maze_cs-p_female_control_1-92_Day1.hdf5,control,71,upright,1066,0.4563380281690141,0.8845647720096634,0.4919075244985708,38436.04388290146,6.925743400035255,0.7405290780025708,3.1085288065419436
NNYM_07-07-2025-14-01-29__Y-Maze_cs-p_female_control_1-92_Day1.hdf5,control,72,inverse,849,0.41745283018867924,0.7452233652866206,0.8269999390499093,31115.225539571013,6.5036177706949285,0.6118397847610142,3.127316807715944
NNYM_07-07-2025-14-01-29__Y-Maze_cs-p_female_control_1-92_Day1.hdf5,control,73,upright,825,0.44538834951456313,0.8878703028253363,0.5149486878461847,30892.058955285625,6.223760911026851,0.6393677338067694,3.2127590375501613
NNYM_07-07-2025-14-01-29__Y-Maze_cs-p_female_control_1-92_Day1.hdf5,control,74,inverse,815,0.5331695331695332,0.8944653324777244,0.6368281819938331,33728.70432512016,6.569772659656244,0.6734516894379449,3.35423851748641
NNYM_07-07-2025-14-01-29__Y-Maze_cs-p_female_control_1-92_Day1.hdf5,control,75,upright,615,0.4495114006514658,0.8240631583394573,0.6355442808347332,25945.840232170187,5.586427372523533,0.5949362912869572,3.5633059899948423
NNYM_07-07-2025-14-01-29__Y-Maze_cs-p_female_control_1-92_Day1.hdf5,control,76,inverse,1082,0.5050878815911193,0.8815727649528272,0.38017947374912664,39409.880164668124,7.288721004295948,0.7139656582174979,3.1276701761869052
NNYM_07-07-2025-14-01-29__Y-Maze_cs-p_female_control_1-92_Day1.hdf5,control,77,upright,499,0.4538152610441767,0.8523427132288788,1.1658315723949937,26281.859800407023,6.08171791229887,0.5511896509967347,4.091804684961923
NNYM_07-07-2025-14-01-29__Y-Maze_cs-p_female_control_1-92_Day1.hdf5,control,78,inverse,765,0.5235602094240838,0.8774396900609219,0.5660254301135048,31167.798595032284,6.340448724071325,0.6301992996694702,3.472593213006774
NNYM_07-07-2025-14-01-29__Y-Maze_cs-p_female_control_1-92_Day1.hdf5,control,79,upright,569,0.40316901408450706,1.022474862255362,0.4145867435818708,27131.60979330001,5.277956753392234,0.6577242762969332,4.082454186211618
NNYM_07-07-2025-14-01-29__Y-Maze_cs-p_female_control_1-92_Day1.hdf5,control,80,inverse,768,0.44328552803129073,0.9786488601347314,0.4522540489444484,29413.918467250944,5.698069245796122,0.6681089231424802,3.5034273440210977
NNYM_07-07-2025-14-01-29__Y-Maze_cs-p_female_control_1-92_Day1.hdf5,control,81,upright,762,0.4651773981603154,1.0392513676802257,0.4314340081136631,30209.60994101563,5.622645347696318,0.701939412841326,3.464326357398697
NNYM_07-07-2025-14-01-29__Y-Maze_cs-p_female_control_1-92_Day1.hdf5,control,82,inverse,980,0.6016343207354443,0.9663063497239651,0.5805907634853623,37137.38628392765,6.834002957429611,0.7288396480339784,3.3385051899335996
NNYM_07-07-2025-14-01-29__Y-Maze_cs-p_female_control_1-92_Day1.hdf5,control,83,upright,1084,0.4533702677746999,0.7738282042112473,0.47777030753688216,38804.55833839801,7.108984866367613,0.7306969684538704,3.251987986847393
NNYM_07-07-2025-14-01-29__Y-Maze_cs-p_female_control_1-92_Day1.hdf5,control,84,inverse,865,0.5115740740740741,0.9599581815795832,0.36221440907278396,31553.6697632366,5.894396669486009,0.6987700219463461,3.3094914136040403
NNYM_07-07-2025-14-01-29__Y-Maze_cs-p_female_control_1-92_Day1.hdf5,control,85,upright,676,0.36,0.859684099901088,0.43853105982077806,29999.51830058935,5.722526348984553,0.6849117752970831,3.937993210310681
NNYM_07-07-2025-14-01-29__Y-Maze_cs-p_female_control_1-92_Day1.hdf5,control,86,inverse,974,0.4614594039054471,0.8569433897336022,0.43403323036078906,36798.181027097016,6.42824360860143,0.7688646845255618,3.267249822517934
NNYM_07-07-2025-14-01-29__Y-Maze_cs-p_female_control_1-92_Day1.hdf5,control,87,upright,1073,0.5615671641791045,0.9916934479548046,0.3899419950876551,37060.77826890429,6.727254049556846,0.731747656281983,3.089239531955853
NNYM_07-07-2025-14-01-29__Y-Maze_cs-p_female_control_1-92_Day1.hdf5,control,88,inverse,956,0.5392670157068062,0.945031927629473,0.40977603900515125,37197.0661540993,6.4371489686041246,0.7788440299423242,3.5047989099763424
NNYM_07-07-2025-14-01-29__Y-Maze_cs-p_female_control_1-92_Day1.hdf5,control,89,upright,714,0.5189340813464236,0.9423625817729807,0.5189557611859128,29872.11394363081,5.618628789302072,0.6919189854373298,3.546615066010403
NNYM_07-07-2025-14-01-29__Y-Maze_cs-p_female_control_1-92_Day1.hdf5,control,90,inverse,845,0.4028436018957346,0.8654161308651576,0.4593467803246205,35468.79658308652,6.325613283141482,0.7486748249460113,3.6522678774996478
NNYM_07-07-2025-14-01-29__Y-Maze_cs-p_female_control_1-92_Day1.hdf5,control,91,upright,39,0.7105263157894737,0.7227227227227226,1.6776166494422506,5006.309445705358,4.017463936721412,0.11424261125968593,4.56126389221806
NNYM_07-09-2025-14-32-53__Y-Maze_cs-p_female_control_1-95_Day1.hdf5,control,0,unknown,1,,,,3392.0976799750383,4.952681892823968,0.053788356362768984,
NNYM_07-09-2025-14-32-53__Y-Maze_cs-p_female_control_1-95_Day1.hdf5,control,1,upright,436,0.38620689655172413,0.8748039810342404,5.0966507821083775,17794.481431666376,6.38495866093135,0.5109336813685975,3.184056682970395
NNYM_07-09-2025-14-32-53__Y-Maze_cs-p_female_control_1-95_Day1.hdf5,control,2,inverse,142,0.3475177304964539,0.9450342248700722,2.5239884062448614,7032.6980734902445,4.287263159651675,0.25256229976370304,3.7909822233652233
NNYM_07-09-2025-14-32-53__Y-Maze_cs-p_female_control_1-95_Day1.hdf5,control,3,upright,216,0.5209302325581395,0.9081333768649461,5.035134686267681,9733.816754161488,5.004299816058965,0.3570276748747004,3.339145568294148
NNYM_07-09-2025-14-32-53__Y-Maze_cs-p_female_control_1-95_Day1.hdf5,control,4,inverse,24,0.5652173913043478,1.3872377622377623,1.483893153801594,3101.340333933274,4.124944079786413,0.0887075599361758,3.7406877833548764
NNYM_07-09-2025-14-32-53__Y-Maze_cs-p_female_control_1-95_Day1.hdf5,control,5,upright,256,0.43137254901960786,0.7864697751339077,3.3508602432007146,11682.608107761185,4.816825290872721,0.3326235046213194,3.2915133771825373
NNYM_07-09-2025-14-32-53__Y-Maze_cs-p_female_control_1-95_Day1.hdf5,control,6,inverse,138,0.5255474452554745,0.9288956447963802,4.6371111203535325,6402.939720016389,4.035238863197932,0.2669737013409712,3.440119399829273
NNYM_07-09-2025-14-32-53__Y-Maze_cs-p_female_control_1-95_Day1.hdf5,control,7,upright,272,0.6826568265682657,0.9830429266475776,3.4289634048683824,12104.10389781662,5.06264580930857,0.4605945459480308,3.6561557226207273
NNYM_07-09-2025-14-32-53__Y-Maze_cs-p_female_control_1-95_Day1.hdf5,control,8,inverse,359,0.6759776536312849,0.9079936904941516,2.0924060684117283,16228.37538932939,4.925228045692487,0.3704704129798805,3.3502970629930298
NNYM_07-09-2025-14-32-53__Y-Maze_cs-p_female_control_1-95_Day1.hdf5,control,9,upright,40,0.5641025641025641,0.7491556431184915,3.151606128317198,5097.054882683457,4.344393254518382,0.14207955338450803,3.5398549423314933
NNYM_07-09-2025-14-32-53__Y-Maze_cs-p_female_control_1-95_Day1.hdf5,control,10,inverse,76,0.5466666666666666,1.0633167241847299,2.88148487550814,5378.643511410665,4.90527907554432,0.14082479333725503,2.9982217763327403
NNYM_07-09-2025-14-32-53__Y-Maze_cs-p_female_control_1-95_Day1.hdf5,control,11,upright,426,0.17647058823529413,0.9737196765498652,3.4191903136506543,16612.416403972733,4.500804465445748,0.48245700731369834,3.3404644526874985
NNYM_07-09-2025-14-32-53__Y-Maze_cs-p_female_control_1-95_Day1.hdf5,control,12,inverse,249,0.4838709677419355,0.8754048582995951,6.521122687470231,11902.508993046544,4.72839270040793,0.35008815293670276,3.541627120991474
NNYM_07-09-2025-14-32-53__Y-Maze_cs-p_female_control_1-95_Day1.hdf5,control,13,upright,81,0.5,1.3417721518987342,1.7444025773388498,7956.206372648076,3.8552497400631043,0.1689234556848702,4.039974109448101
NNYM_07-09-2025-14-32-53__Y-Maze_cs-p_female_control_1-95_Day1.hdf5,control,14,inverse,3,0.0,,0.4296261937749498,2002.5736457208213,3.5134044366276624,0.0455121806458575,
NNYM_07-09-2025-14-32-53__Y-Maze_cs-p_female_control_1-95_Day1.hdf5,control,15,upright,358,0.35294117647058826,0.8117977528089889,3.2584414794966907,13500.310011692569,5.536869799950584,0.42230933713471136,3.001661066311548
NNYM_07-09-2025-14-32-53__Y-Maze_cs-p_female_control_1-95_Day1.hdf5,control,16,inverse,142,0.5673758865248227,0.6838458723653396,4.371162139418622,6710.3409474488935,5.096943260740378,0.22609821112155437,3.4403405353373686
NNYM_07-09-2025-14-32-53__Y-Maze_cs-p_female_control_1-95_Day1.hdf5,control,17,upright,13,0.75,1.4545454545454546,1.6891788858951506,4082.4423708612667,4.434571108614376,0.10080219725008792,6.835724492126566
NNYM_07-09-2025-14-32-53__Y-Maze_cs-p_female_control_1-95_Day1.hdf5,control,18,inverse,118,0.5128205128205128,0.8626361161524502,2.9288206132062853,6677.307521221894,5.118838523735988,0.24074776215360774,3.6726639530974556
NNYM_07-09-2025-14-32-53__Y-Maze_cs-p_female_control_1-95_Day1.hdf5,control,19,upright,271,0.40370370370370373,0.9188398877195896,2.3966380250968915,14400.970506413232,4.325650997785433,0.39158143648108273,3.9722031915489335
NNYM_07-09-2025-14-32-53__Y-Maze_cs-p_female_control_1-95_Day1.hdf5,control,20,inverse,312,0.6816720257234726,0.7655882470474679,5.212914873483875,12987.4246696457,5.65032946444748,0.4058745686188017,3.2071387368614523
NNYM_07-09-2025-14-32-53__Y-Maze_cs-p_female_control_1-95_Day1.hdf5,control,21,upright,41,0.475,1.028211554527344,2.8063887511119137,3586.8095894028374,5.243343684771204,0.1733094262295082,3.4373650418820745
NNYM_07-09-2025-14-32-53__Y-Maze_cs-p_female_control_1-95_Day1.hdf5,control,22,inverse,23,0.5454545454545454,1.7285714285714286,3.601827818076559,2896.9405342912987,5.931431004023815,0.210128055878929,3.2745495927420993
NNYM_07-09-2025-14-32-53__Y-Maze_cs-p_female_control_1-95_Day1.hdf5,control,23,inverse,7,0.5,2.0,1.1232320652551093,2007.6170552390251,5.429611457118336,0.04359816152330926,
NNYM_07-09-2025-14-32-53__Y-Maze_cs-p_female_control_1-95_Day1.hdf5,control,24,inverse,39,0.5789473684210527,0.8315417690417689,4.812296163855818,3111.687672890102,5.102672815045845,0.24641184468953015,3.334397696361812
NNYM_07-09-2025-14-32-53__Y-Maze_cs-p_female_control_1-95_Day1.hdf5,control,25,upright,16,0.4,1.4880952380952381,1.1288988196427518,2385.721578601204,3.7082700456661017,0.07510039092625588,4.756749679244754
NNYM_07-09-2025-14-32-53__Y-Maze_cs-p_female_control_1-95_Day1.hdf5,control,26,inverse,49,0.5416666666666666,0.8570153251004314,3.1257277241704435,3346.07184752408,4.856089354555152,0.1815927407991884,3.1413167305737675
NNYM_07-09-2025-14-32-53__Y-Maze_cs-p_female_control_1-95_Day1.hdf5,control,27,upright,110,0.41284403669724773,0.9931391460905349,4.446768791690789,5097.285355081007,5.273514853615502,0.34871476321471884,3.2727414776506927
NNYM_07-09-2025-14-32-53__Y-Maze_cs-p_female_control_1-95_Day1.hdf5,control,28,inverse,10,0.2222222222222222,0.7232142857142858,2.696911571497898,1061.2027200468606,4.398881724424209,0.16236734061507477,3.4531965016277475
NNYM_07-09-2025-14-32-53__Y-Maze_cs-p_female_control_1-95_Day1.hdf5,control,29,upright,120,0.5210084033613446,0.9508311511419336,4.821599830436364,5575.806282333901,5.004885879983342,0.31255855349447254,3.042565434186563
NNYM_07-09-2025-14-32-53__Y-Maze_cs-p_female_control_1-95_Day1.hdf5,control,30,inverse,79,0.34615384615384615,1.0328495034377387,2.936162457313553,5444.78528966472,5.323938822989691,0.14302029477583147,3.0515302037029994
NNYM_07-09-2025-14-32-53__Y-Maze_cs-p_female_control_1-95_Day1.hdf5,control,31,upright,208,0.45893719806763283,0.9188184356522374,3.619183876204051,10257.084381903627,5.884098261379075,0.3686566691976715,3.403416036800195
NNYM_07-09-2025-14-32-53__Y-Maze_cs-p_female_control_1-95_Day1.hdf5,control,32,inverse,202,0.5870646766169154,0.7734518582805799,3.1622614598790153,9397.776416658813,5.241735281380365,0.39431125694769975,3.356841775386016
NNYM_07-09-2025-14-32-53__Y-Maze_cs-p_female_control_1-95_Day1.hdf5,control,33,upright,21,0.25,1.4035087719298245,2.489480434081519,3988.9995705776882,4.460990738113644,0.09702339660717664,3.935784041206805
NNYM_07-09-2025-14-32-53__Y-Maze_cs-p_female_control_1-95_Day1.hdf5,control,34,inverse,17,0.5625,1.0835978835978837,1.3170389859549583,2794.317710443671,7.62841052770469,0.13041446493403788,2.965304104081688
NNYM_07-09-2025-14-32-53__Y-Maze_cs-p_female_control_1-95_Day1.hdf5,control,35,upright,35,0.5882352941176471,1.0634199134199136,1.7202263419534498,4262.7732801107,4.800955972032777,0.08955859321544239,3.0307057714847376
NNYM_07-09-2025-14-32-53__Y-Maze_cs-p_female_control_1-95_Day1.hdf5,control,36,inverse,26,0.4,1.0416666666666667,1.8335123226873045,2598.31002747589,5.791107279310712,0.10799964849585518,2.542915054693034
NNYM_07-09-2025-14-32-53__Y-Maze_cs-p_female_control_1-95_Day1.hdf5,control,37,upright,29,0.6071428571428571,0.8540305010893245,2.6970332599144764,3411.808085288758,5.03950586236896,0.12263603925066904,3.279105517320473
NNYM_07-09-2025-14-32-53__Y-Maze_cs-p_female_control_1-95_Day1.hdf5,control,38,inverse,217,0.5092592592592593,0.9026351270493438,5.425328797079403,9029.503284013326,5.6366870095841834,0.39493471244131456,3.357246249088659
NNYM_07-09-2025-14-32-53__Y-Maze_cs-p_female_control_1-95_Day1.hdf5,control,39,upright,20,0.631578947368421,1.1937830687830688,1.6236396541878249,3655.1988077476262,4.248522658846501,0.09218279429095194,4.006883602740942
NNYM_07-09-2025-14-32-53__Y-Maze_cs-p_female_control_1-95_Day1.hdf5,control,40,inverse,109,0.26851851851851855,1.1181665762410409,3.25234125230814,5985.179945134943,4.648937141542569,0.25216059512088396,3.3121291660758843
NNYM_07-09-2025-14-32-53__Y-Maze_cs-p_female_control_1-95_Day1.hdf5,control,41,upright,72,0.5633802816901409,1.1034447004608294,3.1778291728584693,6471.803466848854,4.17386123438225,0.19544406084636143,4.949294136517965
NNYM_07-09-2025-14-32-53__Y-Maze_cs-p_female_control_1-95_Day1.hdf5,control,42,inverse,212,0.5639810426540285,0.8326822033161091,5.812248964643465,8504.290079664712,5.465412189712447,0.4072508149757977,3.1222268722514666
NNYM_07-09-2025-14-32-53__Y-Maze_cs-p_female_control_1-95_Day1.hdf5,control,43,upright,149,0.24324324324324326,0.9978134110787171,2.797716008862195,8191.049566537665,4.748237657861657,0.19822567230385363,3.4797336983000804
NNYM_07-09-2025-14-32-53__Y-Maze_cs-p_female_control_1-95_Day1.hdf5,control,44,inverse,31,0.6,0.8620689655172414,2.074706523763683,4457.020422022799,4.77399273988255,0.08848599848792564,3.54135931512005
NNYM_07-09-2025-14-32-53__Y-Maze_cs-p_female_control_1-95_Day1.hdf5,control,45,upright,413,0.27427184466019416,0.9717848116333779,4.990117732676982,16874.837431931322,4.721217172298319,0.5296097193850123,3.45882249765042
NNYM_07-09-2025-14-32-53__Y-Maze_cs-p_female_control_1-95_Day1.hdf5,control,46,inverse,30,0.6206896551724138,1.1377164502164503,2.137834560049969,4425.456137317342,4.7190239382736765,0.09915644893223369,3.2312496300668805
NNYM_07-09-2025-14-32-53__Y-Maze_cs-p_female_control_1-95_Day1.hdf5,control,47,upright,30,0.5517241379310345,1.8050309065934067,1.621501235138631,5325.710655706023,5.600730638982502,0.1347243940578577,3.4862501276782893
NNYM_07-09-2025-14-32-53__Y-Maze_cs-p_female_control_1-95_Day1.hdf5,control,48,inverse,265,0.5227272727272727,0.9830196254398603,3.9627970236211922,12841.13810986761,5.379586424596892,0.3228518913921571,3.2165520051717245
NNYM_07-09-2025-14-32-53__Y-Maze_cs-p_female_control_1-95_Day1.hdf5,control,49,upright,14,0.6153846153846154,1.2322916666666668,0.949893279833879,4250.1448748078255,6.4202152704449,0.09056526053661368,12.330012326894517
NNYM_07-09-2025-14-32-53__Y-Maze_cs-p_female_control_1-95_Day1.hdf5,control,50,inverse,66,0.3230769230769231,0.8573457792207791,3.5685202558764515,3558.8270502926457,5.481028824555035,0.253198149156233,2.9903862330889144
NNYM_07-09-2025-14-32-53__Y-Maze_cs-p_female_control_1-95_Day1.hdf5,control,51,upright,30,0.13793103448275862,0.9010714285714286,2.2213350245185746,4861.810663333353,4.878773742195675,0.14363497199318095,3.573202055935294
NNYM_07-09-2025-14-32-53__Y-Maze_cs-p_female_control_1-95_Day1.hdf5,control,52,inverse,121,0.5,0.8403361344537815,4.43632859419854,6089.29841858788,5.024871113798403,0.2788986801706607,3.159201946709944
NNYM_07-09-2025-14-32-53__Y-Maze_cs-p_female_control_1-95_Day1.hdf5,control,53,upright,8,0.8571428571428571,0.6805555555555554,1.8571237688701216,1875.524430245144,3.6549795185274525,0.0930418288908855,3.2920637162818247
NNYM_07-09-2025-14-32-53__Y-Maze_cs-p_female_control_1-95_Day1.hdf5,control,54,inverse,237,0.5720338983050848,0.8777935382190702,2.617249555400183,10885.303029084358,4.687259409209368,0.4051748726655348,3.5636938209542546
NNYM_07-09-2025-14-32-53__Y-Maze_cs-p_female_control_1-95_Day1.hdf5,control,55,unknown,0,,,,,,,
NNYM_07-09-2025-14-32-53__Y-Maze_cs-p_female_control_1-95_Day1.hdf5,control,56,inverse,26,0.52,0.5842681623931625,2.0163284054484323,3766.692449307946,3.4549947262793927,0.10314272415398142,5.1187991223948
NNYM_07-09-2025-14-32-53__Y-Maze_cs-p_female_control_1-95_Day1.hdf5,control,57,upright,1082,0.09990749306197964,0.9266880146676311,0.6075662141130295,33809.60639092878,6.04542827800212,0.7398057745522895,2.8004089447657714
NNYM_07-09-2025-14-32-53__Y-Maze_cs-p_female_control_1-95_Day1.hdf5,control,58,inverse,338,0.40059347181008903,0.9915745542808247,1.8329177606065672,15150.198449978132,4.602537485303525,0.38684901409499695,3.51791170951064
NNYM_07-09-2025-14-32-53__Y-Maze_cs-p_female_control_1-95_Day1.hdf5,control,59,upright,32,0.3870967741935484,1.1239766081871345,2.1870845329237443,3252.100285357563,5.691862164918405,0.19410279117058613,3.530344303027694
NNYM_07-09-2025-14-32-53__Y-Maze_cs-p_female_control_1-95_Day1.hdf5,control,60,inverse,88,0.5172413793103449,0.9080564784053156,3.3643296180631257,4513.369743759931,5.581161275394183,0.2496790757381258,3.2189244684324807
NNYM_07-09-2025-14-32-53__Y-Maze_cs-p_female_control_1-95_Day1.hdf5,control,61,upright,15,0.5,1.8461538461538463,1.2046739210559883,2950.3736411768923,4.530320882354809,0.08020603384841796,5.560289702210575
NNYM_07-09-2025-14-32-53__Y-Maze_cs-p_female_control_1-95_Day1.hdf5,control,62,unknown,8,,,0.40663784585462776,1298.008006714541,5.177928499900868,0.0474497743339857,
NNYM_07-09-2025-14-32-53__Y-Maze_cs-p_female_control_1-95_Day1.hdf5,control,63,upright,28,0.7777777777777778,0.778846153846154,1.4645745171859836,3724.1671027626217,4.074992544046502,0.11519146838078194,3.0590427122751223
NNYM_07-09-2025-14-32-53__Y-Maze_cs-p_female_control_1-95_Day1.hdf5,control,64,inverse,103,0.5882352941176471,0.8379773691654879,2.897929156385917,8459.740696902543,4.996741872235974,0.16252691725475982,3.1501661608292095
NNYM_07-09-2025-14-32-53__Y-Maze_cs-p_female_control_1-95_Day1.hdf5,control,65,upright,10,0.5555555555555556,1.0125,1.7699314294246973,2497.3655523147117,4.335713136729196,0.11018794407517762,4.359401106701355
NNYM_07-09-2025-14-32-53__Y-Maze_cs-p_female_control_1-95_Day1.hdf5,control,66,inverse,9,0.5,2.0,0.7250690660993752,2400.0768796793254,5.474156518081778,0.1135249918327344,
NNYM_07-09-2025-14-32-53__Y-Maze_cs-p_female_control_1-95_Day1.hdf5,control,67,upright,95,0.4574468085106383,0.8881534109017449,2.4857835883083417,5469.968223493194,5.288706334651601,0.17998673668739806,2.883568608357757
NNYM_07-09-2025-14-32-53__Y-Maze_cs-p_female_control_1-95_Day1.hdf5,control,68,inverse,248,0.4493927125506073,1.0514215793986237,2.0483517534638804,9679.52412242498,4.808478706412588,0.4184375403694613,3.253910674715195
NNYM_07-09-2025-14-32-53__Y-Maze_cs-p_female_control_1-95_Day1.hdf5,control,69,upright,80,0.6455696202531646,1.0085649644473174,1.2952645083895733,7066.479018485665,4.144662744961197,0.11720795066329473,4.335162431226357
NNYM_07-09-2025-14-32-53__Y-Maze_cs-p_female_control_1-95_Day1.hdf5,control,70,inverse,196,0.5897435897435898,0.9161110488570148,7.098247127588773,8234.20482850214,5.414025981811249,0.3853134824129545,3.2292922366810206
NNYM_07-09-2025-14-32-53__Y-Maze_cs-p_female_control_1-95_Day1.hdf5,control,71,upright,258,0.39299610894941633,1.0807475128522468,3.302782226778158,11975.3497951307,5.052135670454653,0.3153002702762091,3.5042998282487683
NNYM_07-09-2025-14-32-53__Y-Maze_cs-p_female_control_1-95_Day1.hdf5,control,72,inverse,31,0.3333333333333333,1.2413793103448276,3.0382927972552016,1705.0996189410585,4.837960392525402,0.18759919006183987,3.0917232332123645
NNYM_07-09-2025-14-32-53__Y-Maze_cs-p_female_control_1-95_Day1.hdf5,control,73,upright,6,0.6,0.5208333333333334,1.5019163620687201,2121.274578970926,4.466987676397596,0.0462478184991274,1.7641726771646602
NNYM_07-09-2025-14-32-53__Y-Maze_cs-p_female_control_1-95_Day1.hdf5,control,74,inverse,190,0.5026455026455027,1.085136761096948,5.985354685822356,9256.161154169102,5.6733385650752135,0.4067668619000258,3.4641871541754283
NNYM_07-09-2025-14-32-53__Y-Maze_cs-p_female_control_1-95_Day1.hdf5,control,75,upright,12,0.45454545454545453,1.6133333333333335,0.9565790970754832,1902.4315901474483,5.4468778366516375,0.09068028999661921,3.58522522938049
NNYM_07-09-2025-14-32-53__Y-Maze_cs-p_female_control_1-95_Day1.hdf5,control,76,inverse,652,0.4807987711213518,0.9151958377747174,3.600069807295901,25718.276143904193,5.903200049600189,0.5774298938197658,3.280338919553797
NNYM_07-09-2025-14-32-53__Y-Maze_cs-p_female_control_1-95_Day1.hdf5,control,77,upright,20,0.3157894736842105,1.1570512820512822,2.148337762985675,2957.2018455670386,6.141175807158007,0.07346900888775439,2.9683641658136057
NNYM_07-09-2025-14-32-53__Y-Maze_cs-p_female_control_1-95_Day1.hdf5,control,78,inverse,45,0.4772727272727273,1.444845683470557,2.108868403785515,4289.051938651442,4.833386433665721,0.13893492970380047,3.434485404552863
NNYM_07-09-2025-14-32-53__Y-Maze_cs-p_female_control_1-95_Day1.hdf5,control,79,upright,112,0.44144144144144143,1.198253935005087,2.339146812502898,8051.119230597738,4.337624081695284,0.2021906244104886,4.0869571883157825
NNYM_07-09-2025-14-32-53__Y-Maze_cs-p_female_control_1-95_Day1.hdf5,control,80,inverse,58,0.42105263157894735,0.6592938311688311,2.4775048060407787,5187.828370901387,4.138689980489269,0.17552193193708582,3.0777284994754974
NNYM_07-09-2025-14-32-53__Y-Maze_cs-p_female_control_1-95_Day1.hdf5,control,81,upright,433,0.5439814814814815,0.9820767603302638,4.19478993566645,18084.57303682638,5.357496992794279,0.4411460164888837,3.199894964799953
NNYM_07-09-2025-14-32-53__Y-Maze_cs-p_female_control_1-95_Day1.hdf5,control,82,inverse,229,0.543859649122807,0.8790103956012725,2.7890396279530116,11788.961678980224,4.149594918903793,0.31582344221130865,4.144435240002751
NNYM_07-09-2025-14-32-53__Y-Maze_cs-p_female_control_1-95_Day1.hdf5,control,83,upright,3,1.0,,0.9280239221003019,1333.0179434182528,3.3125112314854768,0.07094825065783063,3.6782322181181692
NNYM_07-09-2025-14-32-53__Y-Maze_cs-p_female_control_1-95_Day1.hdf5,control,84,unknown,0,,,,,,,
NNYM_07-09-2025-14-32-53__Y-Maze_cs-p_female_control_1-95_Day1.hdf5,control,85,upright,77,0.5,1.0666666666666667,2.0038795799230464,5811.831678405898,4.4596825812528325,0.11440182329036382,3.800320117724457
NNYM_07-09-2025-14-32-53__Y-Maze_cs-p_female_control_1-95_Day1.hdf5,control,86,inverse,331,0.5393939393939394,1.0031878045580123,5.7632127094423495,11815.271582049729,5.039518552144639,0.4753075414512391,3.0309239781728725
NNYM_07-09-2025-14-32-53__Y-Maze_cs-p_female_control_1-95_Day1.hdf5,control,87,upright,54,0.41509433962264153,1.2277097902097902,3.3541445616697,3411.343569472021,5.090161180695226,0.1813821972112106,2.9817860788555777
NNYM_07-09-2025-14-32-53__Y-Maze_cs-p_female_control_1-95_Day1.hdf5,control,88,inverse,38,0.5675675675675675,1.2449570105820107,2.6534803691560658,2775.469865048588,3.3794493067081035,0.12397440722619496,5.157441869010798
NNYM_07-09-2025-14-32-53__Y-Maze_cs-p_female_control_1-95_Day1.hdf5,control,89,upright,216,0.6837209302325581,1.0156282139023833,5.503465680689196,9428.345964886237,5.59459989158973,0.3673380475216998,3.163838701730553
NNYM_07-09-2025-14-32-53__Y-Maze_cs-p_female_control_1-95_Day1.hdf5,control,90,inverse,245,0.5614754098360656,0.9359595096988128,5.094790402625149,10571.088929448772,5.607944838253211,0.36032376747608535,3.2786044870001136
NNYM_07-09-2025-14-32-53__Y-Maze_cs-p_female_control_1-95_Day1.hdf5,control,91,upright,24,0.5217391304347826,0.4554063360881543,2.594353562352685,2377.187640875125,4.780819139866977,0.1712165592657684,3.4129077281188707
NNYM_07-09-2025-14-32-53__Y-Maze_cs-p_female_control_1-95_Day1.hdf5,control,92,unknown,1,,,,1699.411134048475,4.73583108471866,0.141222366710013,
NNYM_07-09-2025-14-32-53__Y-Maze_cs-p_female_control_1-95_Day1.hdf5,control,93,upright,248,0.5303643724696356,0.8976193456985899,2.813274512982912,13567.52708441911,4.941992677527434,0.3199139700850523,3.7188305406422595
NNYM_07-09-2025-14-32-53__Y-Maze_cs-p_female_control_1-95_Day1.hdf5,control,94,inverse,105,0.47115384615384615,0.9156690743375904,3.7873899787422527,6135.95926499047,4.386215750266456,0.2046472741039879,3.601457393107296
NNYM_07-10-2025-09-54-21__Y-Maze_cs-p_female_control_1-95_Day1.hdf5,control,0,upright,1257,0.3980891719745223,0.8546275258753346,0.6417423939931722,43203.363931898595,6.889589975760831,0.8543503424746952,3.1096412413601593
NNYM_07-10-2025-09-54-21__Y-Maze_cs-p_female_control_1-95_Day1.hdf5,control,1,inverse,794,0.44640605296343,0.876228823471449,1.14378382833917,28122.92155632437,5.510403160037286,0.6556976602167047,3.0793938433351853
NNYM_07-10-2025-09-54-21__Y-Maze_cs-p_female_control_1-95_Day1.hdf5,control,2,upright,675,0.5237388724035609,1.027576326767515,0.490471777784802,25242.19101600978,4.951918405851811,0.6373515465262974,3.3654152105315465
NNYM_07-10-2025-09-54-21__Y-Maze_cs-p_female_control_1-95_Day1.hdf5,control,3,inverse,879,0.41116173120728927,0.9348721118523913,0.6888724303965335,32788.815231238936,5.854003820862658,0.7393965742109382,3.2532830317124715
NNYM_07-10-2025-09-54-21__Y-Maze_cs-p_female_control_1-95_Day1.hdf5,control,4,upright,180,0.31843575418994413,0.9189242792928166,1.7795428661165524,8615.422222928026,5.006799450265845,0.20928642610489234,3.3632242927751372
NNYM_07-10-2025-09-54-21__Y-Maze_cs-p_female_control_1-95_Day1.hdf5,control,5,inverse,122,0.512396694214876,0.9505843357025696,2.5425513512514684,5592.797842146709,4.207230872686726,0.21684197024114932,3.3692904700928263
NNYM_07-10-2025-09-54-21__Y-Maze_cs-p_female_control_1-95_Day1.hdf5,control,6,upright,306,0.5049180327868853,0.9211417503723184,3.7505748045675333,14054.497920268377,4.577655686153801,0.4488459558082787,3.6817129091595246
NNYM_07-10-2025-09-54-21__Y-Maze_cs-p_female_control_1-95_Day1.hdf5,control,7,inverse,567,0.48586572438162545,0.9140047275049556,0.5681959182679707,22754.663271015244,4.753774378926678,0.5868275471533737,3.6077703448320526
NNYM_07-10-2025-09-54-21__Y-Maze_cs-p_female_control_1-95_Day1.hdf5,control,8,upright,413,0.4733009708737864,0.9662587941843886,0.7943756187415486,18080.244819882857,4.450146374755301,0.46847085641582953,3.760891630711085
NNYM_07-10-2025-09-54-21__Y-Maze_cs-p_female_control_1-95_Day1.hdf5,control,9,inverse,747,0.6246648793565683,0.9618043033672264,0.6797573281458856,31044.22265501129,5.889458321955275,0.6854793708366756,3.6199362166660403
NNYM_07-10-2025-09-54-21__Y-Maze_cs-p_female_control_1-95_Day1.hdf5,control,10,upright,951,0.5926315789473684,0.927514211518745,0.5112504484031912,33590.05980909389,6.038197309765871,0.7402781051143059,3.166225085162831
NNYM_07-10-2025-09-54-21__Y-Maze_cs-p_female_control_1-95_Day1.hdf5,control,11,inverse,751,0.39866666666666667,0.9328413531543334,0.7306218733062996,27072.25430950799,5.698373364106176,0.6214933902445477,3.2147845479338586
NNYM_07-10-2025-09-54-21__Y-Maze_cs-p_female_control_1-95_Day1.hdf5,control,12,upright,658,0.54337899543379,0.9860807158229146,0.6465775660390607,26228.782331897062,5.1524000716711935,0.6495498557621077,3.525676185754417
NNYM_07-10-2025-09-54-21__Y-Maze_cs-p_female_control_1-95_Day1.hdf5,control,13,inverse,611,0.42950819672131146,1.0655135242140896,0.6424177723227003,24434.419386676986,5.164432247122038,0.5898770520679208,3.5428351088892542
NNYM_07-10-2025-09-54-21__Y-Maze_cs-p_female_control_1-95_Day1.hdf5,control,14,upright,812,0.4438964241676942,0.8327063658262844,0.5711136542059531,31171.68891785896,5.528360099583953,0.7435917494589168,3.391786427429699
NNYM_07-10-2025-09-54-21__Y-Maze_cs-p_female_control_1-95_Day1.hdf5,control,15,inverse,142,0.3546099290780142,0.9207056514913659,2.598194403884781,6761.408839433734,4.631383124575984,0.2578137076081244,3.318610643097423
NNYM_07-10-2025-09-54-21__Y-Maze_cs-p_female_control_1-95_Day1.hdf5,control,16,upright,535,0.44756554307116103,0.6981089654333724,2.8570792903602444,19805.928006792183,5.404394976641115,0.5039360215830804,3.2200707618686057
NNYM_07-10-2025-09-54-21__Y-Maze_cs-p_female_control_1-95_Day1.hdf5,control,17,inverse,601,0.4033333333333333,0.8914159763170852,0.7673082078004905,23305.586421075834,5.027496424531871,0.5748959657339857,3.4482009281338315
NNYM_07-10-2025-09-54-21__Y-Maze_cs-p_female_control_1-95_Day1.hdf5,control,18,upright,480,0.5511482254697286,0.9090948713072143,1.1083243847311588,19021.405569288945,4.671704670523084,0.4835518748562227,3.376611807247896
NNYM_07-10-2025-09-54-21__Y-Maze_cs-p_female_control_1-95_Day1.hdf5,control,19,inverse,232,0.5064935064935064,0.8088320718183418,1.917135293837536,10744.958045563097,4.177486426873664,0.29023364671347535,3.6615352941635475
NNYM_07-10-2025-09-54-21__Y-Maze_cs-p_female_control_1-95_Day1.hdf5,control,20,upright,694,0.5786435786435786,1.1024174904017965,0.5663863766759563,26410.898063666147,5.291159930734567,0.6339658130077761,3.38557718730864
NNYM_07-10-2025-09-54-21__Y-Maze_cs-p_female_control_1-95_Day1.hdf5,control,21,inverse,661,0.48333333333333334,0.9388276638517592,0.40366615160394886,26235.432186935304,4.837865504143787,0.6941182601445247,3.6633002473819483
NNYM_07-10-2025-09-54-21__Y-Maze_cs-p_female_control_1-95_Day1.hdf5,control,22,upright,671,0.5567164179104478,1.1296321460745977,0.6101780456846502,25398.870746026023,5.437907703504623,0.5951603610524294,3.3318324220305935
NNYM_07-10-2025-09-54-21__Y-Maze_cs-p_female_control_1-95_Day1.hdf5,control,23,inverse,709,0.307909604519774,1.0885249201090972,0.6053985946554536,27514.36250577907,5.6062446463536,0.6367651670906367,3.478016362541424
NNYM_07-10-2025-09-54-21__Y-Maze_cs-p_female_control_1-95_Day1.hdf5,control,24,upright,662,0.47655068078668683,1.14797950604309,0.790450386675805,24653.06773544271,5.255238001528162,0.5785802608892527,3.2783289944011447
NNYM_07-10-2025-09-54-21__Y-Maze_cs-p_female_control_1-95_Day1.hdf5,control,25,inverse,601,0.515,1.1128546576727067,0.5438650038145898,23935.008286287648,4.989889278496413,0.6690963219053107,3.494557102252641
NNYM_07-10-2025-09-54-21__Y-Maze_cs-p_female_control_1-95_Day1.hdf5,control,26,upright,468,0.41113490364025695,1.0946641102549095,0.7273102816971917,18781.53634198056,4.604322577777614,0.47513948943770945,3.6217417733569315
NNYM_07-10-2025-09-54-21__Y-Maze_cs-p_female_control_1-95_Day1.hdf5,control,27,inverse,473,0.5296610169491526,1.112194181442589,0.41325257932770904,20497.029834104018,4.229082039533175,0.5659094475147753,3.9923735603127044
NNYM_07-10-2025-09-54-21__Y-Maze_cs-p_female_control_1-95_Day1.hdf5,control,28,upright,177,0.45454545454545453,1.1293333333333335,3.8090899515180845,8439.040696640219,5.06995733844775,0.2721595714688469,3.3136672909300744
NNYM_07-10-2025-09-54-21__Y-Maze_cs-p_female_control_1-95_Day1.hdf5,control,29,inverse,348,0.5100864553314121,0.983059011789295,5.751739685684089,14058.279415521605,5.200929426959517,0.4419716532375498,3.3236790589731333
NNYM_07-10-2025-09-54-21__Y-Maze_cs-p_female_control_1-95_Day1.hdf5,control,30,upright,354,0.6203966005665722,0.9831401735872318,2.2258643537384275,13871.58553908814,4.646349910724467,0.39428075360940873,3.3414043822045714
NNYM_07-10-2025-09-54-21__Y-Maze_cs-p_female_control_1-95_Day1.hdf5,control,31,inverse,695,0.3025936599423631,0.9949105662801058,0.5512012896050487,25868.72705760777,5.450833727920653,0.6027755201915598,3.3361497392853785
NNYM_07-10-2025-09-54-21__Y-Maze_cs-p_female_control_1-95_Day1.hdf5,control,32,upright,473,0.6038135593220338,0.9141423901613998,1.7512292285174154,17430.896218101945,4.383268429109389,0.518277070755742,3.207667798035716
NNYM_07-10-2025-09-54-21__Y-Maze_cs-p_female_control_1-95_Day1.hdf5,control,33,inverse,400,0.13032581453634084,0.9753996094415773,2.5125306612769402,16346.81477315403,4.95598908314547,0.5413069997095556,3.3373765865828653
NNYM_07-10-2025-09-54-21__Y-Maze_cs-p_female_control_1-95_Day1.hdf5,control,34,upright,538,0.4134078212290503,1.0116866199888588,0.6165401993256384,22389.912412881808,4.742192997422509,0.5774177224025407,3.5716028273730087
NNYM_07-10-2025-09-54-21__Y-Maze_cs-p_female_control_1-95_Day1.hdf5,control,35,inverse,429,0.4766355140186916,0.957594513215122,2.484989181845933,15825.011175216543,5.384261480309215,0.4205869325614693,3.1966153999731013
NNYM_07-10-2025-09-54-21__Y-Maze_cs-p_female_control_1-95_Day1.hdf5,control,36,upright,218,0.728110599078341,0.8535903219782751,3.7573201244337757,8615.065719731174,4.630788115674079,0.34146734906365944,3.2242983819341
NNYM_07-10-2025-09-54-21__Y-Maze_cs-p_female_control_1-95_Day1.hdf5,control,37,inverse,371,0.5243243243243243,0.874698868239854,1.4703890935226251,15731.197420630593,4.845490269068812,0.3587682414048974,3.3834747563152465
NNYM_07-10-2025-09-54-21__Y-Maze_cs-p_female_control_1-95_Day1.hdf5,control,38,upright,526,0.5142857142857142,0.9244187496881704,1.4927843511836663,20882.820978039563,5.4153794722571345,0.484328751933756,3.4581473959935125
NNYM_07-10-2025-09-54-21__Y-Maze_cs-p_female_control_1-95_Day1.hdf5,control,39,inverse,174,0.5491329479768786,1.1271631673100462,2.7136556475065676,8723.768596531041,3.9690437616090533,0.23422222222222222,4.00087489896194
NNYM_07-10-2025-09-54-21__Y-Maze_cs-p_female_control_1-95_Day1.hdf5,control,40,upright,249,0.5725806451612904,0.9015892006227266,2.578247985117426,12154.87207641664,4.686795822244948,0.32425206336457885,3.5329857255334103
NNYM_07-10-2025-09-54-21__Y-Maze_cs-p_female_control_1-95_Day1.hdf5,control,41,unknown,0,,,,517.8835308870446,4.573580533516974,0.0862144420131291,
NNYM_07-10-2025-09-54-21__Y-Maze_cs-p_female_control_1-95_Day1.hdf5,control,42,upright,628,0.5853269537480064,1.0036705471622682,1.1729287798927441,25854.7202880735,5.074170175458282,0.6528758032234278,3.4291524387798646
NNYM_07-10-2025-09-54-21__Y-Maze_cs-p_female_control_1-95_Day1.hdf5,control,43,inverse,698,0.5824964131994261,0.8980093984629576,1.016170678367663,26392.24288765027,5.485202355645923,0.6186174356819595,3.3071303627048767
NNYM_07-10-2025-09-54-21__Y-Maze_cs-p_female_control_1-95_Day1.hdf5,control,44,upright,410,0.39853300733496333,0.9202509000008803,1.1225449912452703,17673.899570397014,4.731521793489453,0.4461247806310662,3.5988067713038405
NNYM_07-10-2025-09-54-21__Y-Maze_cs-p_female_control_1-95_Day1.hdf5,control,45,inverse,616,0.4894308943089431,0.8929071156340419,0.4613544616537496,22690.988673042957,5.031649736165324,0.564049983420304,3.3218379790685586
NNYM_07-10-2025-09-54-21__Y-Maze_cs-p_female_control_1-95_Day1.hdf5,control,46,upright,135,0.5671641791044776,1.271055360724861,1.9192948395524632,8353.514295152363,4.321024276254696,0.19344237646730317,4.222615662615095
NNYM_07-10-2025-09-54-21__Y-Maze_cs-p_female_control_1-95_Day1.hdf5,control,47,inverse,574,0.5357766143106457,0.8997112950481714,0.8562119159805736,23954.69270436194,5.07902055163316,0.5892085694050991,3.515664812509891
NNYM_07-10-2025-09-54-21__Y-Maze_cs-p_female_control_1-95_Day1.hdf5,control,48,upright,296,0.39322033898305087,0.9194865819569978,1.9747600999181039,14537.420654204487,4.356093044409988,0.36858442018133797,4.03769866664681
NNYM_07-10-2025-09-54-21__Y-Maze_cs-p_female_control_1-95_Day1.hdf5,control,49,inverse,713,0.476123595505618,0.8458105844382559,0.619350301211198,28059.428876099657,5.476064611916379,0.6667947564692628,3.400481927432646
NNYM_07-10-2025-09-54-21__Y-Maze_cs-p_female_control_1-95_Day1.hdf5,control,50,upright,871,0.4885057471264368,0.7691061053531458,0.614177201239844,30296.00549157503,5.829872508312543,0.6835722642267195,3.185511743052388
NNYM_07-10-2025-09-54-21__Y-Maze_cs-p_female_control_1-95_Day1.hdf5,control,51,inverse,675,0.6602373887240356,0.9008409997570064,0.5236345282627479,24136.489840493883,4.8843103403976205,0.628118369235874,3.18900835434355
NNYM_07-10-2025-09-54-21__Y-Maze_cs-p_female_control_1-95_Day1.hdf5,control,52,upright,854,0.6377491207502931,0.9678232890226376,0.3871729926593078,31933.175411761396,5.597332551376826,0.7546175060682251,3.2667277754973343
NNYM_07-10-2025-09-54-21__Y-Maze_cs-p_female_control_1-95_Day1.hdf5,control,53,inverse,679,0.6460176991150443,0.9979616458590478,0.5367403289521334,26731.51080251342,5.024767567712435,0.6746122917863296,3.367904618045631
NNYM_07-10-2025-09-54-21__Y-Maze_cs-p_female_control_1-95_Day1.hdf5,control,54,upright,574,0.5008726003490401,1.013989102318456,0.4927763237291383,23142.884277112305,4.986188946351673,0.5700446244619202,3.6054746205618553
NNYM_07-10-2025-09-54-21__Y-Maze_cs-p_female_control_1-95_Day1.hdf5,control,55,inverse,699,0.5830945558739254,1.0770938290943022,0.4235056570669905,26300.15998613127,5.158918434998743,0.642458491523348,3.4129775390126778
NNYM_07-10-2025-09-54-21__Y-Maze_cs-p_female_control_1-95_Day1.hdf5,control,56,upright,660,0.5174506828528073,1.01034925284158,0.6748616690265921,25910.812040242243,4.925812525039711,0.6605511763121072,3.47766435126271
NNYM_07-10-2025-09-54-21__Y-Maze_cs-p_female_control_1-95_Day1.hdf5,control,57,inverse,758,0.42140026420079263,0.8842860509330356,0.6400442813092713,26075.703927806957,5.209876300472511,0.635242544142511,3.1276726114967675
NNYM_07-10-2025-09-54-21__Y-Maze_cs-p_female_control_1-95_Day1.hdf5,control,58,upright,740,0.6373477672530447,1.005404762689925,0.43453891324070926,25770.256128799,5.0246948562805125,0.6455027376154455,3.178986679360082
NNYM_07-10-2025-09-54-21__Y-Maze_cs-p_female_control_1-95_Day1.hdf5,control,59,inverse,761,0.4710526315789474,0.8460505489569545,0.6386307469464233,27812.81143666212,5.235160769729196,0.6780141104507699,3.2010579788521536
NNYM_07-10-2025-09-54-21__Y-Maze_cs-p_female_control_1-95_Day1.hdf5,control,60,upright,562,0.5365418894830659,0.8222489709211055,0.9134119073893769,21497.253197064623,5.104763293952073,0.5398920270294751,3.3202123942658934
NNYM_07-10-2025-09-54-21__Y-Maze_cs-p_female_control_1-95_Day1.hdf5,control,61,inverse,414,0.5181598062953995,0.8700797734703825,4.087811914383623,16530.585220941393,5.235070202863919,0.49485057678037375,3.345232997512678
NNYM_07-10-2025-09-54-21__Y-Maze_cs-p_female_control_1-95_Day1.hdf5,control,62,upright,829,0.5169082125603864,0.8159270078766852,0.5966803124169326,32304.4511674949,6.116280939047615,0.699873610808455,3.3150703424569863
NNYM_07-10-2025-09-54-21__Y-Maze_cs-p_female_control_1-95_Day1.hdf5,control,63,inverse,410,0.38875305623471884,0.938621963250709,3.7555372746104645,19536.423277790287,5.558484287280806,0.5347200269751955,3.7810332571693572
NNYM_07-10-2025-09-54-21__Y-Maze_cs-p_female_control_1-95_Day1.hdf5,control,64,upright,348,0.6368876080691642,0.9872954220965101,1.8583603931073487,14672.816238198357,4.700049180641028,0.41658740919116904,3.4422480634779298
NNYM_07-10-2025-09-54-21__Y-Maze_cs-p_female_control_1-95_Day1.hdf5,control,65,inverse,526,0.44952380952380955,1.0257206881824217,0.690407416912482,20871.33494082404,4.676194706193402,0.532431110101522,3.4569934435690532
NNYM_07-10-2025-09-54-21__Y-Maze_cs-p_female_control_1-95_Day1.hdf5,control,66,upright,224,0.5022421524663677,0.9549741585214558,1.940855365778035,12535.54813745003,4.321072770896594,0.3763360490320652,4.010950993277818
NNYM_07-10-2025-09-54-21__Y-Maze_cs-p_female_control_1-95_Day1.hdf5,control,67,inverse,332,0.4984894259818731,0.9212205295009238,0.742906908744048,15623.208459523066,4.128629862424433,0.40286890292167243,4.0766181218256445
NNYM_07-10-2025-09-54-21__Y-Maze_cs-p_female_control_1-95_Day1.hdf5,control,68,upright,383,0.4109947643979058,0.9812239924361895,0.7324039480575313,16300.136909832818,4.191741707457307,0.422471434989825,3.879550828974334
NNYM_07-10-2025-09-54-21__Y-Maze_cs-p_female_control_1-95_Day1.hdf5,control,69,inverse,623,0.39389067524115756,0.9544170178995622,0.7457068737271677,25300.59610446244,4.682101148547363,0.6877995033054671,3.504014755671875
NNYM_07-10-2025-09-54-21__Y-Maze_cs-p_female_control_1-95_Day1.hdf5,control,70,upright,567,0.5848056537102474,0.8929448713011415,0.6812680486797584,23169.01510586236,4.662598066393956,0.6176830868842419,3.6349849345130534
NNYM_07-10-2025-09-54-21__Y-Maze_cs-p_female_control_1-95_Day1.hdf5,control,71,inverse,227,0.5176991150442478,1.059104872927503,3.554104037806562,11127.040883313603,4.9098685711264975,0.2990674205392742,3.4597282348268963
NNYM_07-10-2025-09-54-21__Y-Maze_cs-p_female_control_1-95_Day1.hdf5,control,72,upright,620,0.43295638126009695,0.8304652366744818,1.1293289836966203,23947.702240533625,5.369722904698587,0.5597226848037583,3.289279370780069
NNYM_07-10-2025-09-54-21__Y-Maze_cs-p_female_control_1-95_Day1.hdf5,control,73,inverse,351,0.4514285714285714,0.9487814793321484,6.600698731948515,13875.422205653362,5.383218014309574,0.46134230658008885,3.2152560712757627
NNYM_07-10-2025-09-54-21__Y-Maze_cs-p_female_control_1-95_Day1.hdf5,control,74,upright,569,0.5563380281690141,0.9574823730607,0.7612443080019717,21095.520059014314,4.765078678637788,0.5347693172634316,3.3427587310742637
NNYM_07-10-2025-09-54-21__Y-Maze_cs-p_female_control_1-95_Day1.hdf5,control,75,inverse,487,0.5390946502057613,0.9625858638095988,1.6902199012096608,18154.48006891819,5.321653984855837,0.5550040323038653,3.1998258394529615
NNYM_07-10-2025-09-54-21__Y-Maze_cs-p_female_control_1-95_Day1.hdf5,control,76,upright,611,0.6344262295081967,0.9416254549866698,0.7197841168734255,25716.737599262644,5.083169548335699,0.6414625642813562,3.6673190607014163
NNYM_07-10-2025-09-54-21__Y-Maze_cs-p_female_control_1-95_Day1.hdf5,control,77,inverse,201,0.66,1.0189091625686364,3.1772464985024613,10220.859209399834,4.650153178774324,0.28177531890112106,3.6764624748304877
NNYM_07-10-2025-09-54-21__Y-Maze_cs-p_female_control_1-95_Day1.hdf5,control,78,upright,285,0.5070422535211268,1.0108012227270178,2.0079400499158604,12503.326252035096,3.8822370429094004,0.3739798367738838,3.6723332950827157
NNYM_07-10-2025-09-54-21__Y-Maze_cs-p_female_control_1-95_Day1.hdf5,control,79,inverse,487,0.43209876543209874,0.9704751232631107,0.5236292679416548,20785.671180471356,4.49937335245588,0.5527969885319093,3.843454195358506
NNYM_07-10-2025-09-54-21__Y-Maze_cs-p_female_control_1-95_Day1.hdf5,control,80,upright,618,0.6110210696920584,0.9084241369262921,0.5584770176081226,23730.381042890425,4.949273154165663,0.6002726962845131,3.414479872164959
NNYM_07-10-2025-09-54-21__Y-Maze_cs-p_female_control_1-95_Day1.hdf5,control,81,inverse,914,0.47426067907995617,0.965277331985299,0.4695442230803979,33048.56093743237,5.913665427608737,0.7406299597118788,3.2434485461567872
NNYM_07-10-2025-09-54-21__Y-Maze_cs-p_female_control_1-95_Day1.hdf5,control,82,upright,340,0.3333333333333333,1.1383136094674555,4.319644344035594,15492.339016644008,5.374056995181458,0.509641067385719,3.8775024555772077
NNYM_07-10-2025-09-54-21__Y-Maze_cs-p_female_control_1-95_Day1.hdf5,control,83,inverse,395,0.434010152284264,1.1964123959072135,0.5932743270162397,18966.248627429057,4.377067206457506,0.49835970413108294,4.40764506411682
NNYM_07-10-2025-09-54-21__Y-Maze_cs-p_female_control_1-95_Day1.hdf5,control,84,upright,570,0.39718804920913886,1.044147810831033,0.9484517451012489,21440.913688900862,4.835274103549355,0.5354969752391672,3.310950987449659
NNYM_07-10-2025-09-54-21__Y-Maze_cs-p_female_control_1-95_Day1.hdf5,control,85,inverse,502,0.18562874251497005,1.012100806451613,0.666723437511763,20733.896904674926,4.526052775941788,0.5460313848362055,3.632213599636448
NNYM_07-10-2025-09-54-21__Y-Maze_cs-p_female_control_1-95_Day1.hdf5,control,86,upright,211,0.4095238095238095,0.9992255839079387,4.196442317330987,9625.08842483695,5.303151841375339,0.2968853905136731,3.2588337670386798
NNYM_07-10-2025-09-54-21__Y-Maze_cs-p_female_control_1-95_Day1.hdf5,control,87,inverse,529,0.571969696969697,0.8448280904752908,2.9238883708754293,18501.92703137816,4.964761785321694,0.6558784203237668,3.1931422058417662
NNYM_07-10-2025-09-54-21__Y-Maze_cs-p_female_control_1-95_Day1.hdf5,control,88,upright,264,0.4448669201520912,0.9968531895097826,4.0641601211156395,11742.090236065396,4.550986914729557,0.40675768343619473,3.6998023138211673
NNYM_07-10-2025-09-54-21__Y-Maze_cs-p_female_control_1-95_Day1.hdf5,control,89,inverse,251,0.432,1.0147528035983264,1.6334853687612827,12853.091839526613,4.004346372008988,0.34096732268845154,4.100450489858637
NNYM_07-10-2025-09-54-21__Y-Maze_cs-p_female_control_1-95_Day1.hdf5,control,90,upright,431,0.513953488372093,0.9564558429006674,0.6337603684726323,19454.51299222513,4.158286312539292,0.5528837730824486,4.112843969131643
NNYM_07-10-2025-09-54-21__Y-Maze_cs-p_female_control_1-95_Day1.hdf5,control,91,inverse,567,0.44346289752650175,1.1008002489270339,1.3508915733989386,22262.988411762984,4.90840328797439,0.5944757911845374,3.392907069981205
NNYM_07-10-2025-09-54-21__Y-Maze_cs-p_female_control_1-95_Day1.hdf5,control,92,upright,599,0.5418060200668896,0.9007696181185282,0.6190705154310154,23554.71680315522,4.923470040556454,0.5946759320189869,3.4737560380132595
NNYM_07-10-2025-09-54-21__Y-Maze_cs-p_female_control_1-95_Day1.hdf5,control,93,inverse,780,0.5096277278562259,1.0723770424443708,0.601037916383613,27312.809361805863,5.120050599988324,0.6785247871284542,3.162399556076734
NNYM_07-10-2025-09-54-21__Y-Maze_cs-p_female_control_1-95_Day1.hdf5,control,94,upright,540,0.5640074211502782,0.8239110106695196,5.353247261123345,19762.081444013485,5.843396523250088,0.5549144695985999,3.255714104348177
NNYM_07-10-2025-14-11-19__Y-Maze_cs-p_female_control_1-95_Day1.hdf5,control,0,inverse,393,0.5025510204081632,0.9923531974968484,0.9245896097483554,17159.124291472068,4.845648575447984,0.40313586681014935,3.695572590004556
NNYM_07-10-2025-14-11-19__Y-Maze_cs-p_female_control_1-95_Day1.hdf5,control,1,upright,679,0.5693215339233039,0.7470028316506178,0.5766929938539059,25014.520387601708,5.188411450533658,0.602974269515918,3.24424434507815
NNYM_07-10-2025-14-11-19__Y-Maze_cs-p_female_control_1-95_Day1.hdf5,control,2,inverse,133,0.3712121212121212,0.9484193199030738,2.8536662075670356,8022.525503222292,4.266156219336533,0.2512559577482932,4.507966106752139
NNYM_07-10-2025-14-11-19__Y-Maze_cs-p_female_control_1-95_Day1.hdf5,control,3,upright,569,0.528169014084507,1.146496090973703,1.0242495838754988,22368.770036454673,4.904420359320521,0.5764713226965851,3.466986128007844
NNYM_07-10-2025-14-11-19__Y-Maze_cs-p_female_control_1-95_Day1.hdf5,control,4,inverse,892,0.44556677890011226,0.9710594636272065,0.36732918100181666,34296.32202934193,5.787658172707581,0.7895893791162006,3.449681253075605
NNYM_07-10-2025-14-11-19__Y-Maze_cs-p_female_control_1-95_Day1.hdf5,control,5,upright,794,0.5334174022698613,0.9968771842442055,0.3611968810691753,30152.404762821483,5.263402758860245,0.7438465146172419,3.4560519918185904
NNYM_07-10-2025-14-11-19__Y-Maze_cs-p_female_control_1-95_Day1.hdf5,control,6,inverse,815,0.2727272727272727,0.9736059860598607,0.44208329376460087,32302.228621934875,5.797386537127979,0.7340946308490993,3.4461437936708355
NNYM_07-10-2025-14-11-19__Y-Maze_cs-p_female_control_1-95_Day1.hdf5,control,7,upright,899,0.6202672605790646,0.9560971542937644,0.35238464108744905,31943.27583414496,5.628887194768009,0.7445033918942425,3.231713374558601
NNYM_07-10-2025-14-11-19__Y-Maze_cs-p_female_control_1-95_Day1.hdf5,control,8,inverse,834,0.6110444177671068,0.9456828006962053,0.5215463438907698,30810.99499194518,5.940645011593455,0.6744827466197992,3.295681963418777
NNYM_07-10-2025-14-11-19__Y-Maze_cs-p_female_control_1-95_Day1.hdf5,control,9,upright,940,0.5686900958466453,0.9801185573825184,0.3792879072046667,34453.11920019116,5.8390103179200015,0.7869451379163368,3.2784139273569655
NNYM_07-10-2025-14-11-19__Y-Maze_cs-p_female_control_1-95_Day1.hdf5,control,10,inverse,864,0.5144843568945539,0.9009881155153016,0.5288708199061786,33041.1055658783,5.830786920731406,0.7443324937027708,3.318372500251299
NNYM_07-10-2025-14-11-19__Y-Maze_cs-p_female_control_1-95_Day1.hdf5,control,11,upright,656,0.29465648854961835,0.9858489210345462,0.4588236368324667,25493.747303812575,4.863580863875049,0.6583950649599944,3.4576337263856955
NNYM_07-10-2025-14-11-19__Y-Maze_cs-p_female_control_1-95_Day1.hdf5,control,12,inverse,696,0.339568345323741,1.034454340575243,0.574353215695074,28581.889162459687,5.317828533636577,0.6866598264438377,3.514823787926559
NNYM_07-10-2025-14-11-19__Y-Maze_cs-p_female_control_1-95_Day1.hdf5,control,13,upright,1035,0.4912959381044487,0.9799678337389426,0.38388458863157077,39944.63369942717,6.4684401982022495,0.8374797470339205,3.5164475039696743
NNYM_07-10-2025-14-11-19__Y-Maze_cs-p_female_control_1-95_Day1.hdf5,control,14,inverse,679,0.4970501474926254,0.9749231508158436,0.9831851287134105,26183.417648112285,5.394161859040457,0.6233444288717589,3.395103815338582
NNYM_07-10-2025-14-11-19__Y-Maze_cs-p_female_control_1-95_Day1.hdf5,control,15,upright,798,0.698870765370138,0.8327436808143049,0.8833116671867618,30080.15554199458,5.6576245362090605,0.6957884444134029,3.347342030321769
NNYM_07-10-2025-14-11-19__Y-Maze_cs-p_female_control_1-95_Day1.hdf5,control,16,inverse,837,0.6339712918660287,0.9005839744853615,0.5615044830517555,30933.870098456217,5.8203755906016745,0.6964526659412404,3.2626334879921295
NNYM_07-10-2025-14-11-19__Y-Maze_cs-p_female_control_1-95_Day1.hdf5,control,17,upright,151,0.5266666666666666,1.0365053288040194,3.2236770728882025,5946.917953842224,4.352486534675325,0.3849019962063048,3.2439422723481877
NNYM_07-10-2025-14-11-19__Y-Maze_cs-p_female_control_1-95_Day1.hdf5,control,18,inverse,1033,0.47771317829457366,0.9329884911345294,0.4005052804420432,36994.255083631615,6.382753156797324,0.7790925305607518,3.1856381839931185
NNYM_07-10-2025-14-11-19__Y-Maze_cs-p_female_control_1-95_Day1.hdf5,control,19,upright,762,0.5124835742444153,0.9900908657711041,0.47612307024670564,28057.337758990216,5.1454317353625685,0.7081802917410012,3.288192211296181
NNYM_07-10-2025-14-11-19__Y-Maze_cs-p_female_control_1-95_Day1.hdf5,control,20,inverse,731,0.4438356164383562,1.0169468088913716,0.49434701698527667,27445.591964521467,5.2020808707472295,0.6765823169936629,3.209400282992777
NNYM_07-10-2025-14-11-19__Y-Maze_cs-p_female_control_1-95_Day1.hdf5,control,21,upright,987,0.5740365111561866,0.996467456061006,0.4305912660254662,35858.10822824252,6.143522947360283,0.781385243764665,3.152889887150577
NNYM_07-10-2025-14-11-19__Y-Maze_cs-p_female_control_1-95_Day1.hdf5,control,22,unknown,1,,,,274.0382712845634,3.7886014358353663,0.0756768752774079,
NNYM_07-10-2025-14-11-19__Y-Maze_cs-p_female_control_1-95_Day1.hdf5,control,23,upright,905,0.5022123893805309,1.0675735041025483,0.4132858965093555,33134.642265866365,5.881841966061784,0.7422171536023958,3.2724635460326263
NNYM_07-10-2025-14-11-19__Y-Maze_cs-p_female_control_1-95_Day1.hdf5,control,24,inverse,534,0.7185741088180112,1.1107610900619693,0.6955066253625861,21545.672012731487,4.902838658409328,0.5312439948989396,3.6591390809800965
NNYM_07-10-2025-14-11-19__Y-Maze_cs-p_female_control_1-95_Day1.hdf5,control,25,upright,1034,0.4443368828654405,0.8104317069257484,0.524163179492956,37238.62554772716,6.462063396572449,0.7685049221920046,3.1656633765653766
NNYM_07-10-2025-14-11-19__Y-Maze_cs-p_female_control_1-95_Day1.hdf5,control,26,inverse,939,0.35074626865671643,1.0872786999402047,0.3194870431546865,35980.445121391305,5.982838588509444,0.8078566517853257,3.4280667230406126
NNYM_07-10-2025-14-11-19__Y-Maze_cs-p_female_control_1-95_Day1.hdf5,control,27,upright,990,0.6319514661274014,1.190177040975219,0.4507374453145944,37303.1652446528,6.528323962227252,0.7672770436573743,3.3229677032601677
NNYM_07-10-2025-14-11-19__Y-Maze_cs-p_female_control_1-95_Day1.hdf5,control,28,inverse,650,0.5963020030816641,0.8750538557325694,0.7472446098117436,25486.91663648707,5.161566441520233,0.6325869928515806,3.36318761184423
NNYM_07-10-2025-14-11-19__Y-Maze_cs-p_female_control_1-95_Day1.hdf5,control,29,upright,1005,0.5976095617529881,0.7939673718119569,0.49846553637300217,36149.862303796464,6.330545633082883,0.763982453391822,3.1636935796388306
NNYM_07-10-2025-14-11-19__Y-Maze_cs-p_female_control_1-95_Day1.hdf5,control,30,inverse,868,0.3679354094579008,0.9856201474428563,0.35861663474919425,32082.45011016504,5.762407240877559,0.7282279670157614,3.21153356088225
NNYM_07-10-2025-14-11-19__Y-Maze_cs-p_female_control_1-95_Day1.hdf5,control,31,upright,453,0.6526548672566371,0.8851711252334765,2.3104705868344806,16682.709098297935,5.262269364698231,0.4256295634033676,3.070086392028574
NNYM_07-10-2025-14-11-19__Y-Maze_cs-p_female_control_1-95_Day1.hdf5,control,32,inverse,731,0.4178082191780822,0.9276738719504531,0.7385463186961688,26450.300279057097,5.583614836235345,0.6176387140247903,3.1707425602495727
NNYM_07-10-2025-14-11-19__Y-Maze_cs-p_female_control_1-95_Day1.hdf5,control,33,upright,1509,0.7513262599469496,0.8772536955617337,0.5811094108601362,54272.08845491339,8.550837050185152,0.8720848302438261,3.009683393406136
NNYM_07-10-2025-14-11-19__Y-Maze_cs-p_female_control_1-95_Day1.hdf5,control,34,inverse,626,0.5552,0.9798917959403259,0.5495473554866379,26046.38047023378,5.074891882958481,0.6538796178676458,3.5068546455812344
NNYM_07-10-2025-14-11-19__Y-Maze_cs-p_female_control_1-95_Day1.hdf5,control,35,upright,863,0.45127610208816704,0.8536346319891835,0.526726096343616,31760.259574799755,5.792559531518397,0.7242407903433402,3.2418640122528446
NNYM_07-10-2025-14-11-19__Y-Maze_cs-p_female_control_1-95_Day1.hdf5,control,36,inverse,785,0.45663265306122447,0.9805567137135046,0.4331054392067091,30026.22438296967,5.407645769249139,0.7253418223567477,3.371158869918852
NNYM_07-10-2025-14-11-19__Y-Maze_cs-p_female_control_1-95_Day1.hdf5,control,37,upright,872,0.5419058553386912,1.1158843985572737,0.3977290191504716,33439.94907166669,5.869977331877897,0.754593711719069,3.288427462343304
NNYM_07-10-2025-14-11-19__Y-Maze_cs-p_female_control_1-95_Day1.hdf5,control,38,inverse,457,0.5087719298245614,0.8398189249174471,3.4982108702185974,17184.96194493309,5.275836071918764,0.4473208606362893,3.1552365619337386
NNYM_07-10-2025-14-11-19__Y-Maze_cs-p_female_control_1-95_Day1.hdf5,control,39,upright,670,0.4125560538116592,1.1396474185714203,0.6476947044343905,26807.434285194795,5.048348675600994,0.675393308317154,3.4131103176586843
NNYM_07-10-2025-14-11-19__Y-Maze_cs-p_female_control_1-95_Day1.hdf5,control,40,inverse,770,0.4304291287386216,1.0064647515125857,0.6854832339917779,29484.765074861927,5.788600054103622,0.6583951155691234,3.338298734610997
NNYM_07-10-2025-14-11-19__Y-Maze_cs-p_female_control_1-95_Day1.hdf5,control,41,upright,784,0.5300127713920817,0.9805149570817463,0.6114904569307728,30492.53063296822,5.770920719449746,0.6944600280504909,3.4763437802230106
NNYM_07-10-2025-14-11-19__Y-Maze_cs-p_female_control_1-95_Day1.hdf5,control,42,inverse,595,0.563973063973064,0.9292079582683898,0.4014807521905293,25083.480095354025,4.59403976406732,0.688720758326811,3.7765262767393075
NNYM_07-10-2025-14-11-19__Y-Maze_cs-p_female_control_1-95_Day1.hdf5,control,43,upright,648,0.4559505409582689,1.0296634766752375,0.8763400503243035,26008.622289265433,4.9561831832601095,0.6697069939164361,3.4645914345056537
NNYM_07-10-2025-14-11-19__Y-Maze_cs-p_female_control_1-95_Day1.hdf5,control,44,inverse,439,0.632420091324201,1.0089856840992837,3.3454970686689975,18647.27714909531,4.86998096290968,0.5075234348438487,3.480163862360834
NNYM_07-10-2025-14-11-19__Y-Maze_cs-p_female_control_1-95_Day1.hdf5,control,45,upright,41,0.45,1.1396011396011394,1.5712401997267218,2662.58922987641,4.563170960359033,0.12868513379064775,4.097896736114288
NNYM_07-10-2025-14-11-19__Y-Maze_cs-p_female_control_1-95_Day1.hdf5,control,46,inverse,775,0.520671834625323,1.034109128205451,0.5129839075008091,29504.448329341303,6.087323703038201,0.6245105136009629,3.3209871674537657
NNYM_07-10-2025-14-11-19__Y-Maze_cs-p_female_control_1-95_Day1.hdf5,control,47,upright,581,0.4603448275862069,0.9072611957329819,0.7192593005620698,25688.442473465977,5.548745916384908,0.5857710270175898,3.7207696482498016
NNYM_07-10-2025-14-11-19__Y-Maze_cs-p_female_control_1-95_Day1.hdf5,control,48,inverse,853,0.6455399061032864,0.9064100385493994,0.7679149478896328,31505.29646765341,5.851118425620804,0.711072166566399,3.2633354181555188
NNYM_07-10-2025-14-11-19__Y-Maze_cs-p_female_control_1-95_Day1.hdf5,control,49,upright,1072,0.5490196078431373,0.839848058280606,0.7632857556723077,38235.43465878494,6.790250182039546,0.7663503688185483,3.00921702801227
NNYM_07-10-2025-14-11-19__Y-Maze_cs-p_female_control_1-95_Day1.hdf5,control,50,inverse,967,0.582815734989648,1.0164871243218447,0.42533504703578684,36064.20232686035,6.021489459478024,0.8019612782183464,3.2072559343310205
NNYM_07-10-2025-14-11-19__Y-Maze_cs-p_female_control_1-95_Day1.hdf5,control,51,upright,425,0.24764150943396226,0.9135742711678149,3.4595846387364144,17574.413915190133,5.044448956223252,0.4891464592547405,3.404983979210692
NNYM_07-10-2025-14-11-19__Y-Maze_cs-p_female_control_1-95_Day1.hdf5,control,52,inverse,862,0.4715447154471545,0.9799179569428166,0.5480350101988565,32320.521462163433,5.708429274403174,0.7473059829357176,3.221130154210788
NNYM_07-10-2025-14-11-19__Y-Maze_cs-p_female_control_1-95_Day1.hdf5,control,53,upright,1234,0.5433901054339011,0.8587397287139307,0.6317952163912814,42851.03936345737,7.033724404918628,0.8263528265615894,3.0189707374473804
NNYM_07-10-2025-14-11-19__Y-Maze_cs-p_female_control_1-95_Day1.hdf5,control,54,inverse,491,0.5469387755102041,0.8871641763547267,2.5343091660613135,19608.38655950647,5.330780625206639,0.4909719072388801,3.306116828054551
NNYM_07-10-2025-14-11-19__Y-Maze_cs-p_female_control_1-95_Day1.hdf5,control,55,upright,478,0.4129979035639413,0.8362437043345257,1.13172433249741,19588.675847273615,5.1405411553226505,0.44621185237757277,3.511338391441278
NNYM_07-10-2025-14-11-19__Y-Maze_cs-p_female_control_1-95_Day1.hdf5,control,56,inverse,632,0.5166402535657686,0.8485589048050076,1.4871212234934785,23720.721844989414,5.554378678367229,0.5463881433072704,3.366406233026907
NNYM_07-10-2025-14-11-19__Y-Maze_cs-p_female_control_1-95_Day1.hdf5,control,57,upright,622,0.46537842190016104,0.9367494170229305,0.896337161781374,23127.09580479996,5.134915656585247,0.5562821640354926,3.235967636211236
NNYM_07-10-2025-14-11-19__Y-Maze_cs-p_female_control_1-95_Day1.hdf5,control,58,inverse,735,0.42779291553133514,0.8666417359863715,0.6451873014146177,27448.486438893164,5.419381356819911,0.6589178003786378,3.2945299897401523
NNYM_07-10-2025-14-11-19__Y-Maze_cs-p_female_control_1-95_Day1.hdf5,control,59,upright,759,0.48548812664907653,0.7826936699316229,0.6272176771477174,31246.63471118256,5.489621832041438,0.7570357046182863,3.539020842346422
NNYM_07-10-2025-14-11-19__Y-Maze_cs-p_female_control_1-95_Day1.hdf5,control,60,inverse,1024,0.40175953079178883,0.8284599936364907,0.5659666708382938,37430.666358381364,6.5952576525947615,0.7585847079590612,3.155061681104728
NNYM_07-10-2025-14-11-19__Y-Maze_cs-p_female_control_1-95_Day1.hdf5,control,61,upright,927,0.5032397408207343,0.8519276589521038,0.4830563151926728,33598.83594982819,5.823195890268116,0.764934219096001,3.1821613920310488
NNYM_07-10-2025-14-11-19__Y-Maze_cs-p_female_control_1-95_Day1.hdf5,control,62,inverse,497,0.49193548387096775,0.9537834761878478,1.596873783897905,21731.203424210413,4.624231941374379,0.6076443698276413,3.7483040598964528
NNYM_07-10-2025-14-11-19__Y-Maze_cs-p_female_control_1-95_Day1.hdf5,control,63,upright,699,0.6146131805157593,0.7813726491010442,0.46766105605289804,27218.201997276956,5.048923388198711,0.6965298036312971,3.5009005071142107
NNYM_07-10-2025-14-11-19__Y-Maze_cs-p_female_control_1-95_Day1.hdf5,control,64,inverse,595,0.44107744107744107,0.9234483083783973,0.662320649012686,23424.467900348325,4.838693047330601,0.6022833646822099,3.4016816248772637
NNYM_07-10-2025-14-11-19__Y-Maze_cs-p_female_control_1-95_Day1.hdf5,control,65,upright,360,0.7855153203342619,0.9781783551841796,1.117638796258682,14850.675372362713,4.492809082483722,0.3549223948754853,3.401834250228049
NNYM_07-10-2025-14-11-19__Y-Maze_cs-p_female_control_1-95_Day1.hdf5,control,66,inverse,488,0.5420944558521561,1.102464221744657,4.212620377306358,18492.949045039004,5.0094150786569385,0.5386828444555632,3.2823388305589205
NNYM_07-10-2025-14-11-19__Y-Maze_cs-p_female_control_1-95_Day1.hdf5,control,67,upright,73,0.6944444444444444,1.06202304737516,2.3256071124916597,5067.260750429917,3.8904938438443515,0.13772429748335402,3.9299241350970893
NNYM_07-10-2025-14-11-19__Y-Maze_cs-p_female_control_1-95_Day1.hdf5,control,68,inverse,12,0.6363636363636364,1.0803571428571428,1.9762861006446608,2768.585947546814,3.9513177083157114,0.10742206828302821,8.363878664939497
NNYM_07-10-2025-14-11-19__Y-Maze_cs-p_female_control_1-95_Day1.hdf5,control,69,upright,1239,0.49353796445880455,0.9540801376157839,0.3741575095144253,40967.746680875214,6.592502648744252,0.8433109026881908,2.9610395059484125
NNYM_07-10-2025-14-11-19__Y-Maze_cs-p_female_control_1-95_Day1.hdf5,control,70,inverse,384,0.4960835509138381,0.9529380479927813,1.5635174520521888,16208.656704105204,4.23700316192397,0.48521618397637717,3.7729342782353648
NNYM_07-10-2025-14-11-19__Y-Maze_cs-p_female_control_1-95_Day1.hdf5,control,71,unknown,2,,,,2440.627144737691,4.133634646156599,0.0564705351502572,
NNYM_07-10-2025-14-11-19__Y-Maze_cs-p_female_control_1-95_Day1.hdf5,control,72,inverse,1075,0.441340782122905,0.8542553116189083,0.597177731036654,36855.43931004116,6.3162140551455845,0.7793085476025018,3.058639887844787
NNYM_07-10-2025-14-11-19__Y-Maze_cs-p_female_control_1-95_Day1.hdf5,control,73,upright,645,0.35093167701863354,0.9968478962257398,0.7760883361014553,23548.098068548854,5.077337701780196,0.5713300389390421,3.208673850385489
NNYM_07-10-2025-14-11-19__Y-Maze_cs-p_female_control_1-95_Day1.hdf5,control,74,inverse,624,0.536115569823435,0.86302358566837,0.5871457554710495,23948.82058406619,4.993467844216897,0.5910007595400854,3.3129971817078965
NNYM_07-10-2025-14-11-19__Y-Maze_cs-p_female_control_1-95_Day1.hdf5,control,75,upright,687,0.6107871720116618,0.7860358340378275,0.654294473663351,25250.67033399159,4.9850818217162995,0.6355457625347279,3.2830943511745727
NNYM_07-10-2025-14-11-19__Y-Maze_cs-p_female_control_1-95_Day1.hdf5,control,76,inverse,163,0.5061728395061729,1.105758597182245,3.9149857589686134,7424.019415806035,4.800634733938337,0.3138785604926224,3.1641309318670716
NNYM_07-10-2025-14-11-19__Y-Maze_cs-p_female_control_1-95_Day1.hdf5,control,77,upright,112,0.45045045045045046,0.9915558867362148,1.0374040100362885,7805.324324292729,3.7964632431400194,0.14209014053377048,4.440004710132383
NNYM_07-10-2025-14-11-19__Y-Maze_cs-p_female_control_1-95_Day1.hdf5,control,78,inverse,545,0.45955882352941174,0.9379963668708735,0.643499437343684,21927.612193590143,4.545929799505618,0.583198595246788,3.4915292020743873
NNYM_07-10-2025-14-11-19__Y-Maze_cs-p_female_control_1-95_Day1.hdf5,control,79,upright,363,0.4530386740331492,0.9334420824691751,2.954418356588316,17390.339288155603,4.451880644312739,0.4702770596109064,4.008856399567836
NNYM_07-10-2025-14-11-19__Y-Maze_cs-p_female_control_1-95_Day1.hdf5,control,80,inverse,778,0.425997425997426,1.0513815797192152,0.4988629959831361,29227.311259748334,5.570391915890794,0.6699020682217468,3.2247877808624428
NNYM_07-10-2025-14-11-19__Y-Maze_cs-p_female_control_1-95_Day1.hdf5,control,81,upright,844,0.5005931198102017,1.035630910984698,1.7130366215576294,30499.133221930722,6.4536760289115715,0.6196235136374864,3.136512181802796
NNYM_07-10-2025-14-11-19__Y-Maze_cs-p_female_control_1-95_Day1.hdf5,control,82,inverse,84,0.5301204819277109,1.1015585024731367,1.0022956425022949,7501.473034009865,3.272764420722805,0.14694383617802043,7.507582943092613
NNYM_07-10-2025-14-11-19__Y-Maze_cs-p_female_control_1-95_Day1.hdf5,control,83,unknown,0,,,,,,,
NNYM_07-10-2025-14-11-19__Y-Maze_cs-p_female_control_1-95_Day1.hdf5,control,84,inverse,519,0.6081081081081081,0.8441035446171177,1.9984550407948543,21636.32723458355,5.0156985797033355,0.5687714925554941,3.5548761361499017
NNYM_07-10-2025-14-11-19__Y-Maze_cs-p_female_control_1-95_Day1.hdf5,control,85,upright,859,0.3484848484848485,0.9893307125167979,0.5371961872370645,30070.261064105533,5.38986810015976,0.724934122987816,3.107420021032814
NNYM_07-10-2025-14-11-19__Y-Maze_cs-p_female_control_1-95_Day1.hdf5,control,86,inverse,877,0.4041095890410959,0.790206562578275,0.5342686960819002,30382.246810409793,5.715208116867636,0.6903920476306535,3.1177470783437937
NNYM_07-10-2025-14-11-19__Y-Maze_cs-p_female_control_1-95_Day1.hdf5,control,87,upright,846,0.7940828402366864,1.0796561705833152,0.4081194840509028,31911.1721804005,5.568486946389936,0.7543089967682525,3.409311300714931
NNYM_07-10-2025-14-11-19__Y-Maze_cs-p_female_control_1-95_Day1.hdf5,control,88,inverse,518,0.4158607350096712,1.017176144971866,0.6558777758484325,19838.737608068506,4.466926650238471,0.5246547977850985,3.412011096701243
NNYM_07-10-2025-14-11-19__Y-Maze_cs-p_female_control_1-95_Day1.hdf5,control,89,unknown,1,,,,281.02569940952117,3.2211669416039994,0.06650521609538003,
NNYM_07-10-2025-14-11-19__Y-Maze_cs-p_female_control_1-95_Day1.hdf5,control,90,inverse,654,0.49617151607963245,0.920299355147939,0.5109242671586668,23906.46015814885,4.638399577516121,0.6389210858860953,3.269953389666772
NNYM_07-10-2025-14-11-19__Y-Maze_cs-p_female_control_1-95_Day1.hdf5,control,91,upright,218,0.576036866359447,1.108980072463768,1.6968465565670898,11711.878057434558,3.86233771708969,0.31367338853835525,4.277046583918739
NNYM_07-10-2025-14-11-19__Y-Maze_cs-p_female_control_1-95_Day1.hdf5,control,92,inverse,628,0.4688995215311005,1.0006766889468852,0.6735733820890211,26792.762315071494,5.172893555263911,0.665667845507918,3.7610531092177095
NNYM_07-10-2025-14-11-19__Y-Maze_cs-p_female_control_1-95_Day1.hdf5,control,93,upright,743,0.3692722371967655,0.9792191346167527,0.47439346001765087,29405.06192950135,5.37083080766607,0.7104125155530806,3.5029092654422405
NNYM_07-10-2025-14-11-19__Y-Maze_cs-p_female_control_1-95_Day1.hdf5,control,94,inverse,513,0.486328125,1.0810431086888759,0.5152823790511799,22322.870786846885,4.762718636952072,0.5731168592597776,3.8161493641102773
NNYM_07-15-2025-09-04-08__Y-Maze_cs-p_female_control_1-95_Day1.hdf5,control,0,upright,806,0.3639751552795031,0.9670983353815394,0.5456666472471234,29390.52636915154,5.536126525813208,0.6884992669133562,3.316718420578425
NNYM_07-15-2025-09-04-08__Y-Maze_cs-p_female_control_1-95_Day1.hdf5,control,1,inverse,615,0.4592833876221498,0.8867942005082563,0.6381125717853519,23423.725040571204,4.9448770246581875,0.5860081226254421,3.4947580139745487
NNYM_07-15-2025-09-04-08__Y-Maze_cs-p_female_control_1-95_Day1.hdf5,control,2,upright,397,0.4898989898989899,0.9066991574532631,1.1833740364249048,17851.023250584687,4.579585495851309,0.45501266739051754,3.7814681123909324
NNYM_07-15-2025-09-04-08__Y-Maze_cs-p_female_control_1-95_Day1.hdf5,control,3,inverse,478,0.42557651991614254,1.0871105993366388,0.7038340951861967,19357.409787365938,4.722336263412379,0.4692856766117548,3.5572467608235425
NNYM_07-15-2025-09-04-08__Y-Maze_cs-p_female_control_1-95_Day1.hdf5,control,4,upright,441,0.5295454545454545,0.9417850474621257,0.7585605643425646,17938.541369721705,4.882107129945263,0.4171409739108748,3.5553282502136967
NNYM_07-15-2025-09-04-08__Y-Maze_cs-p_female_control_1-95_Day1.hdf5,control,5,inverse,715,0.469187675070028,0.9855097502602704,0.5057668066912642,27913.481698258445,5.251139301820537,0.6777211850117505,3.503852960701287
NNYM_07-15-2025-09-04-08__Y-Maze_cs-p_female_control_1-95_Day1.hdf5,control,6,upright,328,0.4740061162079511,1.045771220412465,1.1110173785877886,18554.698996646337,4.726776099864915,0.4474878615157273,4.27483621985847
NNYM_07-15-2025-09-04-08__Y-Maze_cs-p_female_control_1-95_Day1.hdf5,control,7,inverse,529,0.5909090909090909,0.9458797580239705,0.7245662656298969,20853.363611031764,4.758830168351876,0.5254984260230849,3.4219381360460384
NNYM_07-15-2025-09-04-08__Y-Maze_cs-p_female_control_1-95_Day1.hdf5,control,8,upright,395,0.6294416243654822,0.9218326064052873,0.6881105620904076,17230.152991133407,4.241403231134051,0.4494413407821229,3.9291138357597557
NNYM_07-15-2025-09-04-08__Y-Maze_cs-p_female_control_1-95_Day1.hdf5,control,9,inverse,496,0.45252525252525255,1.0050120088932237,0.8445542445515739,19566.308112329014,4.766158981949188,0.5324671621647309,3.494130541157613
NNYM_07-15-2025-09-04-08__Y-Maze_cs-p_female_control_1-95_Day1.hdf5,control,10,unknown,0,,,,,,,
NNYM_07-15-2025-09-04-08__Y-Maze_cs-p_female_control_1-95_Day1.hdf5,control,11,inverse,562,0.43137254901960786,0.9646005933721451,0.625662793752229,24410.212299522387,5.0309139721891345,0.5925300973080723,3.6073723534735795
NNYM_07-15-2025-09-04-08__Y-Maze_cs-p_female_control_1-95_Day1.hdf5,control,12,upright,181,0.3333333333333333,0.7667597765363129,7.0480120622930515,8006.1167601537845,4.600696875256755,0.40019156735250233,3.5163178743910466
NNYM_07-15-2025-09-04-08__Y-Maze_cs-p_female_control_1-95_Day1.hdf5,control,13,inverse,518,0.45454545454545453,1.1490310077519381,0.49984169834451936,22003.538326683723,4.596356347262629,0.5798136099876913,3.911528041776131
NNYM_07-15-2025-09-04-08__Y-Maze_cs-p_female_control_1-95_Day1.hdf5,control,14,upright,513,0.349609375,0.9940397273373472,0.9247596488468571,21394.550520325192,4.916909285172762,0.5229642601289501,3.5233263773222903
NNYM_07-15-2025-09-04-08__Y-Maze_cs-p_female_control_1-95_Day1.hdf5,control,15,inverse,729,0.6565934065934066,0.9577674975396108,0.6499278945698268,25775.467187099217,5.437379484881878,0.592415897849651,3.172467480849817
NNYM_07-15-2025-09-04-08__Y-Maze_cs-p_female_control_1-95_Day1.hdf5,control,16,upright,664,0.6742081447963801,0.9387294534898653,0.4774868285612439,25386.462933675542,5.160156952225759,0.6195267098305439,3.4621582311065273
NNYM_07-15-2025-09-04-08__Y-Maze_cs-p_female_control_1-95_Day1.hdf5,control,17,inverse,106,0.4,1.1418269230769231,1.0739093900744363,9498.681615514208,3.751028951586643,0.17634948664933314,5.146848618429679
NNYM_07-15-2025-09-04-08__Y-Maze_cs-p_female_control_1-95_Day1.hdf5,control,18,upright,544,0.4106813996316759,0.9071779646467989,0.9000660559059493,22226.237469227402,5.143026386508849,0.5119135154061625,3.402116011019766
NNYM_07-15-2025-09-04-08__Y-Maze_cs-p_female_control_1-95_Day1.hdf5,control,19,inverse,641,0.6328125,1.070861558458535,0.5747497986741776,25835.100074971866,5.300248146111269,0.6088409328228332,3.5041068268734272
NNYM_07-15-2025-09-04-08__Y-Maze_cs-p_female_control_1-95_Day1.hdf5,control,20,unknown,1,,,,214.6550344856985,12.497134374724522,0.47643979057591623,
NNYM_07-15-2025-09-04-08__Y-Maze_cs-p_female_control_1-95_Day1.hdf5,control,21,inverse,320,0.554858934169279,0.9230615098043043,1.15690031527704,18002.264882625044,4.906255840413877,0.4288974351980653,4.080426130884485
NNYM_07-15-2025-09-04-08__Y-Maze_cs-p_female_control_1-95_Day1.hdf5,control,22,upright,446,0.7797752808988764,0.8525009232604951,0.6635978837812214,19152.779782791284,4.6635211475926885,0.4625342621204979,3.7373078195750864
NNYM_07-15-2025-09-04-08__Y-Maze_cs-p_female_control_1-95_Day1.hdf5,control,23,inverse,730,0.4897119341563786,0.9482036456021615,0.5317481169226792,28208.63576167774,5.664373095033028,0.6322675685570335,3.342974263853203
NNYM_07-15-2025-09-04-08__Y-Maze_cs-p_female_control_1-95_Day1.hdf5,control,24,upright,479,0.4811715481171548,1.0371100790647483,0.7255531163774006,21982.013242874953,4.72214034848839,0.5579801370821094,3.8242316212193876
NNYM_07-15-2025-09-04-08__Y-Maze_cs-p_female_control_1-95_Day1.hdf5,control,25,inverse,357,0.5870786516853933,1.0806647128155125,1.5351425030827033,15910.364148043715,4.43312479121069,0.4126597183254068,3.5424930362101836
NNYM_07-15-2025-09-04-08__Y-Maze_cs-p_female_control_1-95_Day1.hdf5,control,26,upright,379,0.46825396825396826,1.012037327188631,0.498600788895706,18438.566219442157,4.134361645493127,0.49479312029025957,4.338094816444145
NNYM_07-15-2025-09-04-08__Y-Maze_cs-p_female_control_1-95_Day1.hdf5,control,27,inverse,437,0.43119266055045874,1.087256920613132,0.7738803155480805,20262.034940116282,4.290681422767324,0.5626671152586191,4.029194722943361
NNYM_07-15-2025-09-04-08__Y-Maze_cs-p_female_control_1-95_Day1.hdf5,control,28,upright,472,0.39278131634819535,1.0169768012321203,0.5963128092784512,18865.627937827652,4.4565573987489095,0.4961541200769176,3.528549475183934
NNYM_07-15-2025-09-04-08__Y-Maze_cs-p_female_control_1-95_Day1.hdf5,control,29,inverse,847,0.4326241134751773,0.8533652633621108,0.6396166084677183,29872.285323678447,5.896902288247173,0.6570433837006375,3.103827181792826
NNYM_07-15-2025-09-04-08__Y-Maze_cs-p_female_control_1-95_Day1.hdf5,control,30,upright,516,0.29320388349514565,0.9669638379503868,0.5188394356940722,18741.33340079018,4.266500878131397,0.48355197123231475,3.1851472386081365
NNYM_07-15-2025-09-04-08__Y-Maze_cs-p_female_control_1-95_Day1.hdf5,control,31,inverse,735,0.6294277929155313,1.0177157927539118,0.42585905066207197,28510.822707407453,5.262912614789201,0.6998808187836556,3.477335439405015
NNYM_07-15-2025-09-04-08__Y-Maze_cs-p_female_control_1-95_Day1.hdf5,control,32,upright,458,0.6148796498905909,1.139078569573805,0.9818089121493719,21264.497628637877,4.948878539097936,0.5350240374013143,3.837729442811263
NNYM_07-15-2025-09-04-08__Y-Maze_cs-p_female_control_1-95_Day1.hdf5,control,33,inverse,732,0.2694938440492476,0.9324149086640796,0.6073522671564728,28725.298323305404,5.331477107372377,0.6956700202613009,3.389236935072456
NNYM_07-15-2025-09-04-08__Y-Maze_cs-p_female_control_1-95_Day1.hdf5,control,34,upright,576,0.44521739130434784,0.9275106423157896,1.0615831104560716,24167.578011382106,5.043314640998249,0.5970721076958225,3.613721709419707
NNYM_07-15-2025-09-04-08__Y-Maze_cs-p_female_control_1-95_Day1.hdf5,control,35,inverse,449,0.5178571428571429,0.9811171968080091,1.287272241841459,18386.81036394456,5.4146531644861335,0.3908998542209657,3.3469483479718107
NNYM_07-15-2025-09-04-08__Y-Maze_cs-p_female_control_1-95_Day1.hdf5,control,36,upright,742,0.6126855600539811,0.9994108671058817,0.38222474966712916,27793.135398539758,5.428190414328589,0.652188291400872,3.328111011189926
NNYM_07-15-2025-09-04-08__Y-Maze_cs-p_female_control_1-95_Day1.hdf5,control,37,inverse,278,0.5848375451263538,1.0072595043058183,2.5580718889272056,14552.499643346935,4.651171983550244,0.4636213638315666,4.056564024841449
NNYM_07-15-2025-09-04-08__Y-Maze_cs-p_female_control_1-95_Day1.hdf5,control,38,upright,481,0.5416666666666666,1.0889819992116443,0.460686505973239,21087.423130103667,4.29331789078579,0.5792150340059042,3.9237521319193194
NNYM_07-15-2025-09-04-08__Y-Maze_cs-p_female_control_1-95_Day1.hdf5,control,39,inverse,368,0.4332425068119891,1.012586134309379,0.49929627533291016,18564.235237886,4.194660274131817,0.49079572705471985,4.488744382173332
NNYM_07-15-2025-09-04-08__Y-Maze_cs-p_female_control_1-95_Day1.hdf5,control,40,upright,748,0.5234270414993306,0.8839781352149729,0.3990818483737472,28782.274219508654,5.283170430377557,0.7014219248261802,3.4779507630118416
NNYM_07-15-2025-09-04-08__Y-Maze_cs-p_female_control_1-95_Day1.hdf5,control,41,inverse,670,0.5455904334828101,1.0717850190930325,0.8152775197749895,26518.12056390892,5.6196692312852266,0.601261213251621,3.4770085396873602
NNYM_07-15-2025-09-04-08__Y-Maze_cs-p_female_control_1-95_Day1.hdf5,control,42,upright,864,0.507531865585168,0.9863026941698715,0.5502219866768719,32085.155988574465,5.862874562415606,0.7192924190249785,3.2616979090463722
NNYM_07-15-2025-09-04-08__Y-Maze_cs-p_female_control_1-95_Day1.hdf5,control,43,inverse,327,0.38650306748466257,1.0316168498168499,1.0815630704713979,16843.89875793225,4.511602751949337,0.40786926014743763,3.8525184748451373
NNYM_07-15-2025-09-04-08__Y-Maze_cs-p_female_control_1-95_Day1.hdf5,control,44,upright,702,0.550641940085592,0.8082918003125257,0.7144067681970832,27425.680702758982,5.229199751982558,0.6848664219345546,3.4208034792559534
NNYM_07-15-2025-09-04-08__Y-Maze_cs-p_female_control_1-95_Day1.hdf5,control,45,inverse,708,0.4214992927864215,0.8132472251873393,0.5299766529364738,27072.926736678823,5.345332821328613,0.6444419338298556,3.371169883867851
NNYM_07-15-2025-09-04-08__Y-Maze_cs-p_female_control_1-95_Day1.hdf5,control,46,upright,583,0.627147766323024,0.9973705349231569,0.8503632243082867,22096.604510984722,4.919294474581717,0.5567452008516179,3.4389023931519533
NNYM_07-15-2025-09-04-08__Y-Maze_cs-p_female_control_1-95_Day1.hdf5,control,47,inverse,182,0.4696132596685083,0.8141179874727669,2.222371654856063,9084.687626215211,4.015519573329036,0.3155771405077603,3.789035189273602
NNYM_07-15-2025-09-04-08__Y-Maze_cs-p_female_control_1-95_Day1.hdf5,control,48,upright,575,0.6097560975609756,1.0707940663176265,0.6610259920733479,23496.576919319574,4.800196958126017,0.5964778014523634,3.5817212556628477
NNYM_07-15-2025-09-04-08__Y-Maze_cs-p_female_control_1-95_Day1.hdf5,control,49,inverse,702,0.5663338088445078,0.9597494010530103,0.5477893246346606,26427.413295181497,5.459501634167662,0.6185911744881256,3.302370662396666
NNYM_07-15-2025-09-04-08__Y-Maze_cs-p_female_control_1-95_Day1.hdf5,control,50,upright,738,0.4355495251017639,1.061109070734223,0.536261729267551,31263.289889952302,5.525521740461077,0.7430768829225429,3.635980796507959
NNYM_07-15-2025-09-04-08__Y-Maze_cs-p_female_control_1-95_Day1.hdf5,control,51,inverse,438,0.5652173913043478,1.129304869442484,0.41886041337852387,17858.27624679243,4.402202210006335,0.4470472252030605,3.6559701143438628
NNYM_07-15-2025-09-04-08__Y-Maze_cs-p_female_control_1-95_Day1.hdf5,control,52,upright,557,0.3776978417266187,0.9888966753706638,0.4685668038858151,22693.06902284346,4.638338080161684,0.5932626923110411,3.5612529050151243
NNYM_07-15-2025-09-04-08__Y-Maze_cs-p_female_control_1-95_Day1.hdf5,control,53,inverse,286,0.43157894736842106,0.8253137842411288,2.2793981076891434,12343.960324873442,4.628144920581661,0.33374028621172874,3.2300142327465835
NNYM_07-15-2025-09-04-08__Y-Maze_cs-p_female_control_1-95_Day1.hdf5,control,54,upright,405,0.3935643564356436,0.9772874663232023,0.8962949690889698,17234.31937215145,4.279891972461078,0.4430520402493981,3.789809436081749
NNYM_07-15-2025-09-04-08__Y-Maze_cs-p_female_control_1-95_Day1.hdf5,control,55,inverse,419,0.43779904306220097,1.1204575230642133,0.7035596586731006,19323.699280756657,4.433604239147475,0.5045264562027568,3.8989943309683834
NNYM_07-15-2025-09-04-08__Y-Maze_cs-p_female_control_1-95_Day1.hdf5,control,56,upright,679,0.4056047197640118,0.9680327848641567,0.5888799066630548,25516.706027280106,5.053611934569207,0.6408851348993054,3.3724875058577033
NNYM_07-15-2025-09-04-08__Y-Maze_cs-p_female_control_1-95_Day1.hdf5,control,57,inverse,817,0.5147058823529411,0.9898132950893688,0.5265006833593853,28272.82392991345,5.35416726127241,0.6796939673576801,3.0544948321604384
NNYM_07-15-2025-09-04-08__Y-Maze_cs-p_female_control_1-95_Day1.hdf5,control,58,upright,384,0.5248041775456919,1.0549522467061734,0.556649914312268,24220.688869719066,4.6324364949625,0.6529055711130051,4.936772551731032
NNYM_07-15-2025-09-04-08__Y-Maze_cs-p_female_control_1-95_Day1.hdf5,control,59,inverse,388,0.45219638242894056,0.9517044676899012,0.8039790308680133,17553.8907517263,4.4345447964564615,0.43916804062811343,3.8417993413716784
NNYM_07-15-2025-09-04-08__Y-Maze_cs-p_female_control_1-95_Day1.hdf5,control,60,upright,716,0.6251748251748251,1.0310047213315858,0.49261146132768474,27445.403087980194,5.0736616381248005,0.696081000803718,3.4333074667536096
NNYM_07-15-2025-09-04-08__Y-Maze_cs-p_female_control_1-95_Day1.hdf5,control,61,inverse,612,0.4844517184942717,0.850002276867031,0.5757271467004819,23798.943970530083,4.871586024670101,0.6002056125249392,3.4304281172766236
NNYM_07-15-2025-09-04-08__Y-Maze_cs-p_female_control_1-95_Day1.hdf5,control,62,upright,495,0.6234817813765182,1.1275967865151926,0.8005094451426291,21287.635672024542,4.608441568941733,0.5602237436476567,3.728451387883721
NNYM_07-15-2025-09-04-08__Y-Maze_cs-p_female_control_1-95_Day1.hdf5,control,63,unknown,0,,,,,,,
NNYM_07-15-2025-09-04-08__Y-Maze_cs-p_female_control_1-95_Day1.hdf5,control,64,upright,291,0.5827586206896552,1.010379269144725,1.1953009297729045,14252.932053938144,3.7945555024880133,0.39611173144112666,4.114891728269401
NNYM_07-15-2025-09-04-08__Y-Maze_cs-p_female_control_1-95_Day1.hdf5,control,65,inverse,357,0.7331460674157303,0.9142842860753957,1.0837555478187846,15107.577188632618,4.81420165258531,0.3473277597432038,3.660143635809754
NNYM_07-15-2025-09-04-08__Y-Maze_cs-p_female_control_1-95_Day1.hdf5,control,66,upright,90,0.38202247191011235,1.0348900097228975,5.445739630668198,4578.268322427385,3.759351344721724,0.250116530361456,3.837242820640128
NNYM_07-15-2025-09-04-08__Y-Maze_cs-p_female_control_1-95_Day1.hdf5,control,67,inverse,748,0.44712182061579653,0.9814867308531544,0.8705561463020579,27704.756149176996,5.461357353487683,0.6429524232992441,3.184682141838585
NNYM_07-15-2025-09-04-08__Y-Maze_cs-p_female_control_1-95_Day1.hdf5,control,68,upright,195,0.5567010309278351,1.0602671897104963,3.128810762412708,10089.950696398386,3.983886817583457,0.3132477702849685,3.769873933695239
NNYM_07-15-2025-09-04-08__Y-Maze_cs-p_female_control_1-95_Day1.hdf5,control,69,inverse,721,0.5625,0.9522926463121179,0.5385656985084359,28692.576183072117,5.335159733501096,0.6923191204872976,3.6033356732226367
NNYM_07-15-2025-09-04-08__Y-Maze_cs-p_female_control_1-95_Day1.hdf5,control,70,upright,742,0.5411605937921727,0.734708687343644,8.545391400628185,25740.147210224655,7.263360499107257,0.6501313101838343,2.9968088774032022
NNYM_07-15-2025-09-04-08__Y-Maze_cs-p_female_control_1-95_Day1.hdf5,control,71,inverse,927,0.43628509719222464,0.8439750368326674,0.639262175320914,32294.072088149605,6.084704450191174,0.7011258955987717,3.0841390905850514
NNYM_07-15-2025-09-04-08__Y-Maze_cs-p_female_control_1-95_Day1.hdf5,control,72,upright,482,0.5197505197505198,0.90975284992785,0.5527686768352711,20215.163031156986,4.359461142081553,0.5426221052723601,3.657478475957885
NNYM_07-15-2025-09-04-08__Y-Maze_cs-p_female_control_1-95_Day1.hdf5,control,73,inverse,472,0.40552016985138006,0.9002284409363612,0.7298063898311827,19136.9146846674,4.706025396024961,0.46631983436271757,3.5734431450440383
NNYM_07-15-2025-09-04-08__Y-Maze_cs-p_female_control_1-95_Day1.hdf5,control,74,upright,375,0.5641711229946524,1.003118269670967,1.5875892089369616,18201.204396712055,4.528698927559396,0.45188177270236346,3.611894832508446
NNYM_07-15-2025-09-04-08__Y-Maze_cs-p_female_control_1-95_Day1.hdf5,control,75,inverse,194,0.538860103626943,1.068956960350043,1.1320812169795813,13514.276149036883,4.162117865762085,0.30748329424259857,4.2593021730683684
NNYM_07-15-2025-09-04-08__Y-Maze_cs-p_female_control_1-95_Day1.hdf5,control,76,upright,465,0.4698275862068966,0.9277845733853934,0.6215923356268015,20685.126697103195,4.510245132305297,0.5456810849093723,3.9323648565510196
NNYM_07-15-2025-09-04-08__Y-Maze_cs-p_female_control_1-95_Day1.hdf5,control,77,inverse,130,0.49612403100775193,1.0625638521634615,1.3834229150655883,9053.199066333502,3.788765907061693,0.23014948859166012,4.934605921528307
NNYM_07-15-2025-09-04-08__Y-Maze_cs-p_female_control_1-95_Day1.hdf5,control,78,upright,208,0.5797101449275363,0.9065345664546368,0.5237939325391235,10712.636017934023,3.673919673657273,0.22964675159685216,4.571406071784418
NNYM_07-15-2025-09-04-08__Y-Maze_cs-p_female_control_1-95_Day1.hdf5,control,79,inverse,545,0.5606617647058824,0.9308283048462578,0.9518883251105685,22690.470150633068,5.169092835031822,0.5354065590286062,3.5629776460651357
NNYM_07-15-2025-09-04-08__Y-Maze_cs-p_female_control_1-95_Day1.hdf5,control,80,upright,298,0.4478114478114478,0.9905210403645898,0.9239564083780639,14142.757985991379,4.18353433236138,0.34479117680984533,3.991542977760064
NNYM_07-15-2025-09-04-08__Y-Maze_cs-p_female_control_1-95_Day1.hdf5,control,81,inverse,300,0.23745819397993312,0.7505643628638664,0.7875909716062239,13452.038745672635,4.547936944650116,0.4376039356984479,3.791961562423216
NNYM_07-15-2025-09-04-08__Y-Maze_cs-p_female_control_1-95_Day1.hdf5,control,82,upright,228,0.4977973568281938,1.106216158102202,3.7485793340685896,12113.49770360686,3.9367403214563974,0.361970549305096,4.137481963233357
NNYM_07-15-2025-09-04-08__Y-Maze_cs-p_female_control_1-95_Day1.hdf5,control,83,inverse,472,0.5201698513800425,1.1252353413592888,0.7242959061997412,21716.55851490563,4.7413196371311095,0.5563701965802851,4.151734854385451
NNYM_07-15-2025-09-04-08__Y-Maze_cs-p_female_control_1-95_Day1.hdf5,control,84,upright,706,0.6794326241134752,0.9489091089117848,0.7172365656522667,28252.499143398458,5.5193804876273544,0.6663042325236024,3.5131069928866014
NNYM_07-15-2025-09-04-08__Y-Maze_cs-p_female_control_1-95_Day1.hdf5,control,85,inverse,703,0.4658119658119658,0.9172699551100002,0.6991668199309995,27171.383208541454,5.1450497120538445,0.6742378647128091,3.4430771584731046
NNYM_07-15-2025-09-04-08__Y-Maze_cs-p_female_control_1-95_Day1.hdf5,control,86,upright,347,0.3699421965317919,1.0259367520941365,1.007231034648446,15628.0917294592,4.290456206176091,0.3993312850171697,3.642952861131806
NNYM_07-15-2025-09-04-08__Y-Maze_cs-p_female_control_1-95_Day1.hdf5,control,87,inverse,624,0.3868378812199037,0.9624842855447409,0.7334062518936096,22716.483221701328,4.72656106687794,0.5984738757197866,3.3041662292100527
NNYM_07-15-2025-09-04-08__Y-Maze_cs-p_female_control_1-95_Day1.hdf5,control,88,upright,721,0.6083333333333333,0.8814340653349219,1.0353216627276067,28130.376952975457,5.688376468592302,0.6436858623972916,3.321329879315508
NNYM_07-15-2025-09-04-08__Y-Maze_cs-p_female_control_1-95_Day1.hdf5,control,89,inverse,495,0.39068825910931176,0.8606063530572384,0.6499322659962351,20297.008711151488,4.449985036969265,0.5357071117282819,3.5762039391167497
NNYM_07-15-2025-09-04-08__Y-Maze_cs-p_female_control_1-95_Day1.hdf5,control,90,upright,572,0.46760070052539404,0.8280382187604829,1.0438157128430579,22741.78719462081,5.395927545423876,0.5188186326602905,3.4109906508178773
NNYM_07-15-2025-09-04-08__Y-Maze_cs-p_female_control_1-95_Day1.hdf5,control,91,inverse,604,0.5074626865671642,0.9204708310385464,1.0311041533046252,22852.602517437153,4.917008470458726,0.5756464057290155,3.3587065926108943
NNYM_07-15-2025-09-04-08__Y-Maze_cs-p_female_control_1-95_Day1.hdf5,control,92,upright,494,0.4077079107505071,1.02685626605806,0.7906711945045076,20795.193110473476,4.806629025649068,0.5199584821350034,3.6117065665825576
NNYM_07-15-2025-09-04-08__Y-Maze_cs-p_female_control_1-95_Day1.hdf5,control,93,inverse,469,0.4658119658119658,0.9853347739818872,1.1016263929999783,20468.409282228917,4.74092418083288,0.5387320044296788,3.6808876592949975
NNYM_07-15-2025-09-04-08__Y-Maze_cs-p_female_control_1-95_Day1.hdf5,control,94,upright,641,0.5734375,0.9340781954666899,0.6335017123906932,25341.420422888237,4.950184343366738,0.6466599676700598,3.484190590875855
NNYM_07-16-2025-08-49-06__Y-Maze_cs-p_female_control_1-95_Day1.hdf5,control,0,upright,814,0.4797047970479705,0.9399723259132649,0.5795148881112504,28698.632291796406,5.414202004967343,0.6793141380454332,3.0982213894053294
NNYM_07-16-2025-08-49-06__Y-Maze_cs-p_female_control_1-95_Day1.hdf5,control,1,upright,972,0.6333676622039135,0.963388251170824,0.5075270277963507,34728.1360692319,5.913036201647822,0.777634816173594,3.12461338968769
NNYM_07-16-2025-08-49-06__Y-Maze_cs-p_female_control_1-95_Day1.hdf5,control,2,upright,897,0.31138392857142855,0.9535746702989594,0.5332998771490521,31982.213116163883,5.615458253361088,0.7577043186172028,3.2375821393533264
NNYM_07-16-2025-08-49-06__Y-Maze_cs-p_female_control_1-95_Day1.hdf5,control,3,upright,666,0.47518796992481205,0.93302049871897,0.44647417562479724,26238.42541428236,5.1070372454140305,0.6461001670611165,3.627506239207059
NNYM_07-16-2025-08-49-06__Y-Maze_cs-p_female_control_1-95_Day1.hdf5,control,4,upright,254,0.4505928853754941,0.9136833390430514,0.8916436896224031,13321.756266087225,3.9509849852395997,0.34024085149882083,4.631285127722258
NNYM_07-16-2025-08-49-06__Y-Maze_cs-p_female_control_1-95_Day1.hdf5,control,5,upright,600,0.41235392320534225,1.038602452983999,0.33107438018205526,23282.58515219285,4.370535979784716,0.6516001463389139,3.692874007497006
NNYM_07-16-2025-08-49-06__Y-Maze_cs-p_female_control_1-95_Day1.hdf5,control,6,upright,574,0.4572425828970332,0.9193101316469054,0.6979725622345722,23282.555262089976,5.035000983631607,0.5803963874004796,3.7893356756499803
NNYM_07-16-2025-08-49-06__Y-Maze_cs-p_female_control_1-95_Day1.hdf5,control,7,inverse,660,0.40971168437025796,0.8043434688077252,0.5636865278159152,26614.647227978443,5.33402323119456,0.6284754422494795,3.466643293292547
NNYM_07-16-2025-08-49-06__Y-Maze_cs-p_female_control_1-95_Day1.hdf5,control,8,inverse,570,0.6045694200351494,0.9794603895985733,0.609637553064919,24077.51906796969,4.7464576006395145,0.627908393226946,3.6985956805238107
NNYM_07-16-2025-08-49-06__Y-Maze_cs-p_female_control_1-95_Day1.hdf5,control,9,inverse,572,0.43257443082311736,0.9041613176616254,1.025110053160773,22469.96649034986,5.048891894157126,0.5480588245641811,3.413942029768576
NNYM_07-16-2025-08-49-06__Y-Maze_cs-p_female_control_1-95_Day1.hdf5,control,10,inverse,624,0.5601926163723917,0.8646206368823127,0.5634221773672903,25203.0894434219,5.0792132744752845,0.624359624429563,3.5102505889382787
NNYM_07-16-2025-08-49-06__Y-Maze_cs-p_female_control_1-95_Day1.hdf5,control,11,inverse,621,0.5258064516129032,0.910341043560352,0.570709221007438,24812.718723960857,4.8228504123533815,0.6415107475415542,3.5265327715911265
NNYM_07-16-2025-08-49-06__Y-Maze_cs-p_female_control_1-95_Day1.hdf5,control,12,inverse,334,0.4624624624624625,0.9147945806297089,0.5661302424860059,15827.81563298747,3.599742282877634,0.44421361358914824,4.25990368091791
NNYM_07-16-2025-08-49-06__Y-Maze_cs-p_female_control_1-95_Day1.hdf5,control,13,inverse,789,0.5088832487309645,0.9888763049807132,0.5130180006702645,29624.614451152593,5.297133007079518,0.7277488736088961,3.3761746208848615
NNYM_07-16-2025-08-49-06__Y-Maze_cs-p_female_control_1-95_Day1.hdf5,control,14,inverse,865,0.9212962962962963,1.030752563170292,0.3969893545109251,34152.61501554043,5.896899864085658,0.7656835573218986,3.4791352991545814
NNYM_07-16-2025-08-49-06__Y-Maze_cs-p_female_control_1-95_Day1.hdf5,control,15,upright,924,0.5092091007583965,0.9157119386140876,0.5018303593318355,31725.08748715695,5.571507818781536,0.7408595978570932,2.978454518752513
NNYM_07-16-2025-08-49-06__Y-Maze_cs-p_female_control_1-95_Day1.hdf5,control,16,inverse,579,0.5363321799307958,0.9478121774423015,0.5621772999986508,24946.50993415674,4.736493158519539,0.6586702683861972,3.6918347273463867
NNYM_07-16-2025-08-49-06__Y-Maze_cs-p_female_control_1-95_Day1.hdf5,control,17,upright,743,0.3436657681940701,0.9363426436452036,0.4934264084933018,28938.26423390408,5.524403492590455,0.6652519893899205,3.365926917656705
NNYM_07-16-2025-08-49-06__Y-Maze_cs-p_female_control_1-95_Day1.hdf5,control,18,inverse,621,0.5467741935483871,0.9648247314722496,0.817485971363436,25833.277524473735,5.213839990979141,0.6301176304355506,3.596061948092262
NNYM_07-16-2025-08-49-06__Y-Maze_cs-p_female_control_1-95_Day1.hdf5,control,19,upright,805,0.6057213930348259,0.8421333285019142,0.48212664521913917,30715.368176128566,5.525893784056505,0.7287397071279503,3.367232383677185
NNYM_07-16-2025-08-49-06__Y-Maze_cs-p_female_control_1-95_Day1.hdf5,control,20,inverse,822,0.6053593179049939,0.962237808816161,0.5475370763479661,29957.515814750994,5.325054362775671,0.7270749009879445,3.2108296586494385
NNYM_07-16-2025-08-49-06__Y-Maze_cs-p_female_control_1-95_Day1.hdf5,control,21,upright,728,0.7799174690508941,0.8024706541120683,1.3771108106970953,24437.623892730437,5.6695761365866835,0.5448497834838039,2.9936604700738947
NNYM_07-16-2025-08-49-06__Y-Maze_cs-p_female_control_1-95_Day1.hdf5,control,22,inverse,103,0.5490196078431373,1.1796553102515221,1.1836677955378578,7490.105134999212,3.8638851620657717,0.15211613167041504,4.970727818047701
NNYM_07-16-2025-08-49-06__Y-Maze_cs-p_female_control_1-95_Day1.hdf5,control,23,upright,521,0.49615384615384617,0.994278486225713,0.741687170634451,23314.86999224594,4.980285179057701,0.5705577115946453,3.8589966623204335
NNYM_07-16-2025-08-49-06__Y-Maze_cs-p_female_control_1-95_Day1.hdf5,control,24,inverse,297,0.5945945945945946,0.8578222907036467,1.764280737997604,13153.927163594492,4.219642122496601,0.43181214882980135,3.721596504621166
NNYM_07-16-2025-08-49-06__Y-Maze_cs-p_female_control_1-95_Day1.hdf5,control,25,upright,503,0.30876494023904383,0.9165045200108289,0.45077497919465,22701.29941896964,4.540883860779237,0.6133115378899796,4.075394685819667
NNYM_07-16-2025-08-49-06__Y-Maze_cs-p_female_control_1-95_Day1.hdf5,control,26,inverse,843,0.6460807600950119,0.894419935096911,0.3867634990595014,33065.558951576626,5.484868940410272,0.802494477012194,3.636404295157765
NNYM_07-16-2025-08-49-06__Y-Maze_cs-p_female_control_1-95_Day1.hdf5,control,27,upright,638,0.4897959183673469,1.0035626310272536,0.6992461282106501,26041.19330469714,5.052164752032886,0.6588274612583772,3.855792474361985
NNYM_07-16-2025-08-49-06__Y-Maze_cs-p_female_control_1-95_Day1.hdf5,control,28,inverse,245,0.5942622950819673,0.9131118191995161,2.534931060984483,12850.62025009286,4.307861022462629,0.3978362136982156,4.121154934546719
NNYM_07-16-2025-08-49-06__Y-Maze_cs-p_female_control_1-95_Day1.hdf5,control,29,upright,725,0.17955801104972377,0.9952103938272678,0.6271749431628503,26543.48044868633,5.193232627799796,0.6390341312173204,3.137625978227189
NNYM_07-16-2025-08-49-06__Y-Maze_cs-p_female_control_1-95_Day1.hdf5,control,30,inverse,469,0.46153846153846156,0.8616294483532171,0.7350432131151553,19629.48099617324,4.56508492165139,0.49967329656830717,3.5514138018859027
NNYM_07-16-2025-08-49-06__Y-Maze_cs-p_female_control_1-95_Day1.hdf5,control,31,upright,633,0.3037974683544304,0.9103893531191471,0.5060361883679206,25644.817822046083,4.9396383345469745,0.6505492973698196,3.457046844857181
NNYM_07-16-2025-08-49-06__Y-Maze_cs-p_female_control_1-95_Day1.hdf5,control,32,inverse,607,0.3580858085808581,0.9563837304053966,0.4360683011779933,24262.159079169807,5.082550018117699,0.5963272324195055,3.477886192941537
NNYM_07-16-2025-08-49-06__Y-Maze_cs-p_female_control_1-95_Day1.hdf5,control,33,upright,647,0.6408668730650154,0.9194955816665309,0.6616970086722616,25264.59847086008,5.419682734784436,0.5833449781659389,3.3653798365464054
NNYM_07-16-2025-08-49-06__Y-Maze_cs-p_female_control_1-95_Day1.hdf5,control,34,inverse,389,0.5979381443298969,0.9888438805840569,0.7390289472377138,18478.03210099961,4.3932884027087,0.47642401737546414,4.101183303783887
NNYM_07-16-2025-08-49-06__Y-Maze_cs-p_female_control_1-95_Day1.hdf5,control,35,upright,723,0.6620498614958449,0.9546454968810706,0.6402043739063402,27997.802019383606,5.270728339978997,0.6816370218246371,3.3188078512381045
NNYM_07-16-2025-08-49-06__Y-Maze_cs-p_female_control_1-95_Day1.hdf5,control,36,inverse,407,0.6157635467980296,0.9496724279835391,0.36073899519705444,19485.111563633734,4.071422918535643,0.5564294381061288,4.3840138800041135
NNYM_07-16-2025-08-49-06__Y-Maze_cs-p_female_control_1-95_Day1.hdf5,control,37,upright,759,0.31398416886543534,0.9413922331456718,0.5075886781079815,28191.227491782163,5.206307639139427,0.6955795481238527,3.2682349850865022
NNYM_07-16-2025-08-49-06__Y-Maze_cs-p_female_control_1-95_Day1.hdf5,control,38,inverse,964,0.29387331256490135,0.8841518575760419,0.38951426298898745,33150.628786422516,5.8214226841134105,0.7466175945985922,3.096579027930955
NNYM_07-16-2025-08-49-06__Y-Maze_cs-p_female_control_1-95_Day1.hdf5,control,39,upright,434,0.76905311778291,1.0035488961183405,0.9806718763895154,19139.507014098177,4.812409089326347,0.4690759760910038,3.807383720785126
NNYM_07-16-2025-08-49-06__Y-Maze_cs-p_female_control_1-95_Day1.hdf5,control,40,inverse,456,0.5186813186813187,1.005809362690999,1.3516449626557208,18942.803604171597,5.1316861028911775,0.4226632781378334,3.5356155461991414
NNYM_07-16-2025-08-49-06__Y-Maze_cs-p_female_control_1-95_Day1.hdf5,control,41,upright,544,0.3867403314917127,0.875163843337275,1.3902569381004046,20977.8866349195,5.371403945228294,0.5049325245685804,3.412698427154023
NNYM_07-16-2025-08-49-06__Y-Maze_cs-p_female_control_1-95_Day1.hdf5,control,42,inverse,821,0.4951219512195122,0.9475871402051169,0.6748228879806819,32031.989539423754,5.777584300853205,0.7273480349839991,3.419373148793732
NNYM_07-16-2025-08-49-06__Y-Maze_cs-p_female_control_1-95_Day1.hdf5,control,43,upright,688,0.5705967976710334,1.0203411449325495,0.7022616918876035,28768.544507083458,5.215887075181209,0.7206293371411655,3.5075754584746197
NNYM_07-16-2025-08-49-06__Y-Maze_cs-p_female_control_1-95_Day1.hdf5,control,44,inverse,215,0.6915887850467289,0.9134617972646142,0.972769134961466,11792.969530631886,3.494698142021945,0.287546639743646,3.992941934798174
NNYM_07-16-2025-08-49-06__Y-Maze_cs-p_female_control_1-95_Day1.hdf5,control,45,upright,408,0.7248157248157249,0.8829351122389343,2.226440261905671,18141.289826912725,4.681395850225819,0.49441721390586857,3.801466125499255
NNYM_07-16-2025-08-49-06__Y-Maze_cs-p_female_control_1-95_Day1.hdf5,control,46,inverse,715,0.5238095238095238,0.879975774576055,0.8905310799607956,30329.063111049632,5.665610311939102,0.6899118187278568,3.524654993116068
NNYM_07-16-2025-08-49-06__Y-Maze_cs-p_female_control_1-95_Day1.hdf5,control,47,upright,285,0.4647887323943662,0.8948974588736539,0.8890678451321911,14468.098340976552,4.122296618902493,0.3782766826815141,4.189322203085595
NNYM_07-16-2025-08-49-06__Y-Maze_cs-p_female_control_1-95_Day1.hdf5,control,48,inverse,585,0.5308219178082192,1.0193107353349211,0.5526196790079397,24260.357462117587,4.965682134976313,0.5997316442020336,3.624869897605398
NNYM_07-16-2025-08-49-06__Y-Maze_cs-p_female_control_1-95_Day1.hdf5,control,49,upright,604,0.4461028192371476,0.9243620017064268,0.975973521217289,23127.797008688853,4.9692457379643,0.5817745845794475,3.244170909083703
NNYM_07-16-2025-08-49-06__Y-Maze_cs-p_female_control_1-95_Day1.hdf5,control,50,inverse,417,0.49278846153846156,0.8194475741365648,1.6004298118865716,18191.619561888554,5.006927403669483,0.4697419888671581,3.720948106142819
NNYM_07-16-2025-08-49-06__Y-Maze_cs-p_female_control_1-95_Day1.hdf5,control,51,upright,145,0.5277777777777778,1.1504037757907728,7.149010048630362,7168.884896315321,4.299399767841745,0.42842234499693066,4.243955189474903
NNYM_07-16-2025-08-49-06__Y-Maze_cs-p_female_control_1-95_Day1.hdf5,control,52,inverse,397,0.6212121212121212,0.860710095708552,0.9927885305739077,18239.070377354637,4.688011914296856,0.44971772278794914,3.7091703752663228
NNYM_07-16-2025-08-49-06__Y-Maze_cs-p_female_control_1-95_Day1.hdf5,control,53,upright,425,0.3938679245283019,1.0348038641374975,1.021130487646655,16278.551566726252,4.610430518498146,0.41125600423721076,3.3689416102365444
NNYM_07-16-2025-08-49-06__Y-Maze_cs-p_female_control_1-95_Day1.hdf5,control,54,inverse,466,0.5505376344086022,0.9754829803250289,1.0787420704024806,20016.671444502157,4.806338103732702,0.4907120743034056,3.605666798828772
NNYM_07-16-2025-08-49-06__Y-Maze_cs-p_female_control_1-95_Day1.hdf5,control,55,upright,763,0.5078740157480315,0.8806388982265277,0.44934604030092645,31054.595266271772,5.4807050252752285,0.7470795362207407,3.735435586300741
NNYM_07-16-2025-08-49-06__Y-Maze_cs-p_female_control_1-95_Day1.hdf5,control,56,inverse,603,0.39368770764119604,0.9759000398253453,0.4373239370943618,23988.308015728493,4.8691432220760476,0.6085139129370202,3.5013812214718087
NNYM_07-16-2025-08-49-06__Y-Maze_cs-p_female_control_1-95_Day1.hdf5,control,57,upright,800,0.4831038798498123,0.925869294577824,0.5651634773607864,32174.900577574088,5.697905098798666,0.7474929803449659,3.521010968046081
NNYM_07-16-2025-08-49-06__Y-Maze_cs-p_female_control_1-95_Day1.hdf5,control,58,inverse,386,0.5662337662337662,0.9648474696249703,0.40558201274732225,17178.470416414795,3.754565500219909,0.5013166297777039,3.7775357315716267
NNYM_07-16-2025-08-49-06__Y-Maze_cs-p_female_control_1-95_Day1.hdf5,control,59,upright,602,0.8053244592346089,1.0418196534105624,0.5828363814097777,26465.321881922024,4.741836138683548,0.7064005003648494,3.3897153376812303
NNYM_07-16-2025-08-49-06__Y-Maze_cs-p_female_control_1-95_Day1.hdf5,control,60,inverse,1072,0.5648926237161531,0.8650381747838911,0.5760777235753889,38672.774530423885,6.531164055483305,0.7956848814126005,3.058307187477842
NNYM_07-16-2025-08-49-06__Y-Maze_cs-p_female_control_1-95_Day1.hdf5,control,61,upright,895,0.2225950782997763,0.7571319259537758,0.5228380525824051,32680.79504596318,6.080761424791693,0.7065677873570748,3.2403219992619996
NNYM_07-16-2025-08-49-06__Y-Maze_cs-p_female_control_1-95_Day1.hdf5,control,62,inverse,517,0.45930232558139533,0.9968958996539107,0.40269159966144763,21509.287688754106,4.240244178194443,0.6105232907490138,3.725485307839515
NNYM_07-16-2025-08-49-06__Y-Maze_cs-p_female_control_1-95_Day1.hdf5,control,63,upright,372,0.3908355795148248,1.0103216521373373,1.2931746917178277,18985.78719810771,4.90929518896993,0.44916336978262594,4.012502334969261
NNYM_07-16-2025-08-49-06__Y-Maze_cs-p_female_control_1-95_Day1.hdf5,control,64,inverse,605,0.5496688741721855,0.9211964921435816,0.9510609347267337,24616.414596152637,5.316165757639251,0.5820850887917461,3.489321570872473
NNYM_07-16-2025-08-49-06__Y-Maze_cs-p_female_control_1-95_Day1.hdf5,control,65,upright,162,0.7950310559006211,1.0739050662878786,1.536523478040515,10135.92496418091,3.9052447622179542,0.2553039898670044,4.575007362700125
NNYM_07-16-2025-08-49-06__Y-Maze_cs-p_female_control_1-95_Day1.hdf5,control,66,inverse,535,0.4700374531835206,0.9113401801540911,0.6742101584047288,22456.246454573316,4.712891820677169,0.5908014789987498,3.7255610241621584
NNYM_07-16-2025-08-49-06__Y-Maze_cs-p_female_control_1-95_Day1.hdf5,control,67,unknown,1,,,,150.7993443848408,5.131342184581605,0.07510373443983402,
NNYM_07-16-2025-08-49-06__Y-Maze_cs-p_female_control_1-95_Day1.hdf5,control,68,inverse,485,0.3615702479338843,0.9552051871825133,0.6768217093268499,20790.860928771304,4.493950608414868,0.5553963789769731,3.882062331380875
NNYM_07-16-2025-08-49-06__Y-Maze_cs-p_female_control_1-95_Day1.hdf5,control,69,upright,309,0.2077922077922078,0.9102298819885726,2.713401954162048,14029.232893699227,4.667941825041927,0.38070131652835837,3.8084502173050088
NNYM_07-16-2025-08-49-06__Y-Maze_cs-p_female_control_1-95_Day1.hdf5,control,70,inverse,518,0.5783365570599613,0.9059590213591568,3.6947323422502634,21011.57948098377,5.268868099546761,0.5614683863984847,3.329067323349298
NNYM_07-16-2025-08-49-06__Y-Maze_cs-p_female_control_1-95_Day1.hdf5,control,71,upright,205,0.6127450980392157,1.0898996071584461,6.740743291869016,9303.787527046938,4.64205145125111,0.44044487992711395,3.403933569793285
NNYM_07-16-2025-08-49-06__Y-Maze_cs-p_female_control_1-95_Day1.hdf5,control,72,inverse,335,0.38323353293413176,0.9020484380011079,2.124291118438198,14561.159064386604,4.009502649779489,0.4374035353388276,3.7500338119253227
NNYM_07-16-2025-08-49-06__Y-Maze_cs-p_female_control_1-95_Day1.hdf5,control,73,upright,552,0.6860254083484574,0.9074256882060351,1.0868017254623057,21894.478240023087,5.040286895026499,0.5607863136909453,3.3210272489796626
NNYM_07-16-2025-08-49-06__Y-Maze_cs-p_female_control_1-95_Day1.hdf5,control,74,inverse,435,0.6889400921658986,1.0022349753648077,0.46161937834703054,20363.112541787385,4.198783810476016,0.5804484743660299,4.195032121476642
NNYM_07-16-2025-08-49-06__Y-Maze_cs-p_female_control_1-95_Day1.hdf5,control,75,upright,778,0.5637065637065637,0.9143278301149905,1.0883895115507791,28746.73835174058,5.991856397003284,0.6333007943686695,3.1776726328682203
NNYM_07-16-2025-08-49-06__Y-Maze_cs-p_female_control_1-95_Day1.hdf5,control,76,inverse,851,0.49411764705882355,0.7610004995780327,0.7608154707219612,33078.79653031087,6.266697609374023,0.6958916344150045,3.2473687929664314
NNYM_07-16-2025-08-49-06__Y-Maze_cs-p_female_control_1-95_Day1.hdf5,control,77,upright,713,0.476123595505618,0.9614046976448175,0.4018586919983331,28149.490902208974,5.3541401794396775,0.6652139874739039,3.43143540105066
NNYM_07-16-2025-08-49-06__Y-Maze_cs-p_female_control_1-95_Day1.hdf5,control,78,unknown,1,,,,1201.631984072919,6.053223196285577,0.04790506175829499,
NNYM_07-16-2025-08-49-06__Y-Maze_cs-p_female_control_1-95_Day1.hdf5,control,79,upright,460,0.6339869281045751,1.0679563045449574,0.46930672432897436,21258.573003387326,4.3492234274822765,0.578193449690564,4.061565235692724
NNYM_07-16-2025-08-49-06__Y-Maze_cs-p_female_control_1-95_Day1.hdf5,control,80,inverse,722,0.5256588072122053,1.1363258446614926,0.5347356649515753,28566.399124577674,5.396336634925965,0.6818518615375228,3.434604263501032
NNYM_07-16-2025-08-49-06__Y-Maze_cs-p_female_control_1-95_Day1.hdf5,control,81,upright,356,0.428169014084507,0.974923473572886,0.8566417153080835,20026.760866674533,5.147158877981678,0.45686496509793084,4.224656886935669
NNYM_07-16-2025-08-49-06__Y-Maze_cs-p_female_control_1-95_Day1.hdf5,control,82,inverse,847,0.40189125295508277,1.088044998479781,0.5303399099456424,31070.28174095641,5.484572749533824,0.7362215329006248,3.313157296746133
NNYM_07-16-2025-08-49-06__Y-Maze_cs-p_female_control_1-95_Day1.hdf5,control,83,upright,674,0.42199108469539376,0.8175187317133307,0.43449446908038514,27379.613411807386,5.000318884754867,0.7077401550659249,3.79552919029953
NNYM_07-16-2025-08-49-06__Y-Maze_cs-p_female_control_1-95_Day1.hdf5,control,84,inverse,372,0.49326145552560646,1.0326199891904464,5.682999362052421,13862.092307051269,5.298747043416446,0.6444889167783187,3.2098484085154793
NNYM_07-16-2025-08-49-06__Y-Maze_cs-p_female_control_1-95_Day1.hdf5,control,85,upright,640,0.6134585289514867,0.9848821939015093,0.6720790195998722,28072.065229505246,5.401511607879488,0.6653242751085586,3.6514852231042205
NNYM_07-16-2025-08-49-06__Y-Maze_cs-p_female_control_1-95_Day1.hdf5,control,86,inverse,739,0.4878048780487805,0.9720843832784132,0.5964529464705571,31652.170324286602,5.755962415137661,0.7188006482982172,3.544758475177481
NNYM_07-16-2025-08-49-06__Y-Maze_cs-p_female_control_1-95_Day1.hdf5,control,87,upright,721,0.6208333333333333,1.0103271941582048,0.41960946957762224,27786.502097969893,5.450822265030302,0.6429510337323178,3.394455708760641
NNYM_07-16-2025-08-49-06__Y-Maze_cs-p_female_control_1-95_Day1.hdf5,control,88,inverse,831,0.5433734939759036,0.9115640188389086,0.7411105303265869,34134.062014288356,5.992308043746203,0.7582506739249915,3.4949238239419937
NNYM_07-16-2025-08-49-06__Y-Maze_cs-p_female_control_1-95_Day1.hdf5,control,89,upright,960,0.42961418143899893,0.9371515843040323,0.41182346030273653,33460.88106467602,5.715181038385809,0.7756249564793538,3.1119961646822434
NNYM_07-16-2025-08-49-06__Y-Maze_cs-p_female_control_1-95_Day1.hdf5,control,90,inverse,802,0.6392009987515606,0.9674877211626838,0.5696245391147737,31554.237586152718,5.625087591498995,0.7349682028051224,3.4275025945942574
NNYM_07-16-2025-08-49-06__Y-Maze_cs-p_female_control_1-95_Day1.hdf5,control,91,upright,385,0.2552083333333333,1.0920403729057218,2.740940950757268,16152.11034215122,4.637336344758508,0.4470114965590578,3.800943619651207
NNYM_07-16-2025-08-49-06__Y-Maze_cs-p_female_control_1-95_Day1.hdf5,control,92,inverse,274,0.5347985347985348,1.29302781205784,3.7463585754211026,14109.246223364802,4.6043493061765135,0.46261107793895545,4.401137148523112
NNYM_07-16-2025-08-49-06__Y-Maze_cs-p_female_control_1-95_Day1.hdf5,control,93,upright,1060,0.5429650613786591,0.8322321470418224,0.42516554819620267,36996.804503118576,6.514153506292191,0.7566533628457396,3.116961814462333
NNYM_07-16-2025-08-49-06__Y-Maze_cs-p_female_control_1-95_Day1.hdf5,control,94,inverse,835,0.5911270983213429,0.9089435063788948,0.4955406532058439,31237.521498354163,5.486743723723021,0.7479426553229988,3.409813368482022
NNYM_07-16-2025-13-22-17__Y-Maze_cs-p_female_control_1-95_Day1.hdf5,control,0,inverse,448,0.16331096196868009,0.9107070705245729,0.5760319539163469,19516.113247085952,4.384991211585662,0.5056390480969863,3.84803036177531
NNYM_07-16-2025-13-22-17__Y-Maze_cs-p_female_control_1-95_Day1.hdf5,control,1,upright,1044,0.5771812080536913,0.8258194587034474,0.32199761311114655,37879.0279420798,6.4059990278660255,0.7864159464975898,3.2505672462772894
NNYM_07-16-2025-13-22-17__Y-Maze_cs-p_female_control_1-95_Day1.hdf5,control,2,inverse,567,0.6713780918727915,0.9987509953874122,0.5703890600376592,22015.125288881838,5.190307256471184,0.5087114115113205,3.4292627859040663
NNYM_07-16-2025-13-22-17__Y-Maze_cs-p_female_control_1-95_Day1.hdf5,control,3,upright,840,0.3957091775923719,0.9681342619209379,0.44974474409303494,31666.49038739383,5.408011136285785,0.7690775973009635,3.35029316026722
NNYM_07-16-2025-13-22-17__Y-Maze_cs-p_female_control_1-95_Day1.hdf5,control,4,inverse,978,0.4104401228249744,0.8426079068537105,0.3396688456034616,35435.49994554533,6.012385561442916,0.7814071879696636,3.2196795896273187
NNYM_07-16-2025-13-22-17__Y-Maze_cs-p_female_control_1-95_Day1.hdf5,control,5,unknown,2,,,,3479.0784623239088,4.250316418306829,0.036680723950096646,
NNYM_07-16-2025-13-22-17__Y-Maze_cs-p_female_control_1-95_Day1.hdf5,control,6,inverse,833,0.5480769230769231,0.842931765494336,0.5036945646841552,30732.462866802925,5.45686136592654,0.7339076354894344,3.2231979882051323
NNYM_07-16-2025-13-22-17__Y-Maze_cs-p_female_control_1-95_Day1.hdf5,control,7,upright,629,0.5589171974522293,0.8248501275292079,0.8072735758031596,23730.950520978004,5.255274919839581,0.5579390115667718,3.350681999871982
NNYM_07-16-2025-13-22-17__Y-Maze_cs-p_female_control_1-95_Day1.hdf5,control,8,inverse,141,0.32857142857142857,0.8804797050426263,1.8684234303805929,6944.09593350671,4.053385054579908,0.2255184448683089,3.817867423438472
NNYM_07-16-2025-13-22-17__Y-Maze_cs-p_female_control_1-95_Day1.hdf5,control,9,upright,583,0.49828178694158076,0.9776363297850286,0.3996357254568124,25448.998157149286,4.622094137307105,0.6938124064989737,4.007558946654527
NNYM_07-16-2025-13-22-17__Y-Maze_cs-p_female_control_1-95_Day1.hdf5,control,10,inverse,492,0.7006109979633401,0.9243037865359718,0.5919375444625501,19304.09704632697,4.47966662011072,0.5016521030351367,3.611606173012117
NNYM_07-16-2025-13-22-17__Y-Maze_cs-p_female_control_1-95_Day1.hdf5,control,11,upright,327,0.4386503067484663,1.0434008530351533,0.8065493695218253,20553.547942095378,3.9778001956593694,0.6195082067027929,4.777612498529403
NNYM_07-16-2025-13-22-17__Y-Maze_cs-p_female_control_1-95_Day1.hdf5,control,12,inverse,692,0.3545586107091172,0.9721078288987656,0.5267946725691296,26665.313994690616,4.949361516381798,0.6784451068489341,3.4696590036459085
NNYM_07-16-2025-13-22-17__Y-Maze_cs-p_female_control_1-95_Day1.hdf5,control,13,upright,559,0.48566308243727596,0.9523090101380625,0.558579627203905,25266.700279255398,4.832218143092775,0.6620078135288179,4.275214828261669
NNYM_07-16-2025-13-22-17__Y-Maze_cs-p_female_control_1-95_Day1.hdf5,control,14,inverse,248,0.7165991902834008,0.9607905667434399,3.5343276707836377,12220.61862571317,4.24802918586784,0.3387924147500315,3.9175307719905534
NNYM_07-16-2025-13-22-17__Y-Maze_cs-p_female_control_1-95_Day1.hdf5,control,15,upright,395,0.48223350253807107,0.8713291423439604,0.7456394944083946,20065.615643396388,4.736349851002851,0.4777354021907598,4.118367354126773
NNYM_07-16-2025-13-22-17__Y-Maze_cs-p_female_control_1-95_Day1.hdf5,control,16,inverse,563,0.6316725978647687,0.7891295312065458,0.8555903007549125,21360.761400842937,5.785327311731921,0.4417849220042959,3.2792139067698827
NNYM_07-16-2025-13-22-17__Y-Maze_cs-p_female_control_1-95_Day1.hdf5,control,17,upright,905,0.37057522123893805,0.9258201922558238,0.35012826115448314,32236.621409824245,5.601738348269145,0.7495914180401975,3.1357386754529823
NNYM_07-16-2025-13-22-17__Y-Maze_cs-p_female_control_1-95_Day1.hdf5,control,18,inverse,338,0.42729970326409494,0.7601175162602462,0.653309785977613,19111.155425850295,3.6563091652692887,0.6105620323647121,4.445824974153375
NNYM_07-16-2025-13-22-17__Y-Maze_cs-p_female_control_1-95_Day1.hdf5,control,19,upright,54,0.6037735849056604,0.6832789606227105,2.621107312521157,5264.097775962806,5.009099053406565,0.18169990554100054,5.7215548117394555
NNYM_07-16-2025-13-22-17__Y-Maze_cs-p_female_control_1-95_Day1.hdf5,control,20,inverse,258,0.7859922178988327,0.9869636377700268,1.7789679247463777,13447.748241813584,4.260206670155324,0.35664375661325226,3.889114662844353
NNYM_07-16-2025-13-22-17__Y-Maze_cs-p_female_control_1-95_Day1.hdf5,control,21,upright,607,0.4867986798679868,0.9163412602934202,0.46154165467061387,26128.827669758102,4.924835779661619,0.6701346602178224,3.6190237435172117
NNYM_07-16-2025-13-22-17__Y-Maze_cs-p_female_control_1-95_Day1.hdf5,control,22,inverse,1519,0.6001317523056654,0.7938688055879011,0.6366726352687545,50294.6070084283,8.227479900936718,0.8345919673887481,2.912526369944249
NNYM_07-16-2025-13-22-17__Y-Maze_cs-p_female_control_1-95_Day1.hdf5,control,23,upright,614,0.22512234910277323,0.9507424233359756,0.5079186285249322,24158.184373010685,4.829605015489721,0.6091203501094092,3.4888526053404503
NNYM_07-16-2025-13-22-17__Y-Maze_cs-p_female_control_1-95_Day1.hdf5,control,24,inverse,881,0.4875,0.9061408545300996,0.5522118208360582,31492.368799710872,5.462442804997822,0.7531555949371487,3.147375559894813
NNYM_07-16-2025-13-22-17__Y-Maze_cs-p_female_control_1-95_Day1.hdf5,control,25,upright,360,0.8941504178272981,1.0329642371997978,0.6795010191192503,17036.903241027157,4.211166377115713,0.43819430953179916,4.065594401513778
NNYM_07-16-2025-13-22-17__Y-Maze_cs-p_female_control_1-95_Day1.hdf5,control,26,inverse,1084,0.3545706371191136,0.8339524873713834,0.4652804297622391,37278.593927099166,6.456006048742748,0.7695810089845855,3.105664483497713
NNYM_07-16-2025-13-22-17__Y-Maze_cs-p_female_control_1-95_Day1.hdf5,control,27,upright,184,0.4262295081967213,1.0559533872720688,2.1535847590634094,9149.815340570784,4.120040255449643,0.3141195553269771,4.027404310473185
NNYM_07-16-2025-13-22-17__Y-Maze_cs-p_female_control_1-95_Day1.hdf5,control,28,inverse,807,0.684863523573201,0.9381861411935984,0.46022223681074886,32310.452470205055,5.612873149664821,0.7548923381598034,3.485922009402259
NNYM_07-16-2025-13-22-17__Y-Maze_cs-p_female_control_1-95_Day1.hdf5,control,29,upright,108,0.5981308411214953,0.9615665450855637,1.6767841921254765,6356.33649140064,4.613229626254648,0.15920455419647664,3.846018130589849
NNYM_07-16-2025-13-22-17__Y-Maze_cs-p_female_control_1-95_Day1.hdf5,control,30,inverse,569,0.3397887323943662,1.0416958022254512,0.7339877798493404,23638.33829917373,4.707090581615322,0.6140459695807525,3.5807074106589507
NNYM_07-16-2025-13-22-17__Y-Maze_cs-p_female_control_1-95_Day1.hdf5,control,31,upright,844,0.23368920521945433,0.9616395484042851,0.34713556609878,32944.741330305806,5.594722930480594,0.7763277930788813,3.394862165404247
NNYM_07-16-2025-13-22-17__Y-Maze_cs-p_female_control_1-95_Day1.hdf5,control,32,inverse,419,0.5789473684210527,0.9394893176367997,3.10706609028012,17098.64830333931,5.0035204595618925,0.5247782480777854,3.346850774638361
NNYM_07-16-2025-13-22-17__Y-Maze_cs-p_female_control_1-95_Day1.hdf5,control,33,upright,488,0.6201232032854209,0.9040310177727396,0.6635281647532241,20431.722343640533,4.695079714741227,0.5195538034851471,3.560724491738657
NNYM_07-16-2025-13-22-17__Y-Maze_cs-p_female_control_1-95_Day1.hdf5,control,34,inverse,408,0.7886977886977887,0.9163280703238286,0.4209476722313018,20031.66004943272,4.2238449473838875,0.5595614847970906,4.244901344574171
NNYM_07-16-2025-13-22-17__Y-Maze_cs-p_female_control_1-95_Day1.hdf5,control,35,upright,381,0.32894736842105265,0.5378860779140151,0.5464017067777331,17594.78011968129,3.7244726384182254,0.5324599582172702,4.001313315012562
NNYM_07-16-2025-13-22-17__Y-Maze_cs-p_female_control_1-95_Day1.hdf5,control,36,inverse,491,0.3816326530612245,0.9445513299074404,0.4287200730771179,23201.54917686804,4.45610128782358,0.6368240156623886,4.131440904900288
NNYM_07-16-2025-13-22-17__Y-Maze_cs-p_female_control_1-95_Day1.hdf5,control,37,upright,1102,0.4677565849227975,0.9895697218716205,0.5299607813716024,38432.56099523825,6.514900190545883,0.7923077592887682,3.0125465568713863
NNYM_07-16-2025-13-22-17__Y-Maze_cs-p_female_control_1-95_Day1.hdf5,control,38,inverse,552,0.29219600725952816,0.9802230088751828,0.636711925279369,22258.93106141813,4.933426918734854,0.5334672370617696,3.534900514257314
NNYM_07-16-2025-13-22-17__Y-Maze_cs-p_female_control_1-95_Day1.hdf5,control,39,upright,888,0.322435174746336,0.9170042955133079,0.5639848544162446,33250.51557138522,5.806733677023735,0.7499847912049711,3.2940489879444437
NNYM_07-16-2025-13-22-17__Y-Maze_cs-p_female_control_1-95_Day1.hdf5,control,40,inverse,773,0.38471502590673573,0.8986157200833972,0.7702768172331949,27202.157828690997,4.912049502786517,0.733429932795221,3.2869584820424156
NNYM_07-16-2025-13-22-17__Y-Maze_cs-p_female_control_1-95_Day1.hdf5,control,41,upright,640,0.47417840375586856,0.895806059977919,0.53805827732186,25101.395472830976,4.898734709144383,0.6423728813559322,3.5151942729764056
NNYM_07-16-2025-13-22-17__Y-Maze_cs-p_female_control_1-95_Day1.hdf5,control,42,inverse,416,0.28674698795180725,0.9743413375926161,3.7544314178738776,15400.939158228912,5.323428933587237,0.6183079631355494,3.145631988698315
NNYM_07-16-2025-13-22-17__Y-Maze_cs-p_female_control_1-95_Day1.hdf5,control,43,upright,958,0.29571577847439917,1.0296118025141103,0.41450836457729784,35028.91619271334,6.009587722550166,0.768276245880399,3.1366558228490575
NNYM_07-16-2025-13-22-17__Y-Maze_cs-p_female_control_1-95_Day1.hdf5,control,44,inverse,700,0.3605150214592275,0.9197135403073751,0.9598729558787555,27547.82921770954,5.977637736548264,0.6768989050915697,3.2168186540321204
NNYM_07-16-2025-13-22-17__Y-Maze_cs-p_female_control_1-95_Day1.hdf5,control,45,upright,600,0.44073455759599334,0.9565833987556894,0.5304710782072275,25871.1746789232,4.896755062693005,0.6726040353089533,3.7230744921747987
NNYM_07-16-2025-13-22-17__Y-Maze_cs-p_female_control_1-95_Day1.hdf5,control,46,inverse,14,0.5384615384615384,1.3412698412698412,1.3657161396239674,2855.151756776839,5.783452763284535,0.06748976199164741,4.866787391347405
NNYM_07-16-2025-13-22-17__Y-Maze_cs-p_female_control_1-95_Day1.hdf5,control,47,upright,421,0.4595238095238095,0.9993893818909374,3.1919179050704325,18620.572804531854,4.279267178501786,0.5572366943633505,3.893498246036643
NNYM_07-16-2025-13-22-17__Y-Maze_cs-p_female_control_1-95_Day1.hdf5,control,48,inverse,859,0.7202797202797203,1.0135194457976007,0.4445892499450928,33985.74247381963,5.984009336350465,0.7455508750597125,3.433276872753763
NNYM_07-16-2025-13-22-17__Y-Maze_cs-p_female_control_1-95_Day1.hdf5,control,49,upright,615,0.4543973941368078,0.9804230788732057,0.5388690748224926,26494.74609482327,4.853427362245584,0.6882187779796417,3.624280668282276
NNYM_07-16-2025-13-22-17__Y-Maze_cs-p_female_control_1-95_Day1.hdf5,control,50,inverse,723,0.44598337950138506,0.9654987465648985,0.5023443515084846,28533.515236366264,5.438733026947602,0.6771477138996644,3.4673428439193783
NNYM_07-16-2025-13-22-17__Y-Maze_cs-p_female_control_1-95_Day1.hdf5,control,51,upright,907,0.5529801324503312,1.0191777035248104,0.4383534288773103,32872.1520731964,5.949020309020246,0.7238466819023123,3.198392664414988
NNYM_07-16-2025-13-22-17__Y-Maze_cs-p_female_control_1-95_Day1.hdf5,control,52,inverse,104,0.6796116504854369,1.080621339444869,5.45165207610897,5271.432681504391,4.355731933120589,0.3267556587347649,3.5688666198201053
NNYM_07-16-2025-13-22-17__Y-Maze_cs-p_female_control_1-95_Day1.hdf5,control,53,upright,721,0.5263888888888889,0.981872691559226,0.3594645600340702,27499.09718823818,4.8566954800253725,0.731342245105628,3.503696001208275
NNYM_07-16-2025-13-22-17__Y-Maze_cs-p_female_control_1-95_Day1.hdf5,control,54,inverse,598,0.5561139028475712,1.0331467951074909,0.3677527769360213,27462.885177581047,5.025471386766206,0.6967604284594618,4.218246161336689
NNYM_07-16-2025-13-22-17__Y-Maze_cs-p_female_control_1-95_Day1.hdf5,control,55,upright,847,0.3817966903073286,0.9752128419484801,0.7513114072785123,33151.64402882869,5.6305212935633415,0.7810154140903945,3.5003289256692707
NNYM_07-16-2025-13-22-17__Y-Maze_cs-p_female_control_1-95_Day1.hdf5,control,56,unknown,1,,,,451.4215036028573,4.6894104057113735,0.18342189160467587,
NNYM_07-16-2025-13-22-17__Y-Maze_cs-p_female_control_1-95_Day1.hdf5,control,57,upright,407,0.4753694581280788,0.8415483197485516,1.9562916844533522,17009.75311765905,5.423094893765847,0.5018122175578648,3.2674900298194203
NNYM_07-16-2025-13-22-17__Y-Maze_cs-p_female_control_1-95_Day1.hdf5,control,58,inverse,395,0.41624365482233505,0.9162969948650698,0.9208976962226924,19062.131095357232,4.801482477932217,0.47056552615749264,3.8445264737802973
NNYM_07-16-2025-13-22-17__Y-Maze_cs-p_female_control_1-95_Day1.hdf5,control,59,upright,637,0.5927672955974843,0.932900721985707,1.4751441984182396,26680.630789049883,5.427000975346607,0.6353113849290749,3.5456044709092667
NNYM_07-16-2025-13-22-17__Y-Maze_cs-p_female_control_1-95_Day1.hdf5,control,60,inverse,6,0.4,1.0416666666666667,1.0312676195852255,1040.0550595128318,8.121940288163024,0.05202901156866271,
NNYM_07-16-2025-13-22-17__Y-Maze_cs-p_female_control_1-95_Day1.hdf5,control,61,upright,664,0.7134238310708899,0.9346410491555948,0.5860199933218804,31679.305713444544,5.586026201115776,0.7485209674612842,3.8050571128245685
NNYM_07-16-2025-13-22-17__Y-Maze_cs-p_female_control_1-95_Day1.hdf5,control,62,inverse,680,0.26804123711340205,1.0975768383845161,0.3477716178011394,30262.626305691432,5.390295834133069,0.7267433775985539,3.913938832186341
NNYM_07-16-2025-13-22-17__Y-Maze_cs-p_female_control_1-95_Day1.hdf5,control,63,upright,588,0.5502555366269165,1.0136533780519081,0.3459587739769151,23546.512526104238,4.480014399836262,0.6430117622512583,3.576176087388453
NNYM_07-16-2025-13-22-17__Y-Maze_cs-p_female_control_1-95_Day1.hdf5,control,64,inverse,539,0.4851301115241636,1.040026000754337,0.37638714600574147,25805.50617757124,4.6730070400265085,0.6958254302469243,4.2498777062566075
NNYM_07-16-2025-13-22-17__Y-Maze_cs-p_female_control_1-95_Day1.hdf5,control,65,upright,617,0.6655844155844156,1.0519563597719803,0.4584175695207989,26981.414724998627,4.946179110609696,0.695063486824964,3.837950060861824
NNYM_07-16-2025-13-22-17__Y-Maze_cs-p_female_control_1-95_Day1.hdf5,control,66,inverse,603,0.4368770764119601,0.9603983565270088,1.1485614154444197,23085.486754969977,4.937802832856882,0.5864272131089271,3.362388580719423
NNYM_07-16-2025-13-22-17__Y-Maze_cs-p_female_control_1-95_Day1.hdf5,control,67,upright,704,0.8079658605974396,1.0190943938400905,0.4831177848333247,27104.655022897434,5.614478510781626,0.593493729159191,3.407171408394832
NNYM_07-16-2025-13-22-17__Y-Maze_cs-p_female_control_1-95_Day1.hdf5,control,68,inverse,654,0.23124042879019907,1.0267035502405928,0.5235177456909208,30425.46639469539,5.369634519356724,0.7405842094736201,4.064945209412693
NNYM_07-16-2025-13-22-17__Y-Maze_cs-p_female_control_1-95_Day1.hdf5,control,69,upright,842,0.5529131985731273,0.9414964123661361,0.49361203706261253,33018.07381843492,5.465639008229203,0.8017880904133654,3.5257754786973763
NNYM_07-16-2025-13-22-17__Y-Maze_cs-p_female_control_1-95_Day1.hdf5,control,70,inverse,561,0.6946428571428571,1.0373460219753479,0.5793040410932858,28043.901871314436,5.366029877882915,0.6786405375927945,4.10851111441853
NNYM_07-16-2025-13-22-17__Y-Maze_cs-p_female_control_1-95_Day1.hdf5,control,71,upright,858,0.34772462077012833,0.8601541288582076,0.4975327539269814,32480.272713981278,5.673862498040872,0.7571749699409274,3.301138479783602
NNYM_07-16-2025-13-22-17__Y-Maze_cs-p_female_control_1-95_Day1.hdf5,control,72,inverse,287,0.44405594405594406,0.8385681680554579,5.208535420828122,12928.153471420515,4.683074691237373,0.43485715665676544,3.5874651500053454
NNYM_07-16-2025-13-22-17__Y-Maze_cs-p_female_control_1-95_Day1.hdf5,control,73,upright,757,0.5158730158730159,0.8485372840166021,1.097708046204945,25135.84856346185,6.7061327232702235,0.6677643529315255,2.848799482170147
NNYM_07-16-2025-13-22-17__Y-Maze_cs-p_female_control_1-95_Day1.hdf5,control,74,inverse,774,0.6416558861578266,1.1520559049753483,0.4874210767091958,32664.810213194058,5.564474297796986,0.7773394734555565,3.6507875663259886
NNYM_07-16-2025-13-22-17__Y-Maze_cs-p_female_control_1-95_Day1.hdf5,control,75,upright,506,0.5544554455445545,0.8915273053665911,0.5850522612150995,23804.200398571993,4.761663680183251,0.6095174309373043,3.81869802169399
NNYM_07-16-2025-13-22-17__Y-Maze_cs-p_female_control_1-95_Day1.hdf5,control,76,inverse,635,0.32334384858044163,0.9314367364997349,0.9700142864831046,23311.877134370487,4.98359425747455,0.5921502165550265,3.1392821830021775
NNYM_07-16-2025-13-22-17__Y-Maze_cs-p_female_control_1-95_Day1.hdf5,control,77,unknown,1,,,,1266.4596682150898,3.2193411407179893,0.03364019946298427,
NNYM_07-16-2025-13-22-17__Y-Maze_cs-p_female_control_1-95_Day1.hdf5,control,78,inverse,320,0.3949843260188088,0.9803534121527083,1.024522663254765,16230.768071402581,4.321751613182518,0.40577402938887946,4.028965464728313
NNYM_07-16-2025-13-22-17__Y-Maze_cs-p_female_control_1-95_Day1.hdf5,control,79,upright,40,0.5384615384615384,0.7941729323308271,4.411406503225826,2697.1200670959224,5.308690722687464,0.20555870674985818,3.025266518380652
NNYM_07-16-2025-13-22-17__Y-Maze_cs-p_female_control_1-95_Day1.hdf5,control,80,inverse,481,0.5270833333333333,0.9966611835809579,0.8038343376793045,19209.72677465653,4.865984146574604,0.5247520894620975,3.324953113754641
NNYM_07-16-2025-13-22-17__Y-Maze_cs-p_female_control_1-95_Day1.hdf5,control,81,upright,25,0.5416666666666666,0.7880814837336576,3.169378718749701,2135.805659809559,4.053026949738755,0.2935886424493508,4.578950029857647
NNYM_07-16-2025-13-22-17__Y-Maze_cs-p_female_control_1-95_Day1.hdf5,control,82,inverse,482,0.4760914760914761,1.0565825109459115,0.5967400739293075,20125.085262061955,4.551874080726374,0.519250213207431,3.853167775735292
NNYM_07-16-2025-13-22-17__Y-Maze_cs-p_female_control_1-95_Day1.hdf5,control,83,upright,474,0.4883720930232558,0.9623848961772691,2.373903773381187,19786.04373424763,4.912039059494487,0.5452762501724716,3.5478299511765896
NNYM_07-16-2025-13-22-17__Y-Maze_cs-p_female_control_1-95_Day1.hdf5,control,84,inverse,840,0.531585220500596,1.0159874769411652,0.6869980044873085,33542.948423573056,5.9693875298230274,0.7523741501997196,3.6026621206530374
NNYM_07-16-2025-13-22-17__Y-Maze_cs-p_female_control_1-95_Day1.hdf5,control,85,upright,714,0.40953716690042075,0.9989932773649961,0.453152660578234,28662.441542842513,5.107676693266087,0.7276003447105215,3.5308477341215876
NNYM_07-16-2025-13-22-17__Y-Maze_cs-p_female_control_1-95_Day1.hdf5,control,86,inverse,565,0.4734042553191489,0.9725563052643101,0.5844148948032528,24922.389479929072,4.860560251739268,0.638268363528519,3.7997431498412775
NNYM_07-16-2025-13-22-17__Y-Maze_cs-p_female_control_1-95_Day1.hdf5,control,87,upright,1071,0.44766355140186914,0.9325750226583719,0.5158027800889317,36470.43348675587,6.179502417033523,0.7909082187121139,2.9671763200693344
NNYM_07-16-2025-13-22-17__Y-Maze_cs-p_female_control_1-95_Day1.hdf5,control,88,unknown,0,,,,,,,
NNYM_07-16-2025-13-22-17__Y-Maze_cs-p_female_control_1-95_Day1.hdf5,control,89,upright,668,0.41379310344827586,0.9285020314432078,0.5365074086975388,29477.98905722515,5.647055413363029,0.6778070435556176,3.647606602935914
NNYM_07-16-2025-13-22-17__Y-Maze_cs-p_female_control_1-95_Day1.hdf5,control,90,unknown,0,,,,,,,
NNYM_07-16-2025-13-22-17__Y-Maze_cs-p_female_control_1-95_Day1.hdf5,control,91,upright,1135,0.335978835978836,0.864425736601585,0.9122158079366868,38830.61941738136,6.90677003066764,0.7547489793955924,2.984912558479466
NNYM_07-16-2025-13-22-17__Y-Maze_cs-p_female_control_1-95_Day1.hdf5,control,92,inverse,46,0.5333333333333333,1.871956168831169,2.7136509341172537,3145.1086397515237,4.843540679290517,0.14562795543800594,3.0852782224042525
NNYM_07-16-2025-13-22-17__Y-Maze_cs-p_female_control_1-95_Day1.hdf5,control,93,upright,824,0.511543134872418,0.9640174476543198,0.4906424186132658,30500.878965312422,5.412148953678357,0.731123180534434,3.2901381227239934
NNYM_07-16-2025-13-22-17__Y-Maze_cs-p_female_control_1-95_Day1.hdf5,control,94,inverse,739,0.5609756097560976,0.8925137160049555,0.5313111980205721,26919.05292341122,4.946381043694676,0.690291778112721,3.357967722083342
NNYM_10-10-2025-09-49-53__Y-Maze_cs-p_female__control_1-98_Day1_on.hdf5,control,0,upright,550,0.6520947176684881,0.7963113963107183,0.6695763106812822,31525.083566367517,5.517217968951371,0.7678919583472941,4.745073483723606
NNYM_10-10-2025-09-49-53__Y-Maze_cs-p_female__control_1-98_Day1_on.hdf5,control,1,upright,1060,0.6572237960339944,0.8118417042377123,0.401128090368742,42374.91213610656,6.942307208272014,0.829425931579373,3.552495195054937
NNYM_10-10-2025-09-49-53__Y-Maze_cs-p_female__control_1-98_Day1_on.hdf5,control,2,upright,385,0.5572916666666666,0.5661803102442021,2.2483427625286123,24685.43959295861,4.8394114458442195,0.7203436989010424,4.6561167567645665
NNYM_10-10-2025-09-49-53__Y-Maze_cs-p_female__control_1-98_Day1_on.hdf5,control,3,upright,1054,0.37037037037037035,1.0496393424289867,0.5167331509350227,39452.24433582268,6.585887599075248,0.8097348717479648,3.4177760256191845
NNYM_10-10-2025-09-49-53__Y-Maze_cs-p_female__control_1-98_Day1_on.hdf5,control,4,upright,669,0.4296407185628742,0.9636088427842926,0.7531997231096433,32440.897949505015,5.561233663252532,0.7781481035772775,4.327322926865863
NNYM_10-10-2025-09-49-53__Y-Maze_cs-p_female__control_1-98_Day1_on.hdf5,control,5,upright,1010,0.7006937561942518,0.7852420201136211,0.37298988327416216,41341.932339096806,6.946397857701379,0.8050440017558895,3.7738197119933417
NNYM_10-10-2025-09-49-53__Y-Maze_cs-p_female__control_1-98_Day1_on.hdf5,control,6,upright,810,0.6773794808405439,0.8183375201822976,0.5047965057872954,37221.55454516005,6.2149713018977675,0.8100283352702297,4.040111582042682
NNYM_10-10-2025-09-49-53__Y-Maze_cs-p_female__control_1-98_Day1_on.hdf5,control,7,inverse,705,0.5369318181818182,0.8066770585336941,1.193073359644228,33423.595978488214,5.733941229331072,0.776778044392688,3.960103760684899
NNYM_10-10-2025-09-49-53__Y-Maze_cs-p_female__control_1-98_Day1_on.hdf5,control,8,inverse,547,0.4230769230769231,0.9171198220739506,0.7237135600913485,28808.73157347059,5.095293700939699,0.745421288802916,4.365525931327487
NNYM_10-10-2025-09-49-53__Y-Maze_cs-p_female__control_1-98_Day1_on.hdf5,control,9,inverse,15,0.7142857142857143,1.1307692307692307,1.5173601904594227,4966.373301557942,4.131565021919091,0.6213313061872026,4.16724700744073
NNYM_10-10-2025-09-49-53__Y-Maze_cs-p_female__control_1-98_Day1_on.hdf5,control,10,inverse,290,0.3633217993079585,0.9756845597538532,0.8498395554074175,27502.05998686378,4.7550904389322275,0.7617558713944823,7.259524288166961
NNYM_10-10-2025-09-49-53__Y-Maze_cs-p_female__control_1-98_Day1_on.hdf5,control,11,inverse,762,0.6859395532194481,0.7482098236923527,1.7493072469893074,32839.54802864003,5.895541619665718,0.7639497367058011,3.537631859488088
NNYM_10-10-2025-09-49-53__Y-Maze_cs-p_female__control_1-98_Day1_on.hdf5,control,12,inverse,393,0.5255102040816326,1.0974860021215418,0.8804726220646629,26049.59849328624,4.693718185417426,0.7303726464157592,5.048262276490231
NNYM_10-10-2025-09-49-53__Y-Maze_cs-p_female__control_1-98_Day1_on.hdf5,control,13,inverse,802,0.3807740324594257,0.8773876710404549,2.285405740634485,37020.91492173728,6.815326132112304,0.8029242180492875,3.9706737045557023
NNYM_10-10-2025-09-49-53__Y-Maze_cs-p_female__control_1-98_Day1_on.hdf5,control,14,upright,772,0.42023346303501946,0.9248365324707607,0.6620124042982487,32871.532294148186,5.7530505881938465,0.7626574703210041,3.745682364642571
NNYM_10-10-2025-09-49-53__Y-Maze_cs-p_female__control_1-98_Day1_on.hdf5,control,15,inverse,426,0.46588235294117647,0.9288530933136534,1.5658512968516827,27105.573241196664,5.023609822794491,0.7605450626326313,4.686019305299034
NNYM_10-10-2025-09-49-53__Y-Maze_cs-p_female__control_1-98_Day1_on.hdf5,control,16,upright,173,0.3488372093023256,1.0684140907825117,2.7715877055067253,15040.93433314342,4.205858377719045,0.6692248958997489,4.9774861842465015
NNYM_10-10-2025-09-49-53__Y-Maze_cs-p_female__control_1-98_Day1_on.hdf5,control,17,inverse,393,0.5790816326530612,0.944339345321803,0.9586395257462491,26939.913951720562,4.852878475442356,0.7474096469803424,5.177670778583909
NNYM_10-10-2025-09-49-53__Y-Maze_cs-p_female__control_1-98_Day1_on.hdf5,control,18,upright,402,0.42643391521197005,0.8074802313755403,0.43945459179784435,24445.105525787225,4.377653520340675,0.7151466189788961,5.233651756231346
NNYM_10-10-2025-09-49-53__Y-Maze_cs-p_female__control_1-98_Day1_on.hdf5,control,19,inverse,736,0.36054421768707484,0.9484401338004826,0.5666434968781238,34444.10934496294,5.802053133367745,0.7984544186934763,3.9474156785901267
NNYM_10-10-2025-09-49-53__Y-Maze_cs-p_female__control_1-98_Day1_on.hdf5,control,20,upright,685,0.5511695906432749,0.769405216363971,0.5041681058224088,32573.55581027416,5.51400900860283,0.7881569061234712,4.1046733522672625
NNYM_10-10-2025-09-49-53__Y-Maze_cs-p_female__control_1-98_Day1_on.hdf5,control,21,inverse,748,0.4190093708165997,0.6387432126733893,0.568328128550887,34381.77672182483,5.693894414117476,0.81845328527572,4.007376551252263
NNYM_10-10-2025-09-49-53__Y-Maze_cs-p_female__control_1-98_Day1_on.hdf5,control,22,upright,1160,0.3813632441760138,0.8491900021628047,0.6672742994376036,46171.16617611954,7.4904918838007815,0.8435758572627736,3.561119487114321
NNYM_10-10-2025-09-49-53__Y-Maze_cs-p_female__control_1-98_Day1_on.hdf5,control,23,inverse,908,0.619625137816979,0.7282179154858636,0.596745300661515,40469.74357796712,6.67632906757681,0.8252688101699084,3.884535475365851
NNYM_10-10-2025-09-49-53__Y-Maze_cs-p_female__control_1-98_Day1_on.hdf5,control,24,upright,729,0.4491758241758242,1.0952227304568565,0.6788145112775542,32693.544534255874,5.556101261508677,0.7847353725522973,3.8943209202855016
NNYM_10-10-2025-09-49-53__Y-Maze_cs-p_female__control_1-98_Day1_on.hdf5,control,25,inverse,389,0.4097938144329897,0.8493506200422013,2.243950210986344,23972.360938697304,4.8611707909135715,0.7421549661610409,5.005083906739191
NNYM_10-10-2025-09-49-53__Y-Maze_cs-p_female__control_1-98_Day1_on.hdf5,control,26,upright,573,0.5926573426573427,0.968459794654187,0.39336555654358735,32859.79828051552,5.471051091281902,0.8084958090022266,5.4019482650514234
NNYM_10-10-2025-09-49-53__Y-Maze_cs-p_female__control_1-98_Day1_on.hdf5,control,27,inverse,535,0.5898876404494382,0.8647199999020914,1.3445592499374701,28527.499814686023,5.021601797802373,0.7579765097567742,4.554925092528293
NNYM_10-10-2025-09-49-53__Y-Maze_cs-p_female__control_1-98_Day1_on.hdf5,control,28,upright,349,0.5344827586206896,0.8513112908390402,2.2803877037877442,21937.04851158169,4.56571427073456,0.6924753050552005,4.824488388828383
NNYM_10-10-2025-09-49-53__Y-Maze_cs-p_female__control_1-98_Day1_on.hdf5,control,29,inverse,889,0.6970720720720721,0.9503408223867338,0.49478207946431174,40875.71932259582,6.803118113093112,0.8154756452765209,3.9124806463723374
NNYM_10-10-2025-09-49-53__Y-Maze_cs-p_female__control_1-98_Day1_on.hdf5,control,30,upright,16,0.5333333333333333,1.4349489795918369,1.7636114179633242,4892.316614049091,3.932691510903597,0.6170363628666977,7.09382628031106
NNYM_10-10-2025-09-49-53__Y-Maze_cs-p_female__control_1-98_Day1_on.hdf5,control,31,inverse,561,0.6285714285714286,0.8658380975017826,1.4868727965363393,30685.01006182351,5.423644670443837,0.7597046486268496,4.078746374299343
NNYM_10-10-2025-09-49-53__Y-Maze_cs-p_female__control_1-98_Day1_on.hdf5,control,32,upright,935,0.48501070663811563,0.7209051234519176,0.5755265956244342,38948.11514517142,6.494264140470676,0.8090699786994111,3.57362049221637
NNYM_10-10-2025-09-49-53__Y-Maze_cs-p_female__control_1-98_Day1_on.hdf5,control,33,inverse,918,0.4787350054525627,0.9143175730594394,0.4554811386973811,37848.642933189956,6.251956123524068,0.8182866445092586,3.520918985933905
NNYM_10-10-2025-09-49-53__Y-Maze_cs-p_female__control_1-98_Day1_on.hdf5,control,34,upright,759,0.41160949868073876,0.8345349122801422,0.47666736874130977,35907.88528811002,5.94068295539311,0.8161721931355439,3.9926768302348954
NNYM_10-10-2025-09-49-53__Y-Maze_cs-p_female__control_1-98_Day1_on.hdf5,control,35,inverse,240,0.602510460251046,0.850892089291857,4.232734809910786,21000.289440265824,5.226551284673431,0.791071640114184,5.223620611484371
NNYM_10-10-2025-09-49-53__Y-Maze_cs-p_female__control_1-98_Day1_on.hdf5,control,36,upright,53,0.6730769230769231,1.2475201845444062,1.3647487189772811,12089.758090358757,3.7843341604000864,0.6281149009489357,8.631550249583034
NNYM_10-10-2025-09-49-53__Y-Maze_cs-p_female__control_1-98_Day1_on.hdf5,control,37,inverse,158,0.6815286624203821,0.9303181164629762,3.85716480511659,11999.581482212467,4.658894937417449,0.7070892708513716,4.361813491553111
NNYM_10-10-2025-09-49-53__Y-Maze_cs-p_female__control_1-98_Day1_on.hdf5,control,38,upright,1071,0.611214953271028,0.816839766035351,0.42357188410005153,40565.48477549159,6.645189698683131,0.8290075539145977,3.4811367409744474
NNYM_10-10-2025-09-49-53__Y-Maze_cs-p_female__control_1-98_Day1_on.hdf5,control,39,inverse,37,0.6944444444444444,1.2791688311688312,5.150127707673694,5956.559476338185,4.57402230607954,0.6867942469986925,3.9818772130987754
NNYM_10-10-2025-09-49-53__Y-Maze_cs-p_female__control_1-98_Day1_on.hdf5,control,40,upright,357,0.6067415730337079,0.8677151799687011,2.3766286204517235,25086.152352095705,5.3738460723248265,0.7441903100187124,4.350713108686158
NNYM_10-10-2025-09-49-53__Y-Maze_cs-p_female__control_1-98_Day1_on.hdf5,control,41,inverse,549,0.32299270072992703,1.0952112855485556,0.4157253807286892,30175.30537078715,5.189575507351091,0.780093431915039,5.1564351987839405
NNYM_10-10-2025-09-49-53__Y-Maze_cs-p_female__control_1-98_Day1_on.hdf5,control,42,upright,651,0.4046153846153846,0.8954541193001336,0.6071717562262648,33185.31682153221,5.688488412700865,0.7783330326066207,4.288492101405714
NNYM_10-10-2025-09-49-53__Y-Maze_cs-p_female__control_1-98_Day1_on.hdf5,control,43,inverse,630,0.45151033386327505,0.9580550853352369,0.541290897088015,32643.339210868613,5.492594987129999,0.7944685989708172,4.390867614029472
NNYM_10-10-2025-09-49-53__Y-Maze_cs-p_female__control_1-98_Day1_on.hdf5,control,44,upright,750,0.35781041388518026,0.9105347164225567,1.0819040172516794,35640.00349908594,6.10167474846005,0.8015688197082976,3.9286342976892494
NNYM_10-10-2025-09-49-53__Y-Maze_cs-p_female__control_1-98_Day1_on.hdf5,control,45,inverse,16,0.26666666666666666,1.2784090909090908,1.2128005079311146,6051.872989111249,3.714348283592802,0.6452531348830866,6.5687400176961885
NNYM_10-10-2025-09-49-53__Y-Maze_cs-p_female__control_1-98_Day1_on.hdf5,control,46,upright,497,0.5403225806451613,0.805236973029589,0.846007098167787,30474.226314477353,5.230199575179968,0.7870960063475271,5.023018012319453
NNYM_10-10-2025-09-49-53__Y-Maze_cs-p_female__control_1-98_Day1_on.hdf5,control,47,inverse,417,0.5432692307692307,1.0051175919327051,1.714752445800744,27470.65973854629,5.010582908413471,0.7460415548653234,4.2799067148889804
NNYM_10-10-2025-09-49-53__Y-Maze_cs-p_female__control_1-98_Day1_on.hdf5,control,48,upright,269,0.6492537313432836,0.9045736116721304,2.073005586577856,20921.227420251704,4.791186479943818,0.783746415943992,4.821289890168259
NNYM_10-10-2025-09-49-53__Y-Maze_cs-p_female__control_1-98_Day1_on.hdf5,control,49,inverse,974,0.6598150051387461,0.9327404417941474,0.5611383580449956,44013.05884046008,7.058422323831356,0.8545881738676413,3.7470633063042404
NNYM_10-10-2025-09-49-53__Y-Maze_cs-p_female__control_1-98_Day1_on.hdf5,control,50,upright,760,0.6007905138339921,0.9350951325517219,0.5094755237054861,38152.612643058215,6.251149307010917,0.8331215963830964,4.465228762957592
NNYM_10-10-2025-09-49-53__Y-Maze_cs-p_female__control_1-98_Day1_on.hdf5,control,51,inverse,209,0.5576923076923077,0.9890127400068083,2.0799399594004644,23541.016663869457,4.649168804156617,0.7352700479082026,6.555757867138629
NNYM_10-10-2025-09-49-53__Y-Maze_cs-p_female__control_1-98_Day1_on.hdf5,control,52,upright,411,0.44390243902439025,1.0944613979937616,0.5447888042662964,28032.5190426201,4.732007087335019,0.7864429603764278,5.846596049358191
NNYM_10-10-2025-09-49-53__Y-Maze_cs-p_female__control_1-98_Day1_on.hdf5,control,53,inverse,229,0.5526315789473685,0.9443848023791014,2.269059318094882,21760.355653909603,4.424562855816022,0.729731267821628,5.529973973616125
NNYM_10-10-2025-09-49-53__Y-Maze_cs-p_female__control_1-98_Day1_on.hdf5,control,54,upright,75,0.5675675675675675,1.3395303326810175,1.9081763358297614,12197.633932162084,4.142230918490403,0.7151874313642075,5.617467887862414
NNYM_10-10-2025-09-49-53__Y-Maze_cs-p_female__control_1-98_Day1_on.hdf5,control,55,inverse,840,0.3802145411203814,0.8558005888030168,0.4421432259582663,37085.83269375038,6.242085670551193,0.8080389499889705,3.927523414813971
NNYM_10-10-2025-09-49-53__Y-Maze_cs-p_female__control_1-98_Day1_on.hdf5,control,56,upright,630,0.48807631160572335,0.9432115611790097,0.5365422249558578,32472.028541947053,5.5534408219308355,0.7808888540113527,4.4369376813981
NNYM_10-10-2025-09-49-53__Y-Maze_cs-p_female__control_1-98_Day1_on.hdf5,control,57,inverse,888,0.37993235625704624,0.6922911415837647,0.5044783378445808,37328.567395646845,6.337651470757873,0.7924703530944489,3.5631213387439815
NNYM_10-10-2025-09-49-53__Y-Maze_cs-p_female__control_1-98_Day1_on.hdf5,control,58,unknown,3,,,0.8320413929783124,3156.1407438817632,3.9589709396031,0.5915765824433447,
NNYM_10-10-2025-09-49-53__Y-Maze_cs-p_female__control_1-98_Day1_on.hdf5,control,59,inverse,378,0.5039787798408488,0.8511177249073303,0.5255194576150716,30904.103252611218,5.1791239596008944,0.7995329480372076,6.510961021676352
NNYM_10-10-2025-09-49-53__Y-Maze_cs-p_female__control_1-98_Day1_on.hdf5,control,60,upright,66,0.5538461538461539,1.0749670737547894,2.056473378482973,13503.773969903094,4.171381019315078,0.6713830564453724,5.183588337720837
NNYM_10-10-2025-09-49-53__Y-Maze_cs-p_female__control_1-98_Day1_on.hdf5,control,61,inverse,671,0.34776119402985073,0.9324865352895375,0.47704422669951047,35359.86948387781,5.799267499493379,0.8254864117677743,4.470198294519106
NNYM_10-10-2025-09-49-53__Y-Maze_cs-p_female__control_1-98_Day1_on.hdf5,control,62,upright,834,0.5270108043217286,0.638883706941293,0.5604357758932116,36311.71726094899,6.128672337884154,0.7988415603323444,3.7610660355237533
NNYM_10-10-2025-09-49-53__Y-Maze_cs-p_female__control_1-98_Day1_on.hdf5,control,63,inverse,166,0.4727272727272727,0.9540580319596298,1.9245327451402796,17837.542299079316,4.429223736315517,0.7191962212677038,4.838137710135096
NNYM_10-10-2025-09-49-53__Y-Maze_cs-p_female__control_1-98_Day1_on.hdf5,control,64,upright,440,0.3735763097949886,0.8926875588494367,3.821884939135788,23338.16864921285,5.105715069150693,0.7500873523581871,4.004447217880093
NNYM_10-10-2025-09-49-53__Y-Maze_cs-p_female__control_1-98_Day1_on.hdf5,control,65,inverse,573,0.3356643356643357,1.0563149061357422,2.4476007716122012,29659.484125997198,5.5248562781827175,0.781612277498859,3.9878230282989398
NNYM_10-10-2025-09-49-53__Y-Maze_cs-p_female__control_1-98_Day1_on.hdf5,control,66,upright,426,0.4423529411764706,0.9417638996166791,0.5931805352789813,28489.357492106883,4.87732495939395,0.7771924119809722,5.8360032172925695
NNYM_10-10-2025-09-49-53__Y-Maze_cs-p_female__control_1-98_Day1_on.hdf5,control,67,inverse,69,0.5294117647058824,1.1083126036484248,2.349912814136614,12233.108627983795,4.283264601212517,0.6561800654157343,4.631374162779667
NNYM_10-10-2025-09-49-53__Y-Maze_cs-p_female__control_1-98_Day1_on.hdf5,control,68,upright,614,0.4796084828711256,0.9722052614149107,2.0615378560880853,30563.937752196052,5.346155898581866,0.7717304884955847,4.037185453263368
NNYM_10-10-2025-09-49-53__Y-Maze_cs-p_female__control_1-98_Day1_on.hdf5,control,69,inverse,31,0.6333333333333333,1.1879227850189737,1.536998229712723,6564.232973781378,3.924331667104394,0.6790209967327159,4.580668993356284
NNYM_10-10-2025-09-49-53__Y-Maze_cs-p_female__control_1-98_Day1_on.hdf5,control,70,upright,964,0.3862928348909657,0.8067981699879524,0.4085602141767549,40944.16877467529,6.823419976481611,0.8131490329979806,3.7442899807786585
NNYM_10-10-2025-09-49-53__Y-Maze_cs-p_female__control_1-98_Day1_on.hdf5,control,71,inverse,595,0.6161616161616161,0.9697084333037,0.6180493119186395,32693.46357933821,5.581102274433779,0.7794062019831528,4.481649921767797
NNYM_10-10-2025-09-49-53__Y-Maze_cs-p_female__control_1-98_Day1_on.hdf5,control,72,upright,258,0.45136186770428016,0.8754718022056125,2.1851749175781285,18955.610430018725,4.52212437168187,0.6962336207249922,4.427512596945034
NNYM_10-10-2025-09-49-53__Y-Maze_cs-p_female__control_1-98_Day1_on.hdf5,control,73,inverse,323,0.6739130434782609,0.9356245603456939,2.606720609135011,21760.005340560034,4.69460251536015,0.7119212137143716,3.949275783521718
NNYM_10-10-2025-09-49-53__Y-Maze_cs-p_female__control_1-98_Day1_on.hdf5,control,74,upright,225,0.625,0.9279521674140508,1.8400970029894477,18056.93066294687,4.231091931854255,0.6884478398808765,4.569923802111314
NNYM_10-10-2025-09-49-53__Y-Maze_cs-p_female__control_1-98_Day1_on.hdf5,control,75,inverse,147,0.3698630136986301,1.0948581264923094,1.7973013621893503,15408.404686771113,4.2049489332311,0.6772595652677503,4.89166073523389
NNYM_10-10-2025-09-49-53__Y-Maze_cs-p_female__control_1-98_Day1_on.hdf5,control,76,upright,241,0.49583333333333335,1.1465231343064561,4.062223720372765,19030.764540103846,4.641604082593364,0.7333088682374698,4.685465560339738
NNYM_10-10-2025-09-49-53__Y-Maze_cs-p_female__control_1-98_Day1_on.hdf5,control,77,inverse,13,0.5833333333333334,0.935064935064935,1.078445454409074,8531.110704844112,4.823136637534203,0.6453903362413396,7.775918781055287
NNYM_10-10-2025-09-49-53__Y-Maze_cs-p_female__control_1-98_Day1_on.hdf5,control,78,upright,853,0.47300469483568075,0.5727624264188298,1.732177508563069,36371.37417769566,6.254333572522766,0.8078286649661464,3.533064214309917
NNYM_10-10-2025-09-49-53__Y-Maze_cs-p_female__control_1-98_Day1_on.hdf5,control,79,inverse,474,0.38266384778012685,1.0313752297749905,1.2328666245169455,27872.379829057485,4.922945906447947,0.7526780655444297,4.486770100351708
NNYM_10-10-2025-09-49-53__Y-Maze_cs-p_female__control_1-98_Day1_on.hdf5,control,80,upright,497,0.5080645161290323,0.9861151194484528,0.42343620298742596,28088.374971714507,4.857613641223575,0.7593725211873252,4.923230538402541
NNYM_10-10-2025-09-49-53__Y-Maze_cs-p_female__control_1-98_Day1_on.hdf5,control,81,inverse,291,0.30344827586206896,0.8921967023691988,2.267505118362582,20889.385042177604,4.644176495817374,0.7215581785550857,4.59567893233712
NNYM_10-10-2025-09-49-53__Y-Maze_cs-p_female__control_1-98_Day1_on.hdf5,control,82,upright,210,0.5598086124401914,0.9267213271446131,3.444433160150201,16541.598004698782,4.686849197909671,0.7297635991684268,4.476438417254368
NNYM_10-10-2025-09-49-53__Y-Maze_cs-p_female__control_1-98_Day1_on.hdf5,control,83,inverse,282,0.5373665480427047,0.9697015319117969,0.9624187185867072,22510.995067425327,4.262257591008248,0.7254734103612456,6.046820877937342
NNYM_10-10-2025-09-49-53__Y-Maze_cs-p_female__control_1-98_Day1_on.hdf5,control,84,upright,39,0.5789473684210527,0.8869778869778869,2.7170214616600123,9011.222659736786,4.363863176434182,0.653046052631579,5.1490069073504205
NNYM_10-10-2025-09-49-53__Y-Maze_cs-p_female__control_1-98_Day1_on.hdf5,control,85,inverse,19,0.5,1.1764705882352942,1.5920746532361423,7921.492143659059,4.150373333156794,0.6203833892500661,4.412573685829063
NNYM_10-10-2025-09-49-53__Y-Maze_cs-p_female__control_1-98_Day1_on.hdf5,control,86,upright,308,0.5798045602605864,0.7981096787929817,1.9553382758385671,20995.33339476529,4.519479732459436,0.686150843270609,4.398997209520885
NNYM_10-10-2025-09-49-53__Y-Maze_cs-p_female__control_1-98_Day1_on.hdf5,control,87,inverse,55,0.5185185185185185,1.2469935724652705,1.2500954058062188,13852.977360103825,4.118721768265648,0.6132763079371395,6.682406614448223
NNYM_10-10-2025-09-49-53__Y-Maze_cs-p_female__control_1-98_Day1_on.hdf5,control,88,upright,425,0.44575471698113206,0.8851225639113571,1.9336670861195369,26153.14251501833,4.998608908084409,0.7141151615849297,4.18356417232495
NNYM_10-10-2025-09-49-53__Y-Maze_cs-p_female__control_1-98_Day1_on.hdf5,control,89,inverse,456,0.6791208791208792,0.945077048081229,2.547914346129073,24257.476139983177,4.978314539278997,0.7226386985994029,4.00385211895725
NNYM_10-10-2025-09-49-53__Y-Maze_cs-p_female__control_1-98_Day1_on.hdf5,control,90,upright,106,0.5142857142857142,1.0008169934640523,1.7856141774339254,16493.087073324252,3.951968872754367,0.66381099417093,5.4304001555547705
NNYM_10-10-2025-09-49-53__Y-Maze_cs-p_female__control_1-98_Day1_on.hdf5,control,91,inverse,14,0.5384615384615384,0.8382936507936507,1.6209858634340613,6520.974401729316,4.308122754747505,0.635739223495149,3.906726522397145
NNYM_10-10-2025-09-49-53__Y-Maze_cs-p_female__control_1-98_Day1_on.hdf5,control,92,upright,357,0.550561797752809,1.0530217016384018,1.189672965054399,23553.742721154304,4.470828886983583,0.7039337190028212,4.716065187653557
NNYM_10-10-2025-09-49-53__Y-Maze_cs-p_female__control_1-98_Day1_on.hdf5,control,93,inverse,166,0.4484848484848485,1.1216628213579432,2.3627022738934182,18153.16715714758,3.9717395083604643,0.663881712407742,6.86426889293855
NNYM_10-10-2025-09-49-53__Y-Maze_cs-p_female__control_1-98_Day1_on.hdf5,control,94,upright,495,0.41295546558704455,1.0040609095285313,3.5704711683062,26769.59742260549,5.332813673867982,0.7758988991087734,4.570446822008206
NNYM_10-10-2025-09-49-53__Y-Maze_cs-p_female__control_1-98_Day1_on.hdf5,control,95,inverse,544,0.4622467771639042,0.8721308845394845,0.810779472921595,29016.618443611966,5.0718398625575745,0.7524530315075945,4.56139473804105
NNYM_10-10-2025-09-49-53__Y-Maze_cs-p_female__control_1-98_Day1_on.hdf5,control,96,unknown,0,,,,,,,
NNYM_10-10-2025-09-49-53__Y-Maze_cs-p_female__control_1-98_Day1_on.hdf5,control,97,inverse,76,0.5066666666666667,1.135336972819192,2.315184295715871,13264.024219233843,4.2928220859607835,0.7103953866161885,5.066997929630057
NNYM_10-10-2025-12-08-22__Y-Maze_cs-p_female_control_1-98_Day1_off.hdf5,control,0,upright,776,0.5406451612903226,0.926015861562845,0.7330216277955446,42567.20450247594,7.223703250662795,0.8120352766006185,4.599046083086023
NNYM_10-10-2025-12-08-22__Y-Maze_cs-p_female_control_1-98_Day1_off.hdf5,control,1,upright,1444,0.5585585585585585,0.8409382678399085,0.4055902172398353,60224.13538799524,9.811351416839605,0.8512961089387766,3.6962896176598803
NNYM_10-10-2025-12-08-22__Y-Maze_cs-p_female_control_1-98_Day1_off.hdf5,control,2,upright,745,0.4435483870967742,0.8370495285820935,0.48817400064206,44526.49153176264,7.393456818492648,0.8277802043806248,5.197787691231483
NNYM_10-10-2025-12-08-22__Y-Maze_cs-p_female_control_1-98_Day1_off.hdf5,control,3,upright,1513,0.4252645502645503,0.9206345847491805,0.4578001197692179,60085.16674114334,9.80317400887903,0.8472154341713135,3.504177579338235
NNYM_10-10-2025-12-08-22__Y-Maze_cs-p_female_control_1-98_Day1_off.hdf5,control,4,upright,823,0.3661800486618005,0.9498933208106708,0.5578979832359585,45029.538221866474,7.561203994284234,0.8186617912237468,4.845337698090202
NNYM_10-10-2025-12-08-22__Y-Maze_cs-p_female_control_1-98_Day1_off.hdf5,control,5,upright,981,0.47346938775510206,0.7067907820444245,0.5045156345278619,50550.50044950862,8.353744023999898,0.8363234988927988,4.699448088629781
NNYM_10-10-2025-12-08-22__Y-Maze_cs-p_female_control_1-98_Day1_off.hdf5,control,6,upright,972,0.5777548918640577,0.8916665254805147,0.5415002663398908,44653.343651770876,7.4364410246556,0.8237608862195408,3.9161584217021397
NNYM_10-10-2025-12-08-22__Y-Maze_cs-p_female_control_1-98_Day1_off.hdf5,control,7,inverse,1067,0.5572232645403377,0.8505774905094552,0.5914290331411719,51002.147827524044,8.342322738492157,0.8451085100861798,4.186901510873117
NNYM_10-10-2025-12-08-22__Y-Maze_cs-p_female_control_1-98_Day1_off.hdf5,control,8,inverse,1048,0.4775549188156638,0.9234670215778049,0.7537810175820349,47300.533060650705,8.00594541154563,0.8104738495463336,3.889823672505237
NNYM_10-10-2025-12-08-22__Y-Maze_cs-p_female_control_1-98_Day1_off.hdf5,control,9,inverse,906,0.543646408839779,0.8404752481234823,0.8709352924434332,45500.127017853694,7.784825783807102,0.8019944742431744,4.077605973002777
NNYM_10-10-2025-12-08-22__Y-Maze_cs-p_female_control_1-98_Day1_off.hdf5,control,10,inverse,752,0.3968042609853529,0.7882438379977381,0.6254614856407227,40869.137364383234,7.059087829633291,0.7907989121506926,4.653794818633043
NNYM_10-10-2025-12-08-22__Y-Maze_cs-p_female_control_1-98_Day1_off.hdf5,control,11,inverse,1173,0.5930034129692833,0.7890417942944519,0.5267887569572525,51353.367449456564,8.626616399595271,0.8174831280810579,3.92130480284912
NNYM_10-10-2025-12-08-22__Y-Maze_cs-p_female_control_1-98_Day1_off.hdf5,control,12,inverse,944,0.5249204665959704,0.8747845335176148,0.6682958929485744,46643.0028710076,7.735530037496643,0.8327734467712194,4.253715592568147
NNYM_10-10-2025-12-08-22__Y-Maze_cs-p_female_control_1-98_Day1_off.hdf5,control,13,inverse,1272,0.4846577498033045,0.9110940506569225,0.6174085446708827,56324.14482706174,9.302498696259137,0.8394137923162965,4.098160191253197
NNYM_10-10-2025-12-08-22__Y-Maze_cs-p_female_control_1-98_Day1_off.hdf5,control,14,upright,1019,0.5353634577603144,0.9368397425697697,0.5815250553804261,47426.88673387503,7.898753316748193,0.8284175453010179,3.9432249207164642
NNYM_10-10-2025-12-08-22__Y-Maze_cs-p_female_control_1-98_Day1_off.hdf5,control,15,inverse,607,0.4042904290429043,1.0020039722122682,0.706455880934959,36917.34990401537,6.476207475444602,0.781618432687348,5.141919238245624
NNYM_10-10-2025-12-08-22__Y-Maze_cs-p_female_control_1-98_Day1_off.hdf5,control,16,upright,663,0.3987915407854985,0.8770862864268621,0.6720982780808676,36587.87926396043,6.523586408571014,0.756601439650175,4.759434410891835
NNYM_10-10-2025-12-08-22__Y-Maze_cs-p_female_control_1-98_Day1_off.hdf5,control,17,inverse,832,0.50661853188929,0.7760395920045398,0.6166794036318902,43580.89674447751,7.675758859513208,0.7734941572480227,4.4190332737093625
NNYM_10-10-2025-12-08-22__Y-Maze_cs-p_female_control_1-98_Day1_off.hdf5,control,18,upright,572,0.5551663747810858,0.7494744664263804,0.6225017157391661,30870.03502347194,5.7150419460011195,0.7163062057020443,4.744260477782752
NNYM_10-10-2025-12-08-22__Y-Maze_cs-p_female_control_1-98_Day1_off.hdf5,control,19,inverse,1104,0.4641885766092475,0.8847564378914397,0.45439075494736586,50582.96973264228,8.619385588610422,0.8084819534361698,3.983297856197767
NNYM_10-10-2025-12-08-22__Y-Maze_cs-p_female_control_1-98_Day1_off.hdf5,control,20,upright,741,0.5716216216216217,0.8841772863860786,0.44980453315049657,39707.87739668976,6.941468710472678,0.7781268210955711,4.721411303277173
NNYM_10-10-2025-12-08-22__Y-Maze_cs-p_female_control_1-98_Day1_off.hdf5,control,21,inverse,866,0.446242774566474,0.8992840342154003,0.45558401972882445,43075.31440401642,7.390093915657662,0.7971051092864472,4.4139366921997665
NNYM_10-10-2025-12-08-22__Y-Maze_cs-p_female_control_1-98_Day1_off.hdf5,control,22,upright,1464,0.4354066985645933,0.8611572323662795,0.5062925605691313,64547.34130899191,10.663048320231256,0.8375923999280607,3.9339468046512827
NNYM_10-10-2025-12-08-22__Y-Maze_cs-p_female_control_1-98_Day1_off.hdf5,control,23,inverse,1142,0.5854513584574934,0.9035846466630554,0.4708391098554269,54376.38806676016,9.092708781600441,0.8238266212193908,4.246306014517469
NNYM_10-10-2025-12-08-22__Y-Maze_cs-p_female_control_1-98_Day1_off.hdf5,control,24,upright,1064,0.38758231420507994,0.9005123325863346,0.5288450980061831,47843.01912891457,8.25995345107318,0.7939698721780837,4.0069993884715664
NNYM_10-10-2025-12-08-22__Y-Maze_cs-p_female_control_1-98_Day1_off.hdf5,control,25,inverse,690,0.3599419448476052,0.9368847911914203,0.48752858394520876,38074.56195307519,6.60526465862106,0.7850863275355503,4.835545226014034
NNYM_10-10-2025-12-08-22__Y-Maze_cs-p_female_control_1-98_Day1_off.hdf5,control,26,upright,855,0.5070257611241218,0.9169454076189995,0.3545903089614562,46903.00842879257,7.695258307119858,0.8407524623620929,5.2344719271725735
NNYM_10-10-2025-12-08-22__Y-Maze_cs-p_female_control_1-98_Day1_off.hdf5,control,27,inverse,862,0.6527293844367015,0.902844622354246,0.5356401797682341,41634.14500663754,6.993316288501393,0.8182110594032302,4.468145579206755
NNYM_10-10-2025-12-08-22__Y-Maze_cs-p_female_control_1-98_Day1_off.hdf5,control,28,upright,621,0.47419354838709676,0.9135806914022038,0.6206661972502289,40035.77435552056,6.720508924676649,0.8182757818168543,5.179534747793139
NNYM_10-10-2025-12-08-22__Y-Maze_cs-p_female_control_1-98_Day1_off.hdf5,control,29,inverse,1245,0.6069131832797428,0.907122838640574,0.5854121487603627,55718.92701378935,9.232572302056514,0.8317504564460644,3.8248158751485235
NNYM_10-10-2025-12-08-22__Y-Maze_cs-p_female_control_1-98_Day1_off.hdf5,control,30,upright,685,0.5847953216374269,0.8713266863258614,0.7670277841406905,39934.822029779665,7.053494734061157,0.7908228246721438,4.511464807171601
NNYM_10-10-2025-12-08-22__Y-Maze_cs-p_female_control_1-98_Day1_off.hdf5,control,31,inverse,1017,0.4704724409448819,0.9155081118617605,0.600019218518187,50293.713770135066,8.63079336077333,0.8007263144216499,4.221341653385849
NNYM_10-10-2025-12-08-22__Y-Maze_cs-p_female_control_1-98_Day1_off.hdf5,control,32,upright,1048,0.5243553008595988,0.8030526487984978,0.7110619724974073,49079.71816028937,8.621706053480036,0.7827665125646542,3.7911725864588854
NNYM_10-10-2025-12-08-22__Y-Maze_cs-p_female_control_1-98_Day1_off.hdf5,control,33,inverse,1086,0.5953917050691244,0.8482168322876836,0.44409165099931885,46612.55152437251,8.06677851626928,0.7937543946159676,3.7541836693743313
NNYM_10-10-2025-12-08-22__Y-Maze_cs-p_female_control_1-98_Day1_off.hdf5,control,34,upright,1038,0.4127290260366442,0.8462440538182332,0.49001475323384813,49512.36867591632,8.483018350234493,0.8006858307904803,4.114425083734
NNYM_10-10-2025-12-08-22__Y-Maze_cs-p_female_control_1-98_Day1_off.hdf5,control,35,inverse,920,0.5952121871599565,0.8432122582563808,0.7439887831214074,45724.923664889175,8.222079104553043,0.7585983424002337,4.163489539156902
NNYM_10-10-2025-12-08-22__Y-Maze_cs-p_female_control_1-98_Day1_off.hdf5,control,36,upright,893,0.44506726457399104,0.8338585143544901,0.5299737059454723,46872.00976565331,8.250604012947106,0.7757221777276202,4.427586311166387
NNYM_10-10-2025-12-08-22__Y-Maze_cs-p_female_control_1-98_Day1_off.hdf5,control,37,inverse,871,0.6482758620689655,0.8503899196972818,0.571576878084168,42310.13276020699,7.695690834737061,0.7480570066486447,4.25527169674261
NNYM_10-10-2025-12-08-22__Y-Maze_cs-p_female_control_1-98_Day1_off.hdf5,control,38,upright,1324,0.4504913076341648,0.8357278853140835,0.3408666655874711,54853.64426333063,9.156760811974054,0.8257654674229984,3.7413040369394466
NNYM_10-10-2025-12-08-22__Y-Maze_cs-p_female_control_1-98_Day1_off.hdf5,control,39,inverse,910,0.42684268426842686,0.8148000442211006,0.5577132966189939,43565.30763175007,7.4580325994965,0.802380364846092,4.322967486201634
NNYM_10-10-2025-12-08-22__Y-Maze_cs-p_female_control_1-98_Day1_off.hdf5,control,40,upright,965,0.553941908713693,0.8300135227256591,0.6386602445691161,47526.74192114678,8.059347913934934,0.8094107991656123,4.333647160360048
NNYM_10-10-2025-12-08-22__Y-Maze_cs-p_female_control_1-98_Day1_off.hdf5,control,41,inverse,1087,0.3775322283609576,0.8471359470282185,0.3376329566905818,48043.9789885427,7.910871033969135,0.8374002047082907,4.195007496269782
NNYM_10-10-2025-12-08-22__Y-Maze_cs-p_female_control_1-98_Day1_off.hdf5,control,42,upright,1034,0.39496611810261373,0.9204636076911384,0.5130252045097162,49587.01477539454,8.176932944320946,0.8361182095176547,4.136062297096583
NNYM_10-10-2025-12-08-22__Y-Maze_cs-p_female_control_1-98_Day1_off.hdf5,control,43,inverse,1204,0.5220282626766417,0.8268961681606074,0.5169767112770215,54529.23397628482,9.102187194883287,0.824487726350829,3.881647477551107
NNYM_10-10-2025-12-08-22__Y-Maze_cs-p_female_control_1-98_Day1_off.hdf5,control,44,upright,897,0.34933035714285715,0.9216825470175017,0.5430022061778818,45974.219613631554,8.012319068400036,0.7844219340773613,4.3911875868388535
NNYM_10-10-2025-12-08-22__Y-Maze_cs-p_female_control_1-98_Day1_off.hdf5,control,45,inverse,606,0.5785123966942148,0.7876324039549595,1.334867075258617,33367.297903664075,6.659664411178824,0.7276926301771864,4.284969469553992
NNYM_10-10-2025-12-08-22__Y-Maze_cs-p_female_control_1-98_Day1_off.hdf5,control,46,upright,910,0.48624862486248627,0.8530681693379657,0.4817150680046097,45862.81650648108,8.083853358938361,0.7767918867429471,4.418814574993305
NNYM_10-10-2025-12-08-22__Y-Maze_cs-p_female_control_1-98_Day1_off.hdf5,control,47,inverse,744,0.5652759084791387,1.0091128407668928,0.6204271425292032,42790.876660855254,7.606719712146773,0.765666141273153,4.51444420151613
NNYM_10-10-2025-12-08-22__Y-Maze_cs-p_female_control_1-98_Day1_off.hdf5,control,48,upright,1241,0.45725806451612905,0.7658872721648027,0.43979328441461835,54576.05656155732,9.258655547939204,0.8091848142223514,3.818238907137697
NNYM_10-10-2025-12-08-22__Y-Maze_cs-p_female_control_1-98_Day1_off.hdf5,control,49,inverse,1148,0.5823888404533566,0.9507714151209872,0.5876540005577873,57456.196631664985,9.970826229237588,0.792363007692115,4.278738748733333
NNYM_10-10-2025-12-08-22__Y-Maze_cs-p_female_control_1-98_Day1_off.hdf5,control,50,upright,1213,0.4306930693069307,0.9042443270519983,0.5054028929884865,56394.383893329694,9.96292927273389,0.776458996651857,4.103335600501394
NNYM_10-10-2025-12-08-22__Y-Maze_cs-p_female_control_1-98_Day1_off.hdf5,control,51,inverse,1054,0.560303893637227,0.9665308713177536,0.5619646415037196,49783.889111931116,8.605305355707548,0.791894042746703,4.090650627326211
NNYM_10-10-2025-12-08-22__Y-Maze_cs-p_female_control_1-98_Day1_off.hdf5,control,52,upright,828,0.5792019347037485,0.8444328810689056,0.5494746463452106,40037.95495942246,6.97097966973367,0.7814017932506251,4.272395013390013
NNYM_10-10-2025-12-08-22__Y-Maze_cs-p_female_control_1-98_Day1_off.hdf5,control,53,inverse,803,0.5311720698254364,0.9575294579208813,0.5856183925098158,42701.07329872564,7.447741258204874,0.7834955290594018,4.638286867294218
NNYM_10-10-2025-12-08-22__Y-Maze_cs-p_female_control_1-98_Day1_off.hdf5,control,54,upright,913,0.6052631578947368,0.9050987129925707,0.36639513987802835,46530.85643473257,7.648068332019235,0.8384872692212361,4.719570863838985
NNYM_10-10-2025-12-08-22__Y-Maze_cs-p_female_control_1-98_Day1_off.hdf5,control,55,inverse,854,0.4138335287221571,0.8564204404899651,0.5306283479410585,45430.52717663113,7.733301584566926,0.8141973395769492,4.769727266487013
NNYM_10-10-2025-12-08-22__Y-Maze_cs-p_female_control_1-98_Day1_off.hdf5,control,56,upright,950,0.5205479452054794,1.0524102978966403,0.4763733411688963,50182.43355714597,8.2505482569505,0.8397558166530857,4.615758100222728
NNYM_10-10-2025-12-08-22__Y-Maze_cs-p_female_control_1-98_Day1_off.hdf5,control,57,inverse,1186,0.43966244725738396,0.9016436825855585,0.5001684896242193,51968.36995725165,8.707465551603399,0.8203417360701944,3.7088362265486285
NNYM_10-10-2025-12-08-22__Y-Maze_cs-p_female_control_1-98_Day1_off.hdf5,control,58,upright,34,0.6666666666666666,0.9140624999999999,3.3768453359238695,4217.066726177486,4.95472781782725,0.5631991321118611,3.360287549573177
NNYM_10-10-2025-12-08-22__Y-Maze_cs-p_female_control_1-98_Day1_off.hdf5,control,59,inverse,636,0.6031496062992125,1.0082083936852038,0.6696059998750842,43440.9970722648,7.386214795855297,0.8060772286016684,5.598189981618454
NNYM_10-10-2025-12-08-22__Y-Maze_cs-p_female_control_1-98_Day1_off.hdf5,control,60,upright,985,0.3953252032520325,0.8383711754203521,0.6853699234040668,46965.615565331114,8.30145481458454,0.7712705925184309,3.889704200800332
NNYM_10-10-2025-12-08-22__Y-Maze_cs-p_female_control_1-98_Day1_off.hdf5,control,61,inverse,1008,0.4131082423038729,0.6928940843097086,0.4918084393360607,48900.80484924035,8.506094726670987,0.7858677249640458,4.1952613942294965
NNYM_10-10-2025-12-08-22__Y-Maze_cs-p_female_control_1-98_Day1_off.hdf5,control,62,upright,1375,0.5655021834061136,0.6239642082439463,0.4369510403326375,57930.61954696799,9.805635243798752,0.8135014877296427,3.767747130385098
NNYM_10-10-2025-12-08-22__Y-Maze_cs-p_female_control_1-98_Day1_off.hdf5,control,63,inverse,1130,0.395925597874225,0.8859001747703249,0.5720930590542874,49381.73801046593,8.414516481624991,0.8051300587890279,3.8421841658264753
NNYM_10-10-2025-12-08-22__Y-Maze_cs-p_female_control_1-98_Day1_off.hdf5,control,64,upright,895,0.3970917225950783,0.9237906460300174,0.5900522923191597,44865.074172867055,7.882722302541989,0.7755859432703737,4.181770625585421
NNYM_10-10-2025-12-08-22__Y-Maze_cs-p_female_control_1-98_Day1_off.hdf5,control,65,inverse,1069,0.4353932584269663,0.9340581309072739,0.5251134525601818,48547.79553139939,8.471138493952441,0.7833579932166351,4.064698981653802
NNYM_10-10-2025-12-08-22__Y-Maze_cs-p_female_control_1-98_Day1_off.hdf5,control,66,upright,1296,0.34285714285714286,0.8266273547924646,0.4267506366436869,55960.07539078408,9.441724732953592,0.8172109636973319,3.856600210441379
NNYM_10-10-2025-12-08-22__Y-Maze_cs-p_female_control_1-98_Day1_off.hdf5,control,67,inverse,1112,0.3771377137713771,0.8897602639404618,0.5597004988142007,52663.69554685238,8.847671622948482,0.8195265800589783,4.186833835716059
NNYM_10-10-2025-12-08-22__Y-Maze_cs-p_female_control_1-98_Day1_off.hdf5,control,68,upright,987,0.5365111561866126,0.9798440708277554,0.4755260751684951,47986.72497175453,7.901678705206627,0.8383269816465485,4.3854854997848145
NNYM_10-10-2025-12-08-22__Y-Maze_cs-p_female_control_1-98_Day1_off.hdf5,control,69,inverse,1085,0.47601476014760147,0.9162358354209519,0.6751750161515596,48480.84424466596,8.06369620817154,0.8351430306224152,4.001402083216178
NNYM_10-10-2025-12-08-22__Y-Maze_cs-p_female_control_1-98_Day1_off.hdf5,control,70,upright,968,0.390899689762151,0.8586888567805974,0.45682443173763554,50389.925198388504,8.351317204821871,0.8309108946034375,4.64120794053882
NNYM_10-10-2025-12-08-22__Y-Maze_cs-p_female_control_1-98_Day1_off.hdf5,control,71,inverse,988,0.6322188449848024,0.9726823575189332,0.5392657355540021,50055.681600402095,8.330779961849732,0.8293917685709071,4.205651691833907
NNYM_10-10-2025-12-08-22__Y-Maze_cs-p_female_control_1-98_Day1_off.hdf5,control,72,upright,769,0.4088541666666667,0.9278334426493866,0.8154358875015392,41016.64392119656,7.144532178918322,0.780213278231147,4.410782607227417
NNYM_10-10-2025-12-08-22__Y-Maze_cs-p_female_control_1-98_Day1_off.hdf5,control,73,inverse,1197,0.4080267558528428,0.8176235224180899,0.5465881787588301,51610.72486716057,8.674771278308368,0.8175430855068475,3.6398622210801275
NNYM_10-10-2025-12-08-22__Y-Maze_cs-p_female_control_1-98_Day1_off.hdf5,control,74,upright,1315,0.4589041095890411,0.8618772383131438,0.4970800778463688,55539.08717299744,9.30282501494185,0.8214595025879882,3.721256301327219
NNYM_10-10-2025-12-08-22__Y-Maze_cs-p_female_control_1-98_Day1_off.hdf5,control,75,inverse,1090,0.4067952249770432,0.8912642309105853,0.4699443963085055,49537.66778186137,8.374521159578412,0.814065574293746,4.099986488928162
NNYM_10-10-2025-12-08-22__Y-Maze_cs-p_female_control_1-98_Day1_off.hdf5,control,76,upright,816,0.4625766871165644,0.9067998100237118,0.5796348016535082,41670.227410887324,7.171345837376445,0.7942621792504866,4.4637730436502805
NNYM_10-10-2025-12-08-22__Y-Maze_cs-p_female_control_1-98_Day1_off.hdf5,control,77,inverse,787,0.42366412213740456,0.8660462546319044,0.9445584953208354,38825.264803757134,7.0732874174422165,0.7448927207806793,4.115848167825135
NNYM_10-10-2025-12-08-22__Y-Maze_cs-p_female_control_1-98_Day1_off.hdf5,control,78,upright,1281,0.4375,0.8705213646574085,0.5714026341887762,57041.03590910917,9.99465644802362,0.7846343756274756,3.839178153652334
NNYM_10-10-2025-12-08-22__Y-Maze_cs-p_female_control_1-98_Day1_off.hdf5,control,79,inverse,1088,0.41490340386384544,0.9179329750662254,0.5108296241958138,49546.03063697833,8.602264076386984,0.7873940817841159,4.139694631581989
NNYM_10-10-2025-12-08-22__Y-Maze_cs-p_female_control_1-98_Day1_off.hdf5,control,80,upright,1105,0.5144927536231884,0.9382316006701771,0.4832279167969754,52644.25381363816,8.918246182562946,0.8110046867179324,4.253159550783677
NNYM_10-10-2025-12-08-22__Y-Maze_cs-p_female_control_1-98_Day1_off.hdf5,control,81,inverse,920,0.4091403699673558,0.725481835455427,0.7040748298446107,47151.18937487446,8.29873860401773,0.7803208806436885,4.532148707530772
NNYM_10-10-2025-12-08-22__Y-Maze_cs-p_female_control_1-98_Day1_off.hdf5,control,82,upright,914,0.5673603504928806,0.8018337169257389,0.5609406245173708,46385.47384872824,7.69085296129723,0.8319436939555817,4.429641184730915
NNYM_10-10-2025-12-08-22__Y-Maze_cs-p_female_control_1-98_Day1_off.hdf5,control,83,inverse,626,0.48,1.0272846811308352,0.522956865267314,38447.40921782855,6.614556617458349,0.8019783531360348,5.589248275866588
NNYM_10-10-2025-12-08-22__Y-Maze_cs-p_female_control_1-98_Day1_off.hdf5,control,84,upright,1066,0.5305164319248826,0.7584643855213253,0.5238867047403276,48709.33699199413,8.414191949913485,0.8347094262763163,4.012517671713642
NNYM_10-10-2025-12-08-22__Y-Maze_cs-p_female_control_1-98_Day1_off.hdf5,control,85,inverse,1155,0.5086655112651647,0.942173715249212,1.1357088760870042,46754.56619927392,8.06641150384036,0.8308448044208216,3.562001317873579
NNYM_10-10-2025-12-08-22__Y-Maze_cs-p_female_control_1-98_Day1_off.hdf5,control,86,upright,1048,0.6227316141356256,0.8606515578118069,0.49079013366396695,51547.879383084386,8.433479038315825,0.8445984243365118,4.300186956465818
NNYM_10-10-2025-12-08-22__Y-Maze_cs-p_female_control_1-98_Day1_off.hdf5,control,87,inverse,921,0.49782608695652175,0.8400594057112677,0.4900038581853222,43458.91028019684,7.218416767701145,0.8272479836874397,4.1316009967447815
NNYM_10-10-2025-12-08-22__Y-Maze_cs-p_female_control_1-98_Day1_off.hdf5,control,88,upright,1345,0.5401785714285714,0.7284566337206978,0.41785845703961594,58218.18308007639,9.495220708567945,0.8484346409096288,3.8487348012886318
NNYM_10-10-2025-12-08-22__Y-Maze_cs-p_female_control_1-98_Day1_off.hdf5,control,89,inverse,1051,0.49714285714285716,0.9380668557306404,0.3859356094887608,48493.63473671158,7.980532467872896,0.8379431260424655,4.082662287448683
NNYM_10-10-2025-12-08-22__Y-Maze_cs-p_female_control_1-98_Day1_off.hdf5,control,90,upright,790,0.550063371356147,0.9229585800376189,1.2984710116048566,38424.59986920828,6.914059990990466,0.7940068104426787,4.065859575428712
NNYM_10-10-2025-12-08-22__Y-Maze_cs-p_female_control_1-98_Day1_off.hdf5,control,91,inverse,542,0.5489833641404805,0.8900234637408285,0.8253961393158576,35966.66404041732,6.649112975814286,0.8201322375643311,4.9353141248248384
NNYM_10-10-2025-12-08-22__Y-Maze_cs-p_female_control_1-98_Day1_off.hdf5,control,92,upright,1279,0.4702660406885759,0.8628792361252425,0.5462716568816118,55000.63595336909,9.161760386524643,0.8293341359088712,4.006122852159018
NNYM_10-10-2025-12-08-22__Y-Maze_cs-p_female_control_1-98_Day1_off.hdf5,control,93,inverse,1188,0.5088458298230834,0.9463332969150059,0.6021047250413816,51119.35315640836,8.410608372251506,0.838555187233665,3.7736758184035306
NNYM_10-10-2025-12-08-22__Y-Maze_cs-p_female_control_1-98_Day1_off.hdf5,control,94,upright,1166,0.5287553648068669,0.8274791420811364,0.5176831706470255,52242.25614112648,8.645440562671443,0.8342636344167353,4.115274517032277
NNYM_10-10-2025-12-08-22__Y-Maze_cs-p_female_control_1-98_Day1_off.hdf5,control,95,inverse,1028,0.4508276533592989,0.8818230562458327,0.4662102776693874,48476.053206537385,8.004273841479819,0.8343910072695181,4.331969882330353
NNYM_10-10-2025-12-08-22__Y-Maze_cs-p_female_control_1-98_Day1_off.hdf5,control,96,unknown,0,,,,,,,
NNYM_10-10-2025-12-08-22__Y-Maze_cs-p_female_control_1-98_Day1_off.hdf5,control,97,inverse,931,0.4075268817204301,0.9005560407707045,0.44184123000242015,43083.38791178064,8.362095651591433,0.7931018726534715,4.545803715123524
NNYM_10-11-2025-08-25-25__Y-Maze_cs-p_female_control_1-98_Day1_on.hdf5,control,0,upright,139,0.5579710144927537,0.4735185838452561,0.6710003412362024,21346.72400188912,4.445233952555733,0.5848683586090668,11.705624504128586
NNYM_10-11-2025-08-25-25__Y-Maze_cs-p_female_control_1-98_Day1_on.hdf5,control,1,upright,740,0.38430311231393777,0.9420385613661121,0.42552818619633304,30275.586325255143,5.741793481423943,0.6886569119086573,3.718227527584809
NNYM_10-11-2025-08-25-25__Y-Maze_cs-p_female_control_1-98_Day1_on.hdf5,control,2,upright,633,0.26582278481012656,0.9988094587526251,0.5967136418536105,28498.99319290059,5.636796454960293,0.6451573430609747,3.9969677605405236
NNYM_10-11-2025-08-25-25__Y-Maze_cs-p_female_control_1-98_Day1_on.hdf5,control,3,upright,786,0.42038216560509556,0.7930682200452608,0.35459865694657755,33010.837972722285,6.287292170993568,0.6851306639101804,3.8254480811675324
NNYM_10-11-2025-08-25-25__Y-Maze_cs-p_female_control_1-98_Day1_on.hdf5,control,4,upright,306,0.32459016393442625,0.9602927589641947,0.7147933024230967,21178.589621025487,4.376154491932925,0.5749374116603694,5.272164769366896
NNYM_10-11-2025-08-25-25__Y-Maze_cs-p_female_control_1-98_Day1_on.hdf5,control,5,upright,620,0.16478190630048464,0.9288149549003529,0.5990339847593241,28228.249352915267,5.508556623381914,0.65782501953423,4.153912654614716
NNYM_10-11-2025-08-25-25__Y-Maze_cs-p_female_control_1-98_Day1_on.hdf5,control,6,upright,860,0.4842840512223516,1.0453217847730785,0.6730190344015909,34590.65824348831,6.50007361699917,0.7080083486414925,3.7064851768811056
NNYM_10-11-2025-08-25-25__Y-Maze_cs-p_female_control_1-98_Day1_on.hdf5,control,7,inverse,390,0.5501285347043702,0.9476698140475961,0.5970720126818992,25052.819086047653,4.958242182133629,0.6340072096986401,5.278721791953844
NNYM_10-11-2025-08-25-25__Y-Maze_cs-p_female_control_1-98_Day1_on.hdf5,control,8,inverse,369,0.38858695652173914,1.0723156105172453,2.3596819568381813,17855.34134090808,4.938499225042382,0.5758682676480307,4.22311920161761
NNYM_10-11-2025-08-25-25__Y-Maze_cs-p_female_control_1-98_Day1_on.hdf5,control,9,inverse,727,0.5482093663911846,0.9300253580771816,0.8260985543585672,29946.55976777662,6.040006149982532,0.6397187517455825,3.604274332228184
NNYM_10-11-2025-08-25-25__Y-Maze_cs-p_female_control_1-98_Day1_on.hdf5,control,10,inverse,468,0.4732334047109208,1.0760451061388248,0.7354784437049385,27008.596704834,5.513279762603676,0.6161359676761686,5.004200891772644
NNYM_10-11-2025-08-25-25__Y-Maze_cs-p_female_control_1-98_Day1_on.hdf5,control,11,inverse,522,0.5854126679462572,0.9468614117743216,0.6695069655732002,25949.900067416907,5.170417794708301,0.6323735646281803,4.079691474869392
NNYM_10-11-2025-08-25-25__Y-Maze_cs-p_female_control_1-98_Day1_on.hdf5,control,12,inverse,670,0.3423019431988042,1.0107207973889458,0.4555613648232113,29882.543285176896,5.7056965393916315,0.6807422630840397,4.166642433677083
NNYM_10-11-2025-08-25-25__Y-Maze_cs-p_female_control_1-98_Day1_on.hdf5,control,13,inverse,584,0.6054888507718696,0.9962339939956719,0.7255743648400828,26345.777942573015,5.444045656574757,0.6461877991321117,4.144591139858825
NNYM_10-11-2025-08-25-25__Y-Maze_cs-p_female_control_1-98_Day1_on.hdf5,control,14,upright,809,0.44183168316831684,0.856700089290106,0.553527999502939,33226.987171958936,6.491957751347746,0.6717838153287511,3.719614962396448
NNYM_10-11-2025-08-25-25__Y-Maze_cs-p_female_control_1-98_Day1_on.hdf5,control,15,inverse,430,0.6503496503496503,0.6986895789367902,4.511170075649854,22447.20353772153,6.161080150471252,0.5886252637568459,3.693794906367785
NNYM_10-11-2025-08-25-25__Y-Maze_cs-p_female_control_1-98_Day1_on.hdf5,control,16,upright,789,0.565989847715736,1.02677964114831,0.6133558646649935,33404.141469909824,6.44507559360246,0.6801411196731966,3.6959455980636085
NNYM_10-11-2025-08-25-25__Y-Maze_cs-p_female_control_1-98_Day1_on.hdf5,control,17,inverse,577,0.5572916666666666,0.9093302101011068,0.4640218468847613,27878.74272863765,5.374267701697071,0.6639556624857574,4.307248401205666
NNYM_10-11-2025-08-25-25__Y-Maze_cs-p_female_control_1-98_Day1_on.hdf5,control,18,upright,1114,0.5471698113207547,0.8565440750847598,0.39870409710750093,43260.23018563795,7.7118561615464385,0.7577851310760095,3.5247672255125186
NNYM_10-11-2025-08-25-25__Y-Maze_cs-p_female_control_1-98_Day1_on.hdf5,control,19,inverse,232,0.4588744588744589,1.068095488105004,1.6755155420705088,16593.89285065273,4.568286887096112,0.49011762490724026,4.269430041532914
NNYM_10-11-2025-08-25-25__Y-Maze_cs-p_female_control_1-98_Day1_on.hdf5,control,20,upright,1021,0.5862745098039216,0.7586016738414201,0.722619203059364,41275.87659413674,7.433514720755077,0.7460075553954575,3.565300204968647
NNYM_10-11-2025-08-25-25__Y-Maze_cs-p_female_control_1-98_Day1_on.hdf5,control,21,inverse,208,0.27053140096618356,0.7871517667698469,2.216578002158435,15837.947118225296,4.529959342580602,0.4163826978171362,3.977451000393016
NNYM_10-11-2025-08-25-25__Y-Maze_cs-p_female_control_1-98_Day1_on.hdf5,control,22,upright,662,0.43116490166414523,0.5868807758435418,4.895107374070405,27690.387006824138,6.11854382391618,0.6880370054725649,3.524687822824435
NNYM_10-11-2025-08-25-25__Y-Maze_cs-p_female_control_1-98_Day1_on.hdf5,control,23,inverse,750,0.4979973297730307,0.6337000058643253,1.4775072505649005,30756.3806156377,6.766137982823265,0.6542231234829631,3.5689351138336134
NNYM_10-11-2025-08-25-25__Y-Maze_cs-p_female_control_1-98_Day1_on.hdf5,control,24,upright,717,0.7053072625698324,0.7973784968726549,0.5095902310739864,29919.160997625055,5.856334465449503,0.659459784719281,3.8647316874244257
NNYM_10-11-2025-08-25-25__Y-Maze_cs-p_female_control_1-98_Day1_on.hdf5,control,25,inverse,672,0.5663189269746647,0.7322859454760922,1.1253701820138537,29091.097345815848,5.822706721735924,0.6489769716110501,3.7700741996206455
NNYM_10-11-2025-08-25-25__Y-Maze_cs-p_female_control_1-98_Day1_on.hdf5,control,26,upright,1024,0.5532746823069403,0.8630267039891468,0.556014768116113,39766.37017045927,7.179401147056451,0.7437661300375348,3.5910179451222493
NNYM_10-11-2025-08-25-25__Y-Maze_cs-p_female_control_1-98_Day1_on.hdf5,control,27,inverse,467,0.4871244635193133,0.9468644417661656,2.238085864411749,22402.56457170617,5.19207783715825,0.5758680013287126,4.203881431244688
NNYM_10-11-2025-08-25-25__Y-Maze_cs-p_female_control_1-98_Day1_on.hdf5,control,28,upright,492,0.45417515274949083,1.0249356482436358,2.2968659664064934,25274.972278569057,6.0831771816338165,0.5707192151999556,3.910978476490069
NNYM_10-11-2025-08-25-25__Y-Maze_cs-p_female_control_1-98_Day1_on.hdf5,control,29,inverse,651,0.4584615384615385,1.0364290089131352,0.4424186412385126,31044.766942593735,6.102128258636693,0.6587476203489692,4.319477975216797
NNYM_10-11-2025-08-25-25__Y-Maze_cs-p_female_control_1-98_Day1_on.hdf5,control,30,upright,555,0.45126353790613716,1.139214238126963,0.6719427975966027,29668.960853443037,5.959142123714447,0.638322862226176,4.529263153720373
NNYM_10-11-2025-08-25-25__Y-Maze_cs-p_female_control_1-98_Day1_on.hdf5,control,31,inverse,496,0.35353535353535354,0.9654325115673801,0.5668510549866062,27688.29367064118,5.405178159825513,0.6526220213754003,4.749986262889788
NNYM_10-11-2025-08-25-25__Y-Maze_cs-p_female_control_1-98_Day1_on.hdf5,control,32,upright,762,0.7687253613666228,0.9732242912423833,0.664684459636905,32967.63888001219,6.042469963100581,0.7209506065537392,3.68770081980099
NNYM_10-11-2025-08-25-25__Y-Maze_cs-p_female_control_1-98_Day1_on.hdf5,control,33,inverse,615,0.28664495114006516,0.8616149878412722,3.080098796673008,27686.2141897298,6.504028395066116,0.6357367341803327,3.565965663352475
NNYM_10-11-2025-08-25-25__Y-Maze_cs-p_female_control_1-98_Day1_on.hdf5,control,34,upright,747,0.6742627345844504,0.8464414002081361,4.224983284064405,30139.766421830976,6.732180567533937,0.6460361684846865,3.406179270478792
NNYM_10-11-2025-08-25-25__Y-Maze_cs-p_female_control_1-98_Day1_on.hdf5,control,35,inverse,724,0.4149377593360996,0.9499308952672836,0.5413620127807923,32710.041227897505,5.89106105161719,0.7329288024022582,3.9342321573723193
NNYM_10-11-2025-08-25-25__Y-Maze_cs-p_female_control_1-98_Day1_on.hdf5,control,36,upright,993,0.34576612903225806,0.8252444293311579,0.3424919460798506,37628.522759680614,6.8961822455925015,0.727184753035951,3.5411172505053643
NNYM_10-11-2025-08-25-25__Y-Maze_cs-p_female_control_1-98_Day1_on.hdf5,control,37,inverse,646,0.49612403100775193,0.9814254359770663,0.36289136872501504,30598.530637161653,5.762456251924945,0.6913974672089899,4.311865269738229
NNYM_10-11-2025-08-25-25__Y-Maze_cs-p_female_control_1-98_Day1_on.hdf5,control,38,upright,1081,0.5101851851851852,0.6378921274152107,0.7344506168251694,40073.695026687754,7.624538639204557,0.7031048391783975,3.3306524965058215
NNYM_10-11-2025-08-25-25__Y-Maze_cs-p_female_control_1-98_Day1_on.hdf5,control,39,inverse,829,0.1678743961352657,0.7833750240853784,0.460526138396921,34340.27610262843,6.481681227732646,0.6972815771891985,3.698992201352964
NNYM_10-11-2025-08-25-25__Y-Maze_cs-p_female_control_1-98_Day1_on.hdf5,control,40,upright,373,0.553763440860215,1.0035164340401408,1.6803564235833213,19547.233521179827,5.160625118524564,0.5007891089958425,3.844576837819525
NNYM_10-11-2025-08-25-25__Y-Maze_cs-p_female_control_1-98_Day1_on.hdf5,control,41,inverse,455,0.4251101321585903,0.8219721057511407,3.6683469758328857,19634.095547397974,5.9520428369086105,0.5776863994547308,3.7818725900536263
NNYM_10-11-2025-08-25-25__Y-Maze_cs-p_female_control_1-98_Day1_on.hdf5,control,42,upright,695,0.49711815561959655,0.7936771596918599,0.8121702411639485,32441.57572106068,6.388986491142082,0.6681998823346116,4.070410219463892
NNYM_10-11-2025-08-25-25__Y-Maze_cs-p_female_control_1-98_Day1_on.hdf5,control,43,inverse,38,0.43243243243243246,1.3015459656084658,1.2704771585998675,8504.898016852516,4.0607009268408145,0.3607339899464629,6.539065091516771
NNYM_10-11-2025-08-25-25__Y-Maze_cs-p_female_control_1-98_Day1_on.hdf5,control,44,upright,377,0.43351063829787234,0.960993577003946,1.7149050424031975,21308.80192921411,4.82772171959563,0.5645708970832124,4.302591757101381
NNYM_10-11-2025-08-25-25__Y-Maze_cs-p_female_control_1-98_Day1_on.hdf5,control,45,inverse,641,0.546875,0.9188741645273942,0.6536348042526744,30669.544506100785,5.663862950164685,0.7084759700451355,4.131167574543561
NNYM_10-11-2025-08-25-25__Y-Maze_cs-p_female_control_1-98_Day1_on.hdf5,control,46,upright,914,0.6582694414019715,0.9968067336088151,0.46108331939559355,37535.96406414921,6.697858044115633,0.7507392260263046,3.6735154181501386
NNYM_10-11-2025-08-25-25__Y-Maze_cs-p_female_control_1-98_Day1_on.hdf5,control,47,inverse,501,0.41,0.8657248353673033,1.5139056536749336,24280.203606044037,5.691257956567608,0.6317513771733517,4.058605050525187
NNYM_10-11-2025-08-25-25__Y-Maze_cs-p_female_control_1-98_Day1_on.hdf5,control,48,upright,831,0.5216867469879518,0.8024746815972829,0.4626429799972563,34278.12895465085,6.193472978776057,0.7334479475732283,3.6562967594154987
NNYM_10-11-2025-08-25-25__Y-Maze_cs-p_female_control_1-98_Day1_on.hdf5,control,49,inverse,849,0.5931603773584906,0.8732919050554739,0.6426539348336918,36981.167075491285,6.6796395497525,0.738362400837921,3.870323773669447
NNYM_10-11-2025-08-25-25__Y-Maze_cs-p_female_control_1-98_Day1_on.hdf5,control,50,upright,992,0.6781029263370333,0.7889991613590751,0.5008511845753144,38161.55825979224,6.908882122426533,0.7414370768424032,3.4644514276506384
NNYM_10-11-2025-08-25-25__Y-Maze_cs-p_female_control_1-98_Day1_on.hdf5,control,51,inverse,546,0.5889908256880734,1.0365104989863936,0.5189208039904396,29486.150707396322,5.533417811952381,0.6938438789371013,4.6504822981695995
NNYM_10-11-2025-08-25-25__Y-Maze_cs-p_female_control_1-98_Day1_on.hdf5,control,52,upright,470,0.4968017057569296,0.8931989395976994,0.8462112799444084,24228.78685388682,5.058759131247617,0.6279443306773295,4.068902215347551
NNYM_10-11-2025-08-25-25__Y-Maze_cs-p_female_control_1-98_Day1_on.hdf5,control,53,inverse,571,0.5561403508771929,0.7867195446484644,1.2715307827744156,24796.34180238296,5.139695425773929,0.6150289181153277,3.738014926972919
NNYM_10-11-2025-08-25-25__Y-Maze_cs-p_female_control_1-98_Day1_on.hdf5,control,54,upright,877,0.3938356164383562,0.9239401761588939,1.544249235007405,33473.89757026986,6.58559954533033,0.682620272801226,3.4968493749620606
NNYM_10-11-2025-08-25-25__Y-Maze_cs-p_female_control_1-98_Day1_on.hdf5,control,55,inverse,278,0.5090252707581228,1.2395343023888559,1.1720243917985815,18025.958313864154,4.340036222380963,0.5022031874150641,4.701222822558874
NNYM_10-11-2025-08-25-25__Y-Maze_cs-p_female_control_1-98_Day1_on.hdf5,control,56,upright,390,0.7197943444730077,0.9264477999891907,2.119061317485569,19827.303027404872,5.497330198688673,0.6086128107815042,4.018293351362453
NNYM_10-11-2025-08-25-25__Y-Maze_cs-p_female_control_1-98_Day1_on.hdf5,control,57,inverse,383,0.6073298429319371,0.9465007391317465,1.190448206810301,22503.70916150183,4.914864056988399,0.5824918181554888,4.48259807670941
NNYM_10-11-2025-08-25-25__Y-Maze_cs-p_female_control_1-98_Day1_on.hdf5,control,58,upright,438,0.5240274599542334,0.9471413385650846,1.002423700248081,23414.134625908842,4.955840159378945,0.598900509200186,4.367559568012895
NNYM_10-11-2025-08-25-25__Y-Maze_cs-p_female_control_1-98_Day1_on.hdf5,control,59,inverse,529,0.5643939393939394,0.8914461506432069,3.0602602098903158,23717.398613967765,5.975739516038436,0.6045198844750822,3.6408449841946418
NNYM_10-11-2025-08-25-25__Y-Maze_cs-p_female_control_1-98_Day1_on.hdf5,control,60,upright,144,0.5664335664335665,0.9606204531049298,4.449727826858873,12096.111042656394,4.492009124277421,0.5128559358801635,5.632548523220387
NNYM_10-11-2025-08-25-25__Y-Maze_cs-p_female_control_1-98_Day1_on.hdf5,control,61,inverse,47,0.6304347826086957,1.0491773720982647,2.3119816985305315,6713.71175141912,3.900896231890415,0.39415647519263347,4.562501847363631
NNYM_10-11-2025-08-25-25__Y-Maze_cs-p_female_control_1-98_Day1_on.hdf5,control,62,upright,589,0.3622448979591837,0.9549385992273915,1.599306002504772,29639.390039439742,5.71564174170512,0.6751576943928039,4.128269990179395
NNYM_10-11-2025-08-25-25__Y-Maze_cs-p_female_control_1-98_Day1_on.hdf5,control,63,inverse,272,0.6162361623616236,1.072792129416381,5.378874817153482,14652.432318687464,5.329759860293685,0.5537301146696786,3.965084169348832
NNYM_10-11-2025-08-25-25__Y-Maze_cs-p_female_control_1-98_Day1_on.hdf5,control,64,upright,443,0.43665158371040724,1.0140093937013666,1.4081300457747055,26752.311563762774,5.194362882961257,0.6764362406132112,5.16646819577535
NNYM_10-11-2025-08-25-25__Y-Maze_cs-p_female_control_1-98_Day1_on.hdf5,control,65,inverse,318,0.5141955835962145,0.8297827774074183,2.5495542961419155,17672.23759951102,4.814027517469922,0.5634628062281793,3.9314137994962315
NNYM_10-11-2025-08-25-25__Y-Maze_cs-p_female_control_1-98_Day1_on.hdf5,control,66,upright,70,0.3333333333333333,1.0588235294117647,1.5668180769735085,7825.983396769611,3.8215217371809214,0.3533060308936734,4.556530020607935
NNYM_10-11-2025-08-25-25__Y-Maze_cs-p_female_control_1-98_Day1_on.hdf5,control,67,inverse,842,0.5457788347205708,0.8523834611409039,0.47207656795469627,33408.68531643671,6.126639579943948,0.7224740408408686,3.565823624685007
NNYM_10-11-2025-08-25-25__Y-Maze_cs-p_female_control_1-98_Day1_on.hdf5,control,68,upright,169,0.3869047619047619,1.009744513959385,2.232202081341503,16060.860150801724,4.026889420867914,0.4254652946076946,4.514346830772089
NNYM_10-11-2025-08-25-25__Y-Maze_cs-p_female_control_1-98_Day1_on.hdf5,control,69,inverse,68,0.6119402985074627,0.8613551083063279,2.2625446337890667,9490.304171351461,4.007433270014862,0.33226732240147405,5.146552578096746
NNYM_10-11-2025-08-25-25__Y-Maze_cs-p_female_control_1-98_Day1_on.hdf5,control,70,upright,652,0.30414746543778803,0.944992976118804,0.5573182181839818,29554.437373930905,5.792228360460191,0.6631366873154635,3.925406486938698
NNYM_10-11-2025-08-25-25__Y-Maze_cs-p_female_control_1-98_Day1_on.hdf5,control,71,inverse,753,0.6037234042553191,0.8960856102417405,0.6034131259737653,32639.745625772815,6.367925919860649,0.6692423758545198,3.8458371275612215
NNYM_10-11-2025-08-25-25__Y-Maze_cs-p_female_control_1-98_Day1_on.hdf5,control,72,upright,733,0.6256830601092896,0.9287222891519773,1.3024493918284568,31482.900953940134,6.1319333120086394,0.6973380045084497,3.7347619521886646
NNYM_10-11-2025-08-25-25__Y-Maze_cs-p_female_control_1-98_Day1_on.hdf5,control,73,inverse,794,0.5308953341740227,0.8720163025292901,1.5231191303412608,31827.299372472582,6.29635433587543,0.6686680479016035,3.3975139334252726
NNYM_10-11-2025-08-25-25__Y-Maze_cs-p_female_control_1-98_Day1_on.hdf5,control,74,upright,642,0.48049921996879874,0.9107603773619399,1.199600131253942,30703.309992346523,5.951628120258742,0.6691651499784653,4.1847700754690305
NNYM_10-11-2025-08-25-25__Y-Maze_cs-p_female_control_1-98_Day1_on.hdf5,control,75,inverse,481,0.45208333333333334,1.0872294039190609,0.4932656549934866,27491.712504796018,5.240868003148326,0.6763990774702678,5.186118941619732
NNYM_10-11-2025-08-25-25__Y-Maze_cs-p_female_control_1-98_Day1_on.hdf5,control,76,upright,384,0.6919060052219321,0.8964563830980634,2.533846224872915,22285.94233408876,5.285463453023138,0.5654685023746755,4.202684053231516
NNYM_10-11-2025-08-25-25__Y-Maze_cs-p_female_control_1-98_Day1_on.hdf5,control,77,inverse,254,0.4031620553359684,1.0307264001995207,2.7477824146342353,16216.86777931902,5.052182033346046,0.4530168769765476,3.816982612660135
NNYM_10-11-2025-08-25-25__Y-Maze_cs-p_female_control_1-98_Day1_on.hdf5,control,78,upright,581,0.5586206896551724,0.9316313380882322,0.6854416036553482,30575.93161691985,5.720921253128232,0.6994347039024413,4.4848257555387105
NNYM_10-11-2025-08-25-25__Y-Maze_cs-p_female_control_1-98_Day1_on.hdf5,control,79,inverse,672,0.5484351713859911,0.9944059968131791,0.6455564807719473,31340.61694740324,5.8997743696861855,0.6980499723614473,4.17013905720156
NNYM_10-11-2025-08-25-25__Y-Maze_cs-p_female_control_1-98_Day1_on.hdf5,control,80,upright,512,0.5068493150684932,0.9413531178237061,0.8241000000617871,24895.710350070964,5.25147776904913,0.5856977592350828,4.309353904947011
NNYM_10-11-2025-08-25-25__Y-Maze_cs-p_female_control_1-98_Day1_on.hdf5,control,81,inverse,625,0.26121794871794873,1.0438457533585668,0.7307739707943554,29406.76033706084,5.73155618525598,0.6648879228870451,4.020475642088834
NNYM_10-11-2025-08-25-25__Y-Maze_cs-p_female_control_1-98_Day1_on.hdf5,control,82,upright,52,0.45098039215686275,1.332810559006211,1.4085598581937209,8550.238450724446,3.945518304802443,0.3717547870019336,6.338364071018999
NNYM_10-11-2025-08-25-25__Y-Maze_cs-p_female_control_1-98_Day1_on.hdf5,control,83,inverse,344,0.5335276967930029,0.9046524981625284,1.1085931303158356,22779.390026815385,4.817274992144264,0.617390969980846,6.125948794436958
NNYM_10-11-2025-08-25-25__Y-Maze_cs-p_female_control_1-98_Day1_on.hdf5,control,84,upright,16,0.7333333333333333,0.3652597402597402,1.28768683618997,9845.022629402582,3.84831751854424,0.2980512624152975,4.003591526803349
NNYM_10-11-2025-08-25-25__Y-Maze_cs-p_female_control_1-98_Day1_on.hdf5,control,85,inverse,17,0.5,1.4666666666666666,1.3318011195796737,3874.5939219170314,3.631436712530124,0.3120081351136263,11.160386052890056
NNYM_10-11-2025-08-25-25__Y-Maze_cs-p_female_control_1-98_Day1_on.hdf5,control,86,upright,236,0.5404255319148936,0.9893734125470783,3.3833124932348126,17972.866682303153,4.714666087901777,0.5495429442807401,5.902429997740349
NNYM_10-11-2025-08-25-25__Y-Maze_cs-p_female_control_1-98_Day1_on.hdf5,control,87,inverse,881,0.7011363636363637,0.8170940662058679,0.5570773519623393,35214.18885106276,6.645815216715078,0.7068047515817717,3.6089849833183356
NNYM_10-11-2025-08-25-25__Y-Maze_cs-p_female_control_1-98_Day1_on.hdf5,control,88,upright,81,0.4,0.9229957805907173,1.5645472090298689,9705.437401465892,3.8723245472266368,0.33309165434103805,5.155425301676295
NNYM_10-11-2025-08-25-25__Y-Maze_cs-p_female_control_1-98_Day1_on.hdf5,control,89,unknown,0,,,,390.5223482741119,6.459266780852683,0.49702062643239114,
NNYM_10-11-2025-08-25-25__Y-Maze_cs-p_female_control_1-98_Day1_on.hdf5,control,90,upright,265,0.5227272727272727,1.0820836187012415,5.77649102538781,15823.898588952503,5.247748715709881,0.5941763121496688,4.334902620694786
NNYM_10-11-2025-08-25-25__Y-Maze_cs-p_female_control_1-98_Day1_on.hdf5,control,91,inverse,455,0.4052863436123348,0.6731614784954838,2.6155642454241796,21859.484355902187,5.555819024486769,0.5382305453573155,3.42921730591042
NNYM_10-11-2025-08-25-25__Y-Maze_cs-p_female_control_1-98_Day1_on.hdf5,control,92,upright,771,0.4948051948051948,0.9285787780744481,0.5735097812528849,30953.201154673057,5.960888259159835,0.6760630496837801,3.6215526331996086
NNYM_10-11-2025-08-25-25__Y-Maze_cs-p_female_control_1-98_Day1_on.hdf5,control,93,inverse,616,0.6504065040650406,0.830885917733505,1.184637279817847,27005.348181890848,6.213285187615958,0.6598459335794153,3.591311426569316
NNYM_10-11-2025-08-25-25__Y-Maze_cs-p_female_control_1-98_Day1_on.hdf5,control,94,upright,37,0.6111111111111112,0.6011131725417439,3.2335308950245145,8775.043026464831,5.794408036949013,0.3601550608828006,3.743646810384377
NNYM_10-11-2025-08-25-25__Y-Maze_cs-p_female_control_1-98_Day1_on.hdf5,control,95,inverse,53,0.5769230769230769,1.5664884135472372,1.5235446896429616,7034.180381502068,3.986764754199731,0.3363142213832473,4.454723767618244
NNYM_10-11-2025-08-25-25__Y-Maze_cs-p_female_control_1-98_Day1_on.hdf5,control,96,upright,40,0.46153846153846156,1.3765664160401003,0.920873103551734,8846.08634988558,3.8580738059881527,0.30269482932090036,4.5664438138017545
NNYM_10-11-2025-08-25-25__Y-Maze_cs-p_female_control_1-98_Day1_on.hdf5,control,97,inverse,223,0.6981981981981982,0.9663171516523353,0.9287679185948161,11324.748363292314,5.462919188027399,0.6014569960478457,4.125768024361023
NNYM_10-11-2025-11-06-35__Y-Maze_cs-p_female_control_1-98_Day1_off.hdf5,control,0,upright,276,0.37454545454545457,0.9581296259062285,0.6156645945881718,26143.59467025739,4.604263293730486,0.7505808818891015,7.551373826548624
NNYM_10-11-2025-11-06-35__Y-Maze_cs-p_female_control_1-98_Day1_off.hdf5,control,1,upright,599,0.4280936454849498,0.9133626144244614,0.8108571344163159,29583.180162184053,5.270856400010507,0.7432268105142374,4.141245574850018
NNYM_10-11-2025-11-06-35__Y-Maze_cs-p_female_control_1-98_Day1_off.hdf5,control,2,upright,953,0.4527310924369748,0.872148046939573,0.5998467362890829,40456.64914953911,6.728623490552524,0.8135319524756408,3.696463054138376
NNYM_10-11-2025-11-06-35__Y-Maze_cs-p_female_control_1-98_Day1_off.hdf5,control,3,upright,1039,0.4460500963391137,0.8566464895042684,0.3727182981524902,47520.61258842911,7.714882279837309,0.8402476796342733,4.094552242517
NNYM_10-11-2025-11-06-35__Y-Maze_cs-p_female_control_1-98_Day1_off.hdf5,control,4,upright,176,0.3314285714285714,1.0634004763017841,0.8157539035481671,22029.728979861397,4.111278159967772,0.685332358372741,9.76456679904836
NNYM_10-11-2025-11-06-35__Y-Maze_cs-p_female_control_1-98_Day1_off.hdf5,control,5,upright,1090,0.29476584022038566,0.8732281182086227,0.4246779042174008,43933.43042383414,7.117595315195701,0.8414156842778626,3.7206905822664584
NNYM_10-11-2025-11-06-35__Y-Maze_cs-p_female_control_1-98_Day1_off.hdf5,control,6,upright,1069,0.4091760299625468,0.9265421708758478,0.5611092079525918,46651.00525824385,7.440112670960422,0.8596125334112931,3.895503129876981
NNYM_10-11-2025-11-06-35__Y-Maze_cs-p_female_control_1-98_Day1_off.hdf5,control,7,inverse,391,0.26666666666666666,0.8478908623510166,1.6087629292563517,25005.80129214355,4.774184740019887,0.6969687918342299,4.670468516392004
NNYM_10-11-2025-11-06-35__Y-Maze_cs-p_female_control_1-98_Day1_off.hdf5,control,8,inverse,696,0.460431654676259,0.9019018671950046,0.5646066111812672,30243.83726257668,5.551941271379978,0.7651172072037116,3.7359779380646834
NNYM_10-11-2025-11-06-35__Y-Maze_cs-p_female_control_1-98_Day1_off.hdf5,control,9,inverse,1359,0.5036818851251841,0.8003381662972477,0.5009761755999412,52202.632106226985,8.44505232406476,0.8463247595148473,3.3823228976064934
NNYM_10-11-2025-11-06-35__Y-Maze_cs-p_female_control_1-98_Day1_off.hdf5,control,10,inverse,178,0.3785310734463277,1.0868732268410017,1.7193619732147838,17839.858432444653,4.1195253466292625,0.5873390868328432,4.846284169674381
NNYM_10-11-2025-11-06-35__Y-Maze_cs-p_female_control_1-98_Day1_off.hdf5,control,11,inverse,1028,0.6338851022395326,0.8189536149723811,0.6194981298155428,41733.076561999034,6.913196255778802,0.8187182334879467,3.4456526979639177
NNYM_10-11-2025-11-06-35__Y-Maze_cs-p_female_control_1-98_Day1_off.hdf5,control,12,inverse,897,0.30245535714285715,0.7758563169721083,0.5832796686248793,41525.70789114002,7.086896620475934,0.7908134813104298,4.11172662197245
NNYM_10-11-2025-11-06-35__Y-Maze_cs-p_female_control_1-98_Day1_off.hdf5,control,13,inverse,1075,0.611731843575419,0.7710276824436606,0.42922544823163883,44074.740060431126,7.136363699780938,0.8572427256179598,3.8967426631812714
NNYM_10-11-2025-11-06-35__Y-Maze_cs-p_female_control_1-98_Day1_off.hdf5,control,14,upright,820,0.5470085470085471,0.9176467280989067,0.6438246798300908,39604.47410385861,6.54785105959851,0.8228924494711488,4.025873640413899
NNYM_10-11-2025-11-06-35__Y-Maze_cs-p_female_control_1-98_Day1_off.hdf5,control,15,inverse,1005,0.5298804780876494,0.7724496321155052,1.525471802074562,45023.42432173535,7.720290165144602,0.8033735157247563,3.6068649798201067
NNYM_10-11-2025-11-06-35__Y-Maze_cs-p_female_control_1-98_Day1_off.hdf5,control,16,upright,1365,0.5872434017595308,0.9458929652181245,0.47907741634589507,53746.442483368766,8.648505692683935,0.8536772423757784,3.424412782351682
NNYM_10-11-2025-11-06-35__Y-Maze_cs-p_female_control_1-98_Day1_off.hdf5,control,17,inverse,684,0.4802342606149341,0.8282738470016149,1.0525392132145674,34304.276427031255,5.924313963753866,0.776460599879614,4.221216110759432
NNYM_10-11-2025-11-06-35__Y-Maze_cs-p_female_control_1-98_Day1_off.hdf5,control,18,upright,1174,0.6751918158567775,0.8364822219806297,0.48969247987155623,48607.709415430516,7.8208945622238755,0.850573030713192,3.6701772675624973
NNYM_10-11-2025-11-06-35__Y-Maze_cs-p_female_control_1-98_Day1_off.hdf5,control,19,inverse,1287,0.4354587869362364,0.7597407191323003,0.44945311881902233,48322.77168968273,7.867608844305481,0.8397537572435887,3.364389896383025
NNYM_10-11-2025-11-06-35__Y-Maze_cs-p_female_control_1-98_Day1_off.hdf5,control,20,upright,1332,0.4996243425995492,0.780451568364113,0.43000704531163614,55520.701193273686,8.794961398247901,0.8673961710164386,3.6523370040030807
NNYM_10-11-2025-11-06-35__Y-Maze_cs-p_female_control_1-98_Day1_off.hdf5,control,21,inverse,1032,0.37827352085354027,0.8380183090818778,0.5587972602698329,45323.705757649004,7.405796845645008,0.8334464751958225,3.7601942704167337
NNYM_10-11-2025-11-06-35__Y-Maze_cs-p_female_control_1-98_Day1_off.hdf5,control,22,upright,946,0.41904761904761906,0.7092701729015637,0.8808201265863971,39427.45468675292,6.676678614680815,0.821865865758494,3.5980573967838074
NNYM_10-11-2025-11-06-35__Y-Maze_cs-p_female_control_1-98_Day1_off.hdf5,control,23,inverse,1322,0.5049205147615443,0.5773286391624871,0.45107974457855593,49287.33945999532,7.923905327683304,0.850361684903246,3.3758604557260212
NNYM_10-11-2025-11-06-35__Y-Maze_cs-p_female_control_1-98_Day1_off.hdf5,control,24,upright,931,0.4559139784946237,0.8375121548506093,0.590169101190916,41141.63433903756,6.910317756799043,0.8049624520351233,3.922273925192121
NNYM_10-11-2025-11-06-35__Y-Maze_cs-p_female_control_1-98_Day1_off.hdf5,control,25,inverse,1055,0.5692599620493358,0.6642168240381652,0.7196653342931612,41557.12774440234,6.9274999158110475,0.8144132385625026,3.5174342925737365
NNYM_10-11-2025-11-06-35__Y-Maze_cs-p_female_control_1-98_Day1_off.hdf5,control,26,upright,1249,0.4951923076923077,0.7490668496671253,0.5391317822615365,48815.607097962056,7.77428762656598,0.8603472263915029,3.575043490600206
NNYM_10-11-2025-11-06-35__Y-Maze_cs-p_female_control_1-98_Day1_off.hdf5,control,27,inverse,483,0.475103734439834,1.008737966398874,1.260182788014872,27631.691890969472,5.506743305820571,0.7949853413889111,4.807469114870694
NNYM_10-11-2025-11-06-35__Y-Maze_cs-p_female_control_1-98_Day1_off.hdf5,control,28,upright,1017,0.4340551181102362,0.8963806376695034,0.41482697269076335,45658.09015265848,7.402495890086709,0.844087582838201,4.014211843025434
NNYM_10-11-2025-11-06-35__Y-Maze_cs-p_female_control_1-98_Day1_off.hdf5,control,29,inverse,1032,0.5169738118331717,0.8417467626384516,0.4436593959535511,46205.89778569408,7.575029224086937,0.8325032257726805,3.931771305220096
NNYM_10-11-2025-11-06-35__Y-Maze_cs-p_female_control_1-98_Day1_off.hdf5,control,30,upright,888,0.47125140924464487,0.933107357125735,0.5501251896625321,42686.290994740615,7.1492321680685045,0.8093959942236454,4.07886152232852
NNYM_10-11-2025-11-06-35__Y-Maze_cs-p_female_control_1-98_Day1_off.hdf5,control,31,inverse,1051,0.38666666666666666,0.9325651759439633,0.4351693564571105,45716.84045773381,7.592325581636788,0.8171059920357034,3.882334816693588
NNYM_10-11-2025-11-06-35__Y-Maze_cs-p_female_control_1-98_Day1_off.hdf5,control,32,upright,1155,0.7564991334488734,0.8875096855305539,0.4542513976720853,45145.449983594386,7.352236006211691,0.8370182272277215,3.473525306561026
NNYM_10-11-2025-11-06-35__Y-Maze_cs-p_female_control_1-98_Day1_off.hdf5,control,33,inverse,1008,0.41906653426017876,0.8492899370496346,3.5986327030925134,39658.737736844225,7.304057305676986,0.8293653820204284,3.3324894880832137
NNYM_10-11-2025-11-06-35__Y-Maze_cs-p_female_control_1-98_Day1_off.hdf5,control,34,upright,1604,0.49344978165938863,0.8266087801447457,0.31624885305461947,58137.12500014337,9.144927170236292,0.8752890940022631,3.2424666807641125
NNYM_10-11-2025-11-06-35__Y-Maze_cs-p_female_control_1-98_Day1_off.hdf5,control,35,inverse,1171,0.34786324786324785,0.7145744430022533,0.3726926883910611,46620.62100013925,7.450522091826715,0.8555629187451733,3.5617671812511498
NNYM_10-11-2025-11-06-35__Y-Maze_cs-p_female_control_1-98_Day1_off.hdf5,control,36,upright,1421,0.352112676056338,0.8834917425008426,0.3726124606555068,53045.25477394016,8.481059288392139,0.8565682456488374,3.4289786277648173
NNYM_10-11-2025-11-06-35__Y-Maze_cs-p_female_control_1-98_Day1_off.hdf5,control,37,inverse,1115,0.5951526032315978,0.9079963706530393,0.36659830529991644,48525.41576704569,7.878827871339578,0.8402251518757438,3.881913608136295
NNYM_10-11-2025-11-06-35__Y-Maze_cs-p_female_control_1-98_Day1_off.hdf5,control,38,upright,971,0.5628865979381443,0.7528798001007243,0.7028687561826691,40950.749537189746,7.109662400914833,0.775891078323547,3.625187749633773
NNYM_10-11-2025-11-06-35__Y-Maze_cs-p_female_control_1-98_Day1_off.hdf5,control,39,inverse,1133,0.42226148409893993,0.7411701432236748,0.5091317268363996,46645.79215375456,7.539685460089867,0.8449429749173227,3.691030578770056
NNYM_10-11-2025-11-06-35__Y-Maze_cs-p_female_control_1-98_Day1_off.hdf5,control,40,upright,1056,0.3753554502369668,0.7850285252399606,0.5518906574400891,44508.13750847132,7.26087327640256,0.837450993734526,3.72103075744732
NNYM_10-11-2025-11-06-35__Y-Maze_cs-p_female_control_1-98_Day1_off.hdf5,control,41,inverse,1002,0.3276723276723277,0.7058454839089624,0.5369954101546964,44533.369585499335,7.331404835664978,0.8399904032734329,4.085982671252423
NNYM_10-11-2025-11-06-35__Y-Maze_cs-p_female_control_1-98_Day1_off.hdf5,control,42,upright,764,0.4692005242463958,0.8457287442576816,0.8123457790033027,39366.31984010175,6.663478900616474,0.8121560289704464,4.204963954727724
NNYM_10-11-2025-11-06-35__Y-Maze_cs-p_female_control_1-98_Day1_off.hdf5,control,43,inverse,1096,0.365296803652968,0.7963747649047125,0.7754919391242859,46583.599789822045,7.546989426890419,0.844600889819419,3.557468293343674
NNYM_10-11-2025-11-06-35__Y-Maze_cs-p_female_control_1-98_Day1_off.hdf5,control,44,upright,1172,0.591801878736123,0.8827492294368167,0.36215138149114046,46010.9449431796,7.4328837053690435,0.8442937009641435,3.494718109207537
NNYM_10-11-2025-11-06-35__Y-Maze_cs-p_female_control_1-98_Day1_off.hdf5,control,45,inverse,704,0.5675675675675675,0.9808752204585539,0.42331987430237106,33995.62655719707,5.694996781264193,0.8019340084939562,4.363399358781689
NNYM_10-11-2025-11-06-35__Y-Maze_cs-p_female_control_1-98_Day1_off.hdf5,control,46,upright,1366,0.6249084249084249,0.8992279335276371,0.45692220784956805,52554.556781425745,8.464194946616646,0.8499642150025337,3.4273739132118557
NNYM_10-11-2025-11-06-35__Y-Maze_cs-p_female_control_1-98_Day1_off.hdf5,control,47,inverse,464,0.42116630669546434,0.8789937674266031,2.5340854204974597,23011.88316880812,5.09296002605081,0.7092118170121151,3.811419511709745
NNYM_10-11-2025-11-06-35__Y-Maze_cs-p_female_control_1-98_Day1_off.hdf5,control,48,upright,1307,0.5176110260336907,0.756494056750467,0.3839837554626566,50583.28849902822,8.047449494008504,0.861563760228652,3.445377275393554
NNYM_10-11-2025-11-06-35__Y-Maze_cs-p_female_control_1-98_Day1_off.hdf5,control,49,inverse,1055,0.5673624288425048,0.9923712946288198,0.5064801261778454,47109.55901619199,7.524981077712916,0.8579841786780394,3.7866782974818225
NNYM_10-11-2025-11-06-35__Y-Maze_cs-p_female_control_1-98_Day1_off.hdf5,control,50,upright,996,0.5417085427135678,0.8023638609314317,0.5175487683105889,41651.618355895065,6.792435090305927,0.8399912854716739,3.6612137491332395
NNYM_10-11-2025-11-06-35__Y-Maze_cs-p_female_control_1-98_Day1_off.hdf5,control,51,inverse,764,0.4259501965923984,0.9311853016528888,0.5139027247616647,35774.16278072019,6.012941048822349,0.8012887117331916,4.111554123974283
NNYM_10-11-2025-11-06-35__Y-Maze_cs-p_female_control_1-98_Day1_off.hdf5,control,52,upright,629,0.34076433121019106,0.8448596978719523,1.5401295871563527,30400.890683240446,5.567109149386817,0.7728021420972665,4.0391056512617265
NNYM_10-11-2025-11-06-35__Y-Maze_cs-p_female_control_1-98_Day1_off.hdf5,control,53,inverse,1080,0.48285449490268767,0.8191450290159347,0.5055215190166575,43109.04726553353,6.9968527979375486,0.8386877066441897,3.5352140691386755
NNYM_10-11-2025-11-06-35__Y-Maze_cs-p_female_control_1-98_Day1_off.hdf5,control,54,upright,1133,0.43197879858657245,0.8053560846006612,0.7162967588752964,43014.99776432318,7.224872802534934,0.8120495933847433,3.51904213587118
NNYM_10-11-2025-11-06-35__Y-Maze_cs-p_female_control_1-98_Day1_off.hdf5,control,55,inverse,1100,0.353958143767061,0.9658214303780078,0.748585965001105,46474.5373321529,7.510869424219676,0.8502377531606646,3.6325909600425432
NNYM_10-11-2025-11-06-35__Y-Maze_cs-p_female_control_1-98_Day1_off.hdf5,control,56,upright,702,0.6191155492154066,0.8935709169495997,0.9088188853567377,36499.954663086886,6.15500227810037,0.8064765653365888,4.240473847746747
NNYM_10-11-2025-11-06-35__Y-Maze_cs-p_female_control_1-98_Day1_off.hdf5,control,57,inverse,698,0.4964131994261119,1.0230411520109879,0.8767840420670102,32725.257702385068,5.865985893227471,0.7482002735106285,3.9440098177638196
NNYM_10-11-2025-11-06-35__Y-Maze_cs-p_female_control_1-98_Day1_off.hdf5,control,58,upright,831,0.39879518072289155,0.8301509304711049,0.5657963518358579,38037.584445601155,6.397042944506548,0.8027348198647513,3.8617377819128325
NNYM_10-11-2025-11-06-35__Y-Maze_cs-p_female_control_1-98_Day1_off.hdf5,control,59,inverse,828,0.5441354292623942,0.8101868609992514,0.6205301647465938,38088.78822990003,6.568121113749245,0.7757949061171562,4.024322474239838
NNYM_10-11-2025-11-06-35__Y-Maze_cs-p_female_control_1-98_Day1_off.hdf5,control,60,upright,62,0.5081967213114754,1.000268817204301,4.402953779199471,7965.669003896997,4.394430256598686,0.6072622281642464,4.803046527758717
NNYM_10-11-2025-11-06-35__Y-Maze_cs-p_female_control_1-98_Day1_off.hdf5,control,61,inverse,666,0.530827067669173,0.822403254333525,0.6061798727289364,34323.54153631562,5.816615462113043,0.7886475510385184,4.400542536162705
NNYM_10-11-2025-11-06-35__Y-Maze_cs-p_female_control_1-98_Day1_off.hdf5,control,62,upright,1181,0.5033898305084745,0.7701795903748736,0.6190625236595694,50598.185063221346,8.298391172733414,0.8317074891617647,3.6992777675273345
NNYM_10-11-2025-11-06-35__Y-Maze_cs-p_female_control_1-98_Day1_off.hdf5,control,63,inverse,988,0.47315096251266464,0.8726989686445352,0.5114457254486179,44489.356588705756,7.2437993627520445,0.8352757014831917,3.8985863841271406
NNYM_10-11-2025-11-06-35__Y-Maze_cs-p_female_control_1-98_Day1_off.hdf5,control,64,upright,587,0.48976109215017066,0.9542463083861241,0.5380070813900512,33308.88153169294,5.618433067962011,0.7958327448118562,4.936882279182444
NNYM_10-11-2025-11-06-35__Y-Maze_cs-p_female_control_1-98_Day1_off.hdf5,control,65,inverse,757,0.66005291005291,0.8145955941568502,2.0596530371465303,33805.994002609004,6.106315660813528,0.8025282820236389,3.7091653808543255
NNYM_10-11-2025-11-06-35__Y-Maze_cs-p_female_control_1-98_Day1_off.hdf5,control,66,upright,682,0.7400881057268722,0.8791831351184543,0.9538894838954658,32411.817323487827,5.749156766632666,0.7485596632070535,3.9912823696343125
NNYM_10-11-2025-11-06-35__Y-Maze_cs-p_female_control_1-98_Day1_off.hdf5,control,67,inverse,1000,0.45045045045045046,0.9552731692893985,0.5773387425268277,39869.500784396325,6.693845321186271,0.8029040766759813,3.552504130865198
NNYM_10-11-2025-11-06-35__Y-Maze_cs-p_female_control_1-98_Day1_off.hdf5,control,68,unknown,1,,,,1520.710910637418,4.4452331738113715,0.5634183011002528,
NNYM_10-11-2025-11-06-35__Y-Maze_cs-p_female_control_1-98_Day1_off.hdf5,control,69,inverse,899,0.60913140311804,0.8147324905073157,0.5091030588177102,42542.09912769496,6.9053463732096025,0.843737179738434,4.172053471144907
NNYM_10-11-2025-11-06-35__Y-Maze_cs-p_female_control_1-98_Day1_off.hdf5,control,70,upright,853,0.4647887323943662,0.9754604302659223,0.5182885972537564,40452.188361998924,6.6841080450237955,0.8256390370688661,4.036313709592724
NNYM_10-11-2025-11-06-35__Y-Maze_cs-p_female_control_1-98_Day1_off.hdf5,control,71,inverse,1073,0.5382462686567164,1.0368792174888617,0.491664531363744,45045.54353185875,7.3439433189598144,0.8358382076716294,3.6983396349589066
NNYM_10-11-2025-11-06-35__Y-Maze_cs-p_female_control_1-98_Day1_off.hdf5,control,72,upright,1016,0.6118226600985222,0.9176954557849135,0.6055613209296189,43506.0489162861,7.145324404970164,0.8273222188858571,3.58021729019401
NNYM_10-11-2025-11-06-35__Y-Maze_cs-p_female_control_1-98_Day1_off.hdf5,control,73,inverse,1336,0.5228464419475656,0.752695946213468,0.4114401085314289,51508.03758879246,8.2233663871676,0.8580122550810568,3.4574173211650656
NNYM_10-11-2025-11-06-35__Y-Maze_cs-p_female_control_1-98_Day1_off.hdf5,control,74,upright,1032,0.469447138700291,0.8322336987684643,1.0738511034451972,44701.602277005804,7.3488343986311895,0.8366880532256449,3.689622567056934
NNYM_10-11-2025-11-06-35__Y-Maze_cs-p_female_control_1-98_Day1_off.hdf5,control,75,inverse,884,0.5832389580973952,0.9911895363534466,0.35374866756274337,40056.79110366562,6.555051054588803,0.8299566602266201,4.043473901367805
NNYM_10-11-2025-11-06-35__Y-Maze_cs-p_female_control_1-98_Day1_off.hdf5,control,76,upright,756,0.6900662251655629,0.923964414363667,0.5726779218795757,35827.99188090685,5.968674485639282,0.8132353750625781,4.175758290302001
NNYM_10-11-2025-11-06-35__Y-Maze_cs-p_female_control_1-98_Day1_off.hdf5,control,77,inverse,1003,0.5129740518962076,0.8597197119395245,0.4110848068660705,41904.209027936144,6.831324451731097,0.8340591402060457,3.707639859659883
NNYM_10-11-2025-11-06-35__Y-Maze_cs-p_female_control_1-98_Day1_off.hdf5,control,78,upright,990,0.5045500505561172,0.921128911959257,0.6681721518669015,43128.636148846286,7.057326589125795,0.8328199200853539,3.716189196964616
NNYM_10-11-2025-11-06-35__Y-Maze_cs-p_female_control_1-98_Day1_off.hdf5,control,79,inverse,548,0.5027422303473492,0.9817145109792169,1.94900072789209,29346.34645494759,5.5624419441732496,0.7554317043884093,4.235243076030702
NNYM_10-11-2025-11-06-35__Y-Maze_cs-p_female_control_1-98_Day1_off.hdf5,control,80,upright,886,0.5638418079096045,0.9475751141229308,0.45107613813149905,39392.387750739275,6.44897776992999,0.8286238541688418,4.064358757560969
NNYM_10-11-2025-11-06-35__Y-Maze_cs-p_female_control_1-98_Day1_off.hdf5,control,81,inverse,1098,0.5031905195989061,0.817551536961714,0.6457825341472186,44456.94029970448,7.407608980926998,0.8188647132366074,3.571731423285743
NNYM_10-11-2025-11-06-35__Y-Maze_cs-p_female_control_1-98_Day1_off.hdf5,control,82,upright,610,0.48932676518883417,0.9148905740134774,0.6085661226501381,33261.443629391375,5.674110885823555,0.7891055615572045,5.074617016115095
NNYM_10-11-2025-11-06-35__Y-Maze_cs-p_female_control_1-98_Day1_off.hdf5,control,83,inverse,957,0.448744769874477,1.0010958260637866,0.46651542202408786,44134.188142892985,7.147141409922541,0.8510182095553639,4.314716949639774
NNYM_10-11-2025-11-06-35__Y-Maze_cs-p_female_control_1-98_Day1_off.hdf5,control,84,upright,61,0.45,0.8902585173771614,6.900905552423601,6478.919202903572,4.788194420680077,0.602625496903023,3.425679308282419
NNYM_10-11-2025-11-06-35__Y-Maze_cs-p_female_control_1-98_Day1_off.hdf5,control,85,inverse,19,0.6666666666666666,0.926470588235294,3.97149342081838,3199.4004460314736,4.730972023368161,0.681539968172359,4.644962237352454
NNYM_10-11-2025-11-06-35__Y-Maze_cs-p_female_control_1-98_Day1_off.hdf5,control,86,upright,186,0.4972972972972973,0.967419570807163,5.069848186570422,14191.83423947675,4.530821573507171,0.633752543474172,5.175243589684308
NNYM_10-11-2025-11-06-35__Y-Maze_cs-p_female_control_1-98_Day1_off.hdf5,control,87,inverse,1046,0.570334928229665,0.8032510606683025,0.4447221690102426,45657.693985923324,7.416242656533876,0.8411526504166993,3.8827220721851763
NNYM_10-11-2025-11-06-35__Y-Maze_cs-p_female_control_1-98_Day1_off.hdf5,control,88,upright,703,0.43447293447293445,0.8708775982163648,0.4447949723808454,35154.40068242657,5.826217079522641,0.8133286719854733,4.597480785019106
NNYM_10-11-2025-11-06-35__Y-Maze_cs-p_female_control_1-98_Day1_off.hdf5,control,89,unknown,0,,,,,,,
NNYM_10-11-2025-11-06-35__Y-Maze_cs-p_female_control_1-98_Day1_off.hdf5,control,90,upright,974,0.5632065775950668,0.8468665020752827,0.48711355187138916,41342.623710040396,6.73811613259936,0.8371065232749824,3.788591961543315
NNYM_10-11-2025-11-06-35__Y-Maze_cs-p_female_control_1-98_Day1_off.hdf5,control,91,inverse,1153,0.4652777777777778,0.7927020656250268,0.46952249838890037,44961.83352465354,7.374937358902814,0.8327674557515169,3.486380439934075
NNYM_10-11-2025-11-06-35__Y-Maze_cs-p_female_control_1-98_Day1_off.hdf5,control,92,upright,1116,0.6816143497757847,0.9162127458600225,0.522484460431033,44392.574709286106,7.231977929590869,0.8357704141950065,3.5744529053010883
NNYM_10-11-2025-11-06-35__Y-Maze_cs-p_female_control_1-98_Day1_off.hdf5,control,93,inverse,1087,0.49171270718232046,0.9053178305219056,0.6038271805551017,45574.275848438454,7.317582226453225,0.8536098964717813,3.696418676980545
NNYM_10-11-2025-11-06-35__Y-Maze_cs-p_female_control_1-98_Day1_off.hdf5,control,94,upright,451,0.5088888888888888,0.9178847516975971,12.92062060278677,20303.621664350707,7.722676675501809,0.7846531663915617,3.5616255663217515
NNYM_10-11-2025-11-06-35__Y-Maze_cs-p_female_control_1-98_Day1_off.hdf5,control,95,inverse,1397,0.4355300859598854,0.7829087055693926,0.7377555361220858,51616.54662160427,8.251987616795544,0.8583982487212845,3.3074357984612495
NNYM_10-11-2025-11-06-35__Y-Maze_cs-p_female_control_1-98_Day1_off.hdf5,control,96,upright,578,0.4904679376083189,1.003837057619475,0.6715507764334029,34006.027736722295,5.828425452497191,0.7835136905541726,5.27828883436886
NNYM_10-11-2025-11-06-35__Y-Maze_cs-p_female_control_1-98_Day1_off.hdf5,control,97,inverse,663,0.6601208459214502,0.9372713988044066,4.177427450207216,32486.648874657105,6.7702478203283265,0.8417056932047126,4.344302094735344
NNYM_11-02-2025-09-27-07__Y-Maze_cs-p_female_control_1-98_Day1lightson.hdf5,control,0,upright,993,0.48286290322580644,0.8910568334066779,0.5804633570134828,41302.17993296957,7.4397461614472045,0.7419976539803007,3.684183941241945
NNYM_11-02-2025-09-27-07__Y-Maze_cs-p_female_control_1-98_Day1lightson.hdf5,control,1,upright,942,0.5249734325185972,0.7273464182402644,0.4818623832801218,37816.20003170154,6.952879160611911,0.7199485527867674,3.6345945048892725
NNYM_11-02-2025-09-27-07__Y-Maze_cs-p_female_control_1-98_Day1lightson.hdf5,control,2,upright,1155,0.4982668977469671,0.7615009097332437,0.5792518978312879,41865.455271789455,7.437059488769087,0.7516484259938695,3.2817924725901735
NNYM_11-02-2025-09-27-07__Y-Maze_cs-p_female_control_1-98_Day1lightson.hdf5,control,3,upright,808,0.26270136307311026,0.8263212307723783,0.7546315785386993,37491.88603332398,6.93529426141436,0.7206924176497385,4.077636280659954
NNYM_11-02-2025-09-27-07__Y-Maze_cs-p_female_control_1-98_Day1lightson.hdf5,control,4,upright,342,0.3841642228739003,1.0504997647914127,0.7936035588060975,22159.69445878207,4.9010561165218025,0.5503644868248498,5.524634816733293
NNYM_11-02-2025-09-27-07__Y-Maze_cs-p_female_control_1-98_Day1lightson.hdf5,control,5,upright,548,0.6727605118829981,0.9275899352145708,0.5270801806480145,28394.81598305638,5.537316844198464,0.6575814233228299,4.774169641424754
NNYM_11-02-2025-09-27-07__Y-Maze_cs-p_female_control_1-98_Day1lightson.hdf5,control,6,upright,614,0.4730831973898858,0.9340795648888358,0.5739254244701523,28720.888133429606,5.531387468399906,0.6745591966006796,4.329746077966575
NNYM_11-02-2025-09-27-07__Y-Maze_cs-p_female_control_1-98_Day1lightson.hdf5,control,7,inverse,559,0.5340501792114696,0.9631742343422847,0.5425180942151492,28050.132983062333,5.377714003765066,0.6697521343838388,4.337391163375358
NNYM_11-02-2025-09-27-07__Y-Maze_cs-p_female_control_1-98_Day1lightson.hdf5,control,8,inverse,539,0.6189591078066915,0.9040608396923971,1.3009406941125314,28464.875861975423,5.84433267641255,0.6388212130084533,4.258888456697548
NNYM_11-02-2025-09-27-07__Y-Maze_cs-p_female_control_1-98_Day1lightson.hdf5,control,9,inverse,1768,0.4533106960950764,0.8122923484650115,0.44541666902961735,62543.448778526166,10.073894593928566,0.8530495463334046,3.238275260811856
NNYM_11-02-2025-09-27-07__Y-Maze_cs-p_female_control_1-98_Day1lightson.hdf5,control,10,inverse,628,0.5502392344497608,1.0005164724415034,0.498767367391119,31068.03045998777,5.761185015590947,0.7061435838397203,4.5214623419362745
NNYM_11-02-2025-09-27-07__Y-Maze_cs-p_female_control_1-98_Day1lightson.hdf5,control,11,inverse,612,0.6284779050736498,0.874107517648227,0.521474238828111,26937.073955485932,5.315153149546951,0.6452668707154986,4.0278507367506045
NNYM_11-02-2025-09-27-07__Y-Maze_cs-p_female_control_1-98_Day1lightson.hdf5,control,12,inverse,1049,0.37404580152671757,0.9219225044130449,0.42994710025162103,43449.71815036527,7.309566684346949,0.8059285487075462,3.8372014463719446
NNYM_11-02-2025-09-27-07__Y-Maze_cs-p_female_control_1-98_Day1lightson.hdf5,control,13,inverse,903,0.4722838137472284,0.8995454304027031,0.6100524482675039,37959.59777179726,6.7358086904626475,0.7537680465489065,3.850374763567836
NNYM_11-02-2025-09-27-07__Y-Maze_cs-p_female_control_1-98_Day1lightson.hdf5,control,14,upright,605,0.6009933774834437,0.9681907590328519,0.8207612474894816,30067.97337732502,5.594098187049119,0.7032484819322479,4.196505790003655
NNYM_11-02-2025-09-27-07__Y-Maze_cs-p_female_control_1-98_Day1lightson.hdf5,control,15,inverse,440,0.5125284738041003,0.781312465326676,0.9006150914006229,23561.39613316959,5.066813979212167,0.5663199437406191,4.431393763703614
NNYM_11-02-2025-09-27-07__Y-Maze_cs-p_female_control_1-98_Day1lightson.hdf5,control,16,upright,690,0.36574746008708275,0.8803276689469713,1.201467519328587,30463.970425025207,6.505150993343652,0.6000676731282167,3.751028542148479
NNYM_11-02-2025-09-27-07__Y-Maze_cs-p_female_control_1-98_Day1lightson.hdf5,control,17,inverse,579,0.5346020761245674,0.6060219532957497,3.2066706187400986,24813.5379024511,7.092917676293534,0.5018438044879368,3.4749109098952107
NNYM_11-02-2025-09-27-07__Y-Maze_cs-p_female_control_1-98_Day1lightson.hdf5,control,18,upright,1,,,,4301.72274098787,5.047002380928463,0.2866500215769681,
NNYM_11-02-2025-09-27-07__Y-Maze_cs-p_female_control_1-98_Day1lightson.hdf5,control,19,inverse,305,0.48026315789473684,0.9982551228939438,0.6306764517901828,25396.722070316944,5.1332654679021426,0.6261547690461907,6.651448755090302
NNYM_11-02-2025-09-27-07__Y-Maze_cs-p_female_control_1-98_Day1lightson.hdf5,control,20,upright,827,0.38256658595641646,0.9852583316410569,0.4369397082923719,38258.196343087286,6.8282528558053475,0.753770714529256,4.017624578442462
NNYM_11-02-2025-09-27-07__Y-Maze_cs-p_female_control_1-98_Day1lightson.hdf5,control,21,inverse,569,0.43661971830985913,0.9177447801103714,0.7321170148749051,30773.9119726547,5.8736998739642114,0.6880941331066741,4.420029229464858
NNYM_11-02-2025-09-27-07__Y-Maze_cs-p_female_control_1-98_Day1lightson.hdf5,control,22,upright,194,0.6010362694300518,0.9556906814449919,2.959424116656254,10690.39570692535,5.975586928298243,0.610476321585903,4.584643759473092
NNYM_11-02-2025-09-27-07__Y-Maze_cs-p_female_control_1-98_Day1lightson.hdf5,control,23,inverse,572,0.38704028021015763,1.0279023123419406,0.6653678887882832,39088.60317860675,6.722272528226727,0.785059448375286,5.400782790691394
NNYM_11-02-2025-09-27-07__Y-Maze_cs-p_female_control_1-98_Day1lightson.hdf5,control,24,upright,236,0.48936170212765956,0.8807405859036294,0.8628697441451052,17485.752195947796,5.13852042207645,0.5130336003826378,6.123281536654517
NNYM_11-02-2025-09-27-07__Y-Maze_cs-p_female_control_1-98_Day1lightson.hdf5,control,25,inverse,244,0.4444444444444444,0.8953512396694215,0.5993663665935558,21518.091602192697,4.443982792504256,0.5774175327903629,7.356960337069422
NNYM_11-02-2025-09-27-07__Y-Maze_cs-p_female_control_1-98_Day1lightson.hdf5,control,26,upright,103,0.6274509803921569,1.0165450755601877,1.0168401286165833,21181.62836834311,5.639927869850216,0.43287797032133746,12.283384342197586
NNYM_11-02-2025-09-27-07__Y-Maze_cs-p_female_control_1-98_Day1lightson.hdf5,control,27,inverse,415,0.6328502415458938,0.9378821293108563,0.974891534763957,23271.158982213474,5.191286488580268,0.5865487252898197,5.036585985359039
NNYM_11-02-2025-09-27-07__Y-Maze_cs-p_female_control_1-98_Day1lightson.hdf5,control,28,upright,849,0.482311320754717,0.9504220934895733,0.6473266720274189,36233.06130521799,6.624522825114917,0.7285940166912742,3.6561667289056508
NNYM_11-02-2025-09-27-07__Y-Maze_cs-p_female_control_1-98_Day1lightson.hdf5,control,29,inverse,103,0.7254901960784313,1.0191616652012692,2.296140288221524,8991.757616421688,4.317963111914897,0.3654108679120819,4.157652591125428
NNYM_11-02-2025-09-27-07__Y-Maze_cs-p_female_control_1-98_Day1lightson.hdf5,control,30,upright,542,0.6543438077634011,1.0357296936351437,0.5491142881987437,30902.874200777303,5.719577887592622,0.7054319271195398,5.019896027595998
NNYM_11-02-2025-09-27-07__Y-Maze_cs-p_female_control_1-98_Day1lightson.hdf5,control,31,inverse,201,0.755,1.0866604953406034,0.765846691222444,26769.406545338967,5.390294584115946,0.6320677652151744,9.85129387732893
NNYM_11-02-2025-09-27-07__Y-Maze_cs-p_female_control_1-98_Day1lightson.hdf5,control,32,upright,726,0.4510344827586207,0.8172298983300778,0.7349073931963468,34368.041940132774,6.53468918817232,0.6988763633797442,4.055509382877535
NNYM_11-02-2025-09-27-07__Y-Maze_cs-p_female_control_1-98_Day1lightson.hdf5,control,33,inverse,304,0.6336633663366337,0.9485839057186325,1.8033717498981088,18984.097047856863,5.6836063633660485,0.43820863592861564,4.674033263383956
NNYM_11-02-2025-09-27-07__Y-Maze_cs-p_female_control_1-98_Day1lightson.hdf5,control,34,upright,552,0.5009074410163339,0.8836392741645707,0.5358280181424038,29843.899963778484,5.769111481959604,0.6782548692844496,4.714290124486583
NNYM_11-02-2025-09-27-07__Y-Maze_cs-p_female_control_1-98_Day1lightson.hdf5,control,35,inverse,149,0.5472972972972973,1.0570779260663175,4.530946581173042,11528.42191443037,5.047676456820984,0.4239288830988797,5.46072087802946
NNYM_11-02-2025-09-27-07__Y-Maze_cs-p_female_control_1-98_Day1lightson.hdf5,control,36,upright,908,0.5545755237045203,0.8087524347934643,0.5982940144080815,40120.7170149762,7.333590355333529,0.7363131749684971,3.94772860726687
NNYM_11-02-2025-09-27-07__Y-Maze_cs-p_female_control_1-98_Day1lightson.hdf5,control,37,inverse,257,0.390625,0.9720020110608346,2.6683638466372597,15449.87075737505,5.570223070727418,0.47165226006547584,4.755393549109156
NNYM_11-02-2025-09-27-07__Y-Maze_cs-p_female_control_1-98_Day1lightson.hdf5,control,38,upright,605,0.3923841059602649,0.9842345239659361,0.42003041067917674,32197.107915326473,5.828067202933087,0.7322208399914637,4.957031116058485
NNYM_11-02-2025-09-27-07__Y-Maze_cs-p_female_control_1-98_Day1lightson.hdf5,control,39,inverse,660,0.464339908952959,0.8126442086287431,0.48421247791524724,32383.196054265085,6.215955125787852,0.681761363340434,4.470779190919063
NNYM_11-02-2025-09-27-07__Y-Maze_cs-p_female_control_1-98_Day1lightson.hdf5,control,40,upright,450,0.5233853006681515,1.1140441022427066,1.87337186988178,21532.936087722916,5.015611607656749,0.5461700993376559,3.994536527414677
NNYM_11-02-2025-09-27-07__Y-Maze_cs-p_female_control_1-98_Day1lightson.hdf5,control,41,inverse,236,0.48936170212765956,0.8294353090548742,1.1629481943601494,17993.637424045628,4.347111702954944,0.5154415916004483,6.817669615684824
NNYM_11-02-2025-09-27-07__Y-Maze_cs-p_female_control_1-98_Day1lightson.hdf5,control,42,upright,866,0.5156069364161849,0.8758533490480216,1.4177350490176128,35783.8835598834,6.878567734436294,0.6918685331067997,3.2429001232161228
NNYM_11-02-2025-09-27-07__Y-Maze_cs-p_female_control_1-98_Day1lightson.hdf5,control,43,inverse,715,0.5518207282913166,0.9130331996070085,0.558307405352468,35970.59015894031,6.5074168621396975,0.730433356672662,4.369954747749265
NNYM_11-02-2025-09-27-07__Y-Maze_cs-p_female_control_1-98_Day1lightson.hdf5,control,44,upright,101,0.49,1.0105052121858844,0.5803399309946388,6999.778449256145,5.021305892545121,0.5511582376361422,5.850254039018814
NNYM_11-02-2025-09-27-07__Y-Maze_cs-p_female_control_1-98_Day1lightson.hdf5,control,45,inverse,525,0.3053435114503817,0.9194745025528965,0.7943977493082098,30263.37811379278,6.054259764087333,0.6540223288814692,4.562634392980515
NNYM_11-02-2025-09-27-07__Y-Maze_cs-p_female_control_1-98_Day1lightson.hdf5,control,46,upright,1034,0.6127783155856728,0.9025047952104535,0.39041320674906926,38713.07230384623,6.845838007261941,0.7592180108352286,3.418492937595625
NNYM_11-02-2025-09-27-07__Y-Maze_cs-p_female_control_1-98_Day1lightson.hdf5,control,47,inverse,390,0.39588688946015427,0.964499327717687,1.449285178252777,20411.245606015647,5.30026942025096,0.5054306587131471,4.119448286785087
NNYM_11-02-2025-09-27-07__Y-Maze_cs-p_female_control_1-98_Day1lightson.hdf5,control,48,upright,766,0.5124183006535947,0.8565493106447694,0.9292859170420956,32135.459374399874,6.662086014650177,0.6315709578385622,3.687917035966803
NNYM_11-02-2025-09-27-07__Y-Maze_cs-p_female_control_1-98_Day1lightson.hdf5,control,49,inverse,385,0.3489583333333333,0.8102293753166283,0.6364884239145818,28995.63742611816,5.411751375338696,0.712707515214071,6.8241893811729
NNYM_11-02-2025-09-27-07__Y-Maze_cs-p_female_control_1-98_Day1lightson.hdf5,control,50,upright,69,0.4411764705882353,0.9989002356637864,2.2199117017777503,7538.882251804828,4.475662302447261,0.30237703573312996,5.920664767444272
NNYM_11-02-2025-09-27-07__Y-Maze_cs-p_female_control_1-98_Day1lightson.hdf5,control,51,inverse,550,0.4644808743169399,1.0600942201698198,0.7047885197456943,33074.20246101389,6.336481693494842,0.6917789796126216,5.394436393312943
NNYM_11-02-2025-09-27-07__Y-Maze_cs-p_female_control_1-98_Day1lightson.hdf5,control,52,upright,316,0.4857142857142857,0.9434453186794889,3.0623762762303315,15970.459898143452,6.387644143065051,0.44666479031804107,4.0481788519107695
NNYM_11-02-2025-09-27-07__Y-Maze_cs-p_female_control_1-98_Day1lightson.hdf5,control,53,inverse,113,0.375,1.037837837837838,7.3825472550721045,7897.843514196143,5.364687484006747,0.35556847091850163,3.3295566592596386
NNYM_11-02-2025-09-27-07__Y-Maze_cs-p_female_control_1-98_Day1lightson.hdf5,control,54,upright,656,0.45190839694656487,0.9969909559389447,0.5169980129759395,31460.839326377565,5.744260714082325,0.7148966760258166,4.491579810105648
NNYM_11-02-2025-09-27-07__Y-Maze_cs-p_female_control_1-98_Day1lightson.hdf5,control,55,inverse,565,0.40425531914893614,0.8186507565539071,2.6549082325496807,23889.976049996854,5.500108550391796,0.5894089213649768,3.6413278937380524
NNYM_11-02-2025-09-27-07__Y-Maze_cs-p_female_control_1-98_Day1lightson.hdf5,control,56,upright,622,0.4943639291465378,0.9388289661343528,0.8612690295865805,29109.185459184773,5.9174232530749205,0.6342246186411673,3.962347186935692
NNYM_11-02-2025-09-27-07__Y-Maze_cs-p_female_control_1-98_Day1lightson.hdf5,control,57,inverse,439,0.5251141552511416,0.9681175045728324,0.7139413193338185,25188.822070110233,5.096216454596233,0.6155870683898338,4.749966269903905
NNYM_11-02-2025-09-27-07__Y-Maze_cs-p_female_control_1-98_Day1lightson.hdf5,control,58,upright,555,0.4927797833935018,0.9911650924823977,0.6753522886504365,25594.682679360252,5.571873466829187,0.5795039133745561,3.988207433338165
NNYM_11-02-2025-09-27-07__Y-Maze_cs-p_female_control_1-98_Day1lightson.hdf5,control,59,inverse,568,0.7107583774250441,0.8594107710228959,1.3791738081105867,27178.8313861526,6.0704460803796545,0.605552867166707,4.102708138300681
NNYM_11-02-2025-09-27-07__Y-Maze_cs-p_female_control_1-98_Day1lightson.hdf5,control,60,upright,509,0.47244094488188976,0.9971120727722337,0.7459594850313561,28306.482676051313,5.933130620970768,0.6220975054004488,4.715937674429052
NNYM_11-02-2025-09-27-07__Y-Maze_cs-p_female_control_1-98_Day1lightson.hdf5,control,61,inverse,7,1.0,,1.2807007477654886,5155.136324005494,4.363628565921723,0.1446995860484778,
NNYM_11-02-2025-09-27-07__Y-Maze_cs-p_female_control_1-98_Day1lightson.hdf5,control,62,upright,499,0.5461847389558233,0.9456945342015656,1.6507101234848023,25427.64096246723,5.843522982772056,0.5908532378174661,4.063261714207624
NNYM_11-02-2025-09-27-07__Y-Maze_cs-p_female_control_1-98_Day1lightson.hdf5,control,63,inverse,833,0.59375,1.0027623905640246,0.5088466530693256,36673.42792752854,6.944692872880393,0.7026219844312345,3.9179201355556903
NNYM_11-02-2025-09-27-07__Y-Maze_cs-p_female_control_1-98_Day1lightson.hdf5,control,64,upright,191,0.7421052631578947,0.9399594578346929,5.909849681990979,11835.79804448288,5.495892730210798,0.48981962382355604,4.502190025201497
NNYM_11-02-2025-09-27-07__Y-Maze_cs-p_female_control_1-98_Day1lightson.hdf5,control,65,unknown,1,,,,2489.5233257054097,4.229241824560251,0.17212504652028285,
NNYM_11-02-2025-09-27-07__Y-Maze_cs-p_female_control_1-98_Day1lightson.hdf5,control,66,upright,13,0.5833333333333334,1.4961038961038962,0.8538706657487457,3930.7665773963226,3.9465035781585276,0.2155114241929279,4.322059004950081
NNYM_11-02-2025-09-27-07__Y-Maze_cs-p_female_control_1-98_Day1lightson.hdf5,control,67,inverse,620,0.4184168012924071,0.9475571705547433,0.625361083197418,32611.414040160143,6.03653377663153,0.708927993485274,4.433484615390538
NNYM_11-02-2025-09-27-07__Y-Maze_cs-p_female_control_1-98_Day1lightson.hdf5,control,68,upright,702,0.3880171184022825,0.9625688037452743,0.5653276480007549,31389.839544219125,5.785421802789898,0.7095539037343704,3.957936824158228
NNYM_11-02-2025-09-27-07__Y-Maze_cs-p_female_control_1-98_Day1lightson.hdf5,control,69,inverse,131,0.49230769230769234,0.9614678764388067,1.0739158033279823,16526.3047682264,4.140269381567731,0.47660408604694393,8.428051355652254
NNYM_11-02-2025-09-27-07__Y-Maze_cs-p_female_control_1-98_Day1lightson.hdf5,control,70,upright,476,0.48,0.9297576544411987,0.812093364244941,24493.11022912181,4.940696499920804,0.6221758346473067,4.251862308401693
NNYM_11-02-2025-09-27-07__Y-Maze_cs-p_female_control_1-98_Day1lightson.hdf5,control,71,inverse,4,0.6666666666666666,1.125,0.8043619403608773,3140.3736284524816,4.397972219984298,0.22146049853292019,
NNYM_11-02-2025-09-27-07__Y-Maze_cs-p_female_control_1-98_Day1lightson.hdf5,control,72,upright,583,0.41580756013745707,0.8254703514383949,0.7381686679501228,29585.246257925177,6.038255266684572,0.6382326862788562,4.299793791503548
NNYM_11-02-2025-09-27-07__Y-Maze_cs-p_female_control_1-98_Day1lightson.hdf5,control,73,inverse,399,0.5276381909547738,1.0156979014340073,1.1549896416797405,28189.093063213346,5.561384347211905,0.6648670424939239,5.968534179127625
NNYM_11-02-2025-09-27-07__Y-Maze_cs-p_female_control_1-98_Day1lightson.hdf5,control,74,upright,536,0.5850467289719626,0.8639468344389908,1.3346798384851226,25988.309263805248,5.779349782347632,0.5934468325361969,4.103958485601074
NNYM_11-02-2025-09-27-07__Y-Maze_cs-p_female_control_1-98_Day1lightson.hdf5,control,75,inverse,45,0.2727272727272727,1.0552325581395352,1.9138382992473013,7481.785300296669,3.8380060493238957,0.2965218293241596,7.042350299094724
NNYM_11-02-2025-09-27-07__Y-Maze_cs-p_female_control_1-98_Day1lightson.hdf5,control,76,upright,351,0.41714285714285715,0.9015484554696392,1.709730449865013,20046.74313795411,5.424029688716068,0.46471592668828265,4.5119453766260555
NNYM_11-02-2025-09-27-07__Y-Maze_cs-p_female_control_1-98_Day1lightson.hdf5,control,77,inverse,680,0.6229749631811488,0.7284294759478929,5.637129785697858,31150.213743625125,7.685401908127832,0.6211569049258652,3.906119431350577
NNYM_11-02-2025-09-27-07__Y-Maze_cs-p_female_control_1-98_Day1lightson.hdf5,control,78,upright,322,0.5420560747663551,0.9567690007037296,2.149946092700149,19457.76103747978,5.336962130266522,0.4578388695052992,4.833391137654321
NNYM_11-02-2025-09-27-07__Y-Maze_cs-p_female_control_1-98_Day1lightson.hdf5,control,79,inverse,268,0.449438202247191,1.0938928955040663,1.6673262133155153,15598.3452480175,5.259380764157097,0.5143481378818336,4.496400230293925
NNYM_11-02-2025-09-27-07__Y-Maze_cs-p_female_control_1-98_Day1lightson.hdf5,control,80,upright,59,0.3793103448275862,0.8942052099946837,1.8176509062714752,15656.236735753959,5.2372265672112555,0.43274170870895706,15.915908447950452
NNYM_11-02-2025-09-27-07__Y-Maze_cs-p_female_control_1-98_Day1lightson.hdf5,control,81,inverse,103,0.6764705882352942,1.0405040504050407,1.3141893470902597,8383.737896627583,4.516678089929163,0.43790656909935727,6.0244544534959905
NNYM_11-02-2025-09-27-07__Y-Maze_cs-p_female_control_1-98_Day1lightson.hdf5,control,82,upright,894,0.5027995520716685,0.9327646681507278,0.5420921010833266,35793.27283709698,6.420676123871934,0.7370827308568516,3.778818960167923
NNYM_11-02-2025-09-27-07__Y-Maze_cs-p_female_control_1-98_Day1lightson.hdf5,control,83,inverse,62,0.6229508196721312,0.8514874141876431,3.8027813168545817,5763.304362102991,4.0552308786912965,0.3798168495685594,4.087216803827728
NNYM_11-02-2025-09-27-07__Y-Maze_cs-p_female_control_1-98_Day1lightson.hdf5,control,84,upright,564,0.261101243339254,0.8992375308664391,1.049637102173546,25519.511519020452,5.376374553808498,0.6010903088944024,3.830777538642308
NNYM_11-02-2025-09-27-07__Y-Maze_cs-p_female_control_1-98_Day1lightson.hdf5,control,85,inverse,637,0.5094339622641509,0.8254907239159208,1.7464888326177477,27768.370585660545,6.025630123647941,0.6157962105355681,3.6545196550783707
NNYM_11-02-2025-09-27-07__Y-Maze_cs-p_female_control_1-98_Day1lightson.hdf5,control,86,upright,831,0.39036144578313253,0.8287506540377995,0.6057183415640153,37297.62449018028,6.829621125834373,0.7231450517772108,3.832933821569802
NNYM_11-02-2025-09-27-07__Y-Maze_cs-p_female_control_1-98_Day1lightson.hdf5,control,87,inverse,920,0.5821545157780196,0.8419013083772796,0.49598828746475815,35895.46673076704,6.678988992489347,0.7111403804491275,3.5409001300781404
NNYM_11-02-2025-09-27-07__Y-Maze_cs-p_female_control_1-98_Day1lightson.hdf5,control,88,upright,381,0.5736842105263158,0.9763489292751072,1.3024739499666758,22127.27882172203,4.7117288010583245,0.5843593232895022,4.509202075500475
NNYM_11-02-2025-09-27-07__Y-Maze_cs-p_female_control_1-98_Day1lightson.hdf5,control,89,inverse,1119,0.41055456171735244,0.8286675875084819,0.5761161170356595,42121.145077593814,7.365320623522855,0.7668807110297026,3.450152006023959
NNYM_11-02-2025-09-27-07__Y-Maze_cs-p_female_control_1-98_Day1lightson.hdf5,control,90,upright,150,0.5302013422818792,1.0443508381799522,3.650584871702561,11883.754996836957,4.8893541412056205,0.5115118867461739,4.826369653510996
NNYM_11-02-2025-09-27-07__Y-Maze_cs-p_female_control_1-98_Day1lightson.hdf5,control,91,inverse,1253,0.45926517571884984,0.852983653793682,3.732244917052749,45121.94984243858,9.092627188605599,0.7160722114184868,3.152721610644287
NNYM_11-02-2025-09-27-07__Y-Maze_cs-p_female_control_1-98_Day1lightson.hdf5,control,92,upright,374,0.5710455764075067,0.9492732548967641,0.733570548440863,24834.653320191865,4.901575632264203,0.6325916247468478,5.6332685338495505
NNYM_11-02-2025-09-27-07__Y-Maze_cs-p_female_control_1-98_Day1lightson.hdf5,control,93,inverse,643,0.3411214953271028,1.0550453612431878,0.574564980535303,27736.135711962554,5.528474300610911,0.6349151984020122,3.9347457185647565
NNYM_11-02-2025-09-27-07__Y-Maze_cs-p_female_control_1-98_Day1lightson.hdf5,control,94,upright,920,0.46354733405875953,0.8695455448149054,0.6364727737268342,38223.82312039995,6.909706200441517,0.7334045268668767,3.8060215554955357
NNYM_11-02-2025-09-27-07__Y-Maze_cs-p_female_control_1-98_Day1lightson.hdf5,control,95,inverse,651,0.7046153846153846,0.9846161404960716,1.4019327886653192,26765.58483368645,5.727973658839157,0.6214480262308059,3.6485288796400677
NNYM_11-02-2025-09-27-07__Y-Maze_cs-p_female_control_1-98_Day1lightson.hdf5,control,96,unknown,0,,,,,,,
NNYM_11-02-2025-09-27-07__Y-Maze_cs-p_female_control_1-98_Day1lightson.hdf5,control,97,unknown,0,,,,,,,
NNYM_11-02-2025-11-47-05__Y-Maze_cs-p_female_control_1-98_Day1_lightsoff.hdf5,control,0,upright,1255,0.41706539074960125,0.8567723522351576,0.43501590999249257,52388.296865202974,8.761322578672159,0.8274523723355883,3.7323177614437206
NNYM_11-02-2025-11-47-05__Y-Maze_cs-p_female_control_1-98_Day1_lightsoff.hdf5,control,1,inverse,747,0.7024128686327078,0.8315854637361888,0.49023224277934746,37528.85834087779,6.5215814138786685,0.7788009485902895,4.439425650897332
NNYM_11-02-2025-11-47-05__Y-Maze_cs-p_female_control_1-98_Day1_lightsoff.hdf5,control,2,upright,960,0.5547445255474452,0.8790134753702079,0.40793044174236326,44562.07512590275,7.62320833153688,0.7998319782821515,4.16166739400181
NNYM_11-02-2025-11-47-05__Y-Maze_cs-p_female_control_1-98_Day1_lightsoff.hdf5,control,3,inverse,711,0.5845070422535211,1.0076270754409669,0.7409842367338054,40241.39495013589,6.946362072713047,0.7875393340778196,4.654536497660516
NNYM_11-02-2025-11-47-05__Y-Maze_cs-p_female_control_1-98_Day1_lightsoff.hdf5,control,4,upright,1546,0.5896440129449838,0.7628636063699062,0.5286700634676968,57728.025451329,9.514594100290946,0.8370716043108128,3.3816574993821478
NNYM_11-02-2025-11-47-05__Y-Maze_cs-p_female_control_1-98_Day1_lightsoff.hdf5,control,5,inverse,1174,0.43307757885763,0.8375294702249698,1.6269897637455994,46377.88139939841,8.614409915772939,0.7538465210645662,3.2276772828631546
NNYM_11-02-2025-11-47-05__Y-Maze_cs-p_female_control_1-98_Day1_lightsoff.hdf5,control,6,upright,981,0.3683673469387755,0.8802093663751166,0.6571570204847922,47555.82831867672,8.028855026788747,0.8125298988465689,3.979214211570341
NNYM_11-02-2025-11-47-05__Y-Maze_cs-p_female_control_1-98_Day1_lightsoff.hdf5,control,7,inverse,775,0.46511627906976744,0.8475926655042465,0.5768952565018612,38134.708740039074,6.64485663597351,0.7770776224018876,4.213840630879706
NNYM_11-02-2025-11-47-05__Y-Maze_cs-p_female_control_1-98_Day1_lightsoff.hdf5,control,8,upright,693,0.3352601156069364,0.8798884566399867,0.49077529001108233,39387.39553049736,6.727526151180147,0.7994887303006025,5.0025421396340946
NNYM_11-02-2025-11-47-05__Y-Maze_cs-p_female_control_1-98_Day1_lightsoff.hdf5,control,9,inverse,1086,0.6175115207373272,0.8787995236992471,0.41527027384357723,44777.45607846392,7.578822471659751,0.8074125909656739,3.706519505888017
NNYM_11-02-2025-11-47-05__Y-Maze_cs-p_female_control_1-98_Day1_lightsoff.hdf5,control,10,upright,763,0.6246719160104987,0.938787096029888,0.4984537964150988,41197.48820988849,7.087975417142005,0.7908876237303487,4.923832391056803
NNYM_11-02-2025-11-47-05__Y-Maze_cs-p_female_control_1-98_Day1_lightsoff.hdf5,control,11,inverse,1333,0.3738738738738739,0.9724731724220254,0.4081903180276669,56215.184683771484,9.198547908361991,0.843627604936447,3.824620592696363
NNYM_11-02-2025-11-47-05__Y-Maze_cs-p_female_control_1-98_Day1_lightsoff.hdf5,control,12,upright,880,0.5130830489192264,0.8570788389405001,0.43680151535987666,42468.84665399685,7.172174350147938,0.8135171135692361,4.3957717975642945
NNYM_11-02-2025-11-47-05__Y-Maze_cs-p_female_control_1-98_Day1_lightsoff.hdf5,control,13,inverse,867,0.4815242494226328,0.9261200280606136,0.5266858128407922,39999.29613264726,7.911980928246545,0.7827119498424131,4.431356700156875
NNYM_11-02-2025-11-47-05__Y-Maze_cs-p_female_control_1-98_Day1_lightsoff.hdf5,control,14,upright,751,0.5946666666666667,1.0274866331097432,0.5344640315023353,40013.77161239278,6.823941872557961,0.8016248386036847,4.563736447984489
NNYM_11-02-2025-11-47-05__Y-Maze_cs-p_female_control_1-98_Day1_lightsoff.hdf5,control,15,inverse,676,0.46074074074074073,0.8867727317622124,0.5299042863474046,35115.64151787867,6.26630007582945,0.7549870759101921,4.5430244907656565
NNYM_11-02-2025-11-47-05__Y-Maze_cs-p_female_control_1-98_Day1_lightsoff.hdf5,control,16,upright,15,0.2857142857142857,1.3192307692307692,2.9569587367835064,4678.253898647374,4.496713514543586,0.5640823105278081,5.5158263876603675
NNYM_11-02-2025-11-47-05__Y-Maze_cs-p_female_control_1-98_Day1_lightsoff.hdf5,control,17,inverse,1044,0.4554170661553212,0.7255381020845755,0.529296401061205,42158.09061307527,7.336201265702302,0.7804357576514216,3.612325532461999
NNYM_11-02-2025-11-47-05__Y-Maze_cs-p_female_control_1-98_Day1_lightsoff.hdf5,control,18,unknown,3,,,0.6177784171861338,3546.4436622961907,4.250518751910591,0.4537620009287558,
NNYM_11-02-2025-11-47-05__Y-Maze_cs-p_female_control_1-98_Day1_lightsoff.hdf5,control,19,inverse,267,0.4548872180451128,1.1109304914048512,0.7433551048561465,27651.28865052375,5.228530570969679,0.6865025470827906,8.164133033679615
NNYM_11-02-2025-11-47-05__Y-Maze_cs-p_female_control_1-98_Day1_lightsoff.hdf5,control,20,upright,1156,0.43896103896103894,0.9623488354449228,0.45760151571037694,50632.955819748706,8.426019446851424,0.8260313236927866,3.805768707084086
NNYM_11-02-2025-11-47-05__Y-Maze_cs-p_female_control_1-98_Day1_lightsoff.hdf5,control,21,inverse,1013,0.2490118577075099,0.9044651688568601,0.5419137192818918,43390.159713235334,7.575496461261179,0.775927224739528,3.6623245513367015
NNYM_11-02-2025-11-47-05__Y-Maze_cs-p_female_control_1-98_Day1_lightsoff.hdf5,control,22,upright,1574,0.30959949141767323,0.7172377833011675,0.5355772931829157,57640.88082559584,9.444412391245883,0.8413762390858915,3.3290354234779778
NNYM_11-02-2025-11-47-05__Y-Maze_cs-p_female_control_1-98_Day1_lightsoff.hdf5,control,23,inverse,593,0.5574324324324325,1.0082263327661865,0.4997434767258409,36189.6776638708,6.272471846417187,0.7801484401323776,4.90594238585229
NNYM_11-02-2025-11-47-05__Y-Maze_cs-p_female_control_1-98_Day1_lightsoff.hdf5,control,24,upright,277,0.27898550724637683,0.9490759583039163,0.7801993156341259,19108.352424664758,4.804676019235576,0.6737994054693157,5.363201065834901
NNYM_11-02-2025-11-47-05__Y-Maze_cs-p_female_control_1-98_Day1_lightsoff.hdf5,control,25,inverse,259,0.41472868217054265,0.9938875561760343,0.7113676106647984,26157.28708840913,4.894779784692746,0.6978438384567894,8.260562550182064
NNYM_11-02-2025-11-47-05__Y-Maze_cs-p_female_control_1-98_Day1_lightsoff.hdf5,control,26,upright,36,0.9142857142857143,0.750612745098039,1.5226313559575113,14667.370091038552,4.821301977843444,0.5756051982140055,16.812708902240875
NNYM_11-02-2025-11-47-05__Y-Maze_cs-p_female_control_1-98_Day1_lightsoff.hdf5,control,27,inverse,736,0.6204081632653061,0.9285057745775179,0.5858726232260724,38701.59623129832,7.093812334028347,0.7915331297941676,4.832109224023393
NNYM_11-02-2025-11-47-05__Y-Maze_cs-p_female_control_1-98_Day1_lightsoff.hdf5,control,28,upright,1186,0.47341772151898737,0.9113597147834281,0.4667186725120271,48624.66309369571,8.132714406426956,0.8223240260671288,3.627303975419352
NNYM_11-02-2025-11-47-05__Y-Maze_cs-p_female_control_1-98_Day1_lightsoff.hdf5,control,29,inverse,1002,0.5434565434565435,0.8443783365780666,0.5268904395821178,43047.42995758819,7.33805008172373,0.8016817608753485,3.8193241564578324
NNYM_11-02-2025-11-47-05__Y-Maze_cs-p_female_control_1-98_Day1_lightsoff.hdf5,control,30,upright,894,0.4916013437849944,0.9105708186330334,0.476122836174306,45157.67108380477,7.527707957806115,0.8223507215385433,4.306524661318572
NNYM_11-02-2025-11-47-05__Y-Maze_cs-p_female_control_1-98_Day1_lightsoff.hdf5,control,31,inverse,205,0.6421568627450981,1.061146485659786,0.7970457776663518,30136.17932926953,5.561992779990603,0.7152135297165273,10.42215391184867
NNYM_11-02-2025-11-47-05__Y-Maze_cs-p_female_control_1-98_Day1_lightsoff.hdf5,control,32,upright,860,0.4109429569266589,0.9605427925376084,0.4727919440891634,41273.21171552433,7.015692260325104,0.8022814391042452,4.2560613287387055
NNYM_11-02-2025-11-47-05__Y-Maze_cs-p_female_control_1-98_Day1_lightsoff.hdf5,control,33,inverse,769,0.2708333333333333,0.9011734028683182,0.5795159776976778,40426.36487645792,7.039908413608578,0.781804858932352,4.408729771245563
NNYM_11-02-2025-11-47-05__Y-Maze_cs-p_female_control_1-98_Day1_lightsoff.hdf5,control,34,upright,721,0.5263888888888889,0.9037691820033784,0.4302856956201249,39930.01368192508,6.803099485126712,0.7983287139497691,4.87400878922169
NNYM_11-02-2025-11-47-05__Y-Maze_cs-p_female_control_1-98_Day1_lightsoff.hdf5,control,35,inverse,249,0.7096774193548387,1.0610967979389032,1.5420605813386394,19548.888289772483,4.591040402714015,0.6259593301632336,4.7881326797990855
NNYM_11-02-2025-11-47-05__Y-Maze_cs-p_female_control_1-98_Day1_lightsoff.hdf5,control,36,upright,1415,0.5396039603960396,0.7663080901347226,0.5052062596044407,54090.027570882055,9.034994658935318,0.8255289893820181,3.4511211580696735
NNYM_11-02-2025-11-47-05__Y-Maze_cs-p_female_control_1-98_Day1_lightsoff.hdf5,control,37,inverse,784,0.33205619412515963,0.916724542762231,0.6524991393183209,36901.14902350259,6.497850799340642,0.7635071505728768,3.954777300373371
NNYM_11-02-2025-11-47-05__Y-Maze_cs-p_female_control_1-98_Day1_lightsoff.hdf5,control,38,upright,970,0.39834881320949433,1.0000099524054669,0.35000430818826933,45693.55772803692,7.614277729666086,0.8227719252892135,4.3170466835756125
NNYM_11-02-2025-11-47-05__Y-Maze_cs-p_female_control_1-98_Day1_lightsoff.hdf5,control,39,inverse,875,0.47139588100686497,0.9538663561033696,0.4297642789785462,40407.441171488834,6.9317121469091125,0.7930081755325415,4.1445503377966
NNYM_11-02-2025-11-47-05__Y-Maze_cs-p_female_control_1-98_Day1_lightsoff.hdf5,control,40,upright,1017,0.5511811023622047,0.8522799609862093,0.588219314112379,41209.71268253884,7.188320540865387,0.778447214741187,3.678511815610856
NNYM_11-02-2025-11-47-05__Y-Maze_cs-p_female_control_1-98_Day1_lightsoff.hdf5,control,41,inverse,153,0.5855263157894737,0.9005205177539428,1.4571498376600902,20949.78790450665,5.112806646792329,0.6929891775663186,9.775165085944206
NNYM_11-02-2025-11-47-05__Y-Maze_cs-p_female_control_1-98_Day1_lightsoff.hdf5,control,42,upright,677,0.5591715976331361,1.02472171258649,1.1686618459161704,38633.83174137934,6.955514297691686,0.77033203355784,4.208635499974694
NNYM_11-02-2025-11-47-05__Y-Maze_cs-p_female_control_1-98_Day1_lightsoff.hdf5,control,43,inverse,1059,0.5293005671077504,0.8676911796394932,0.44460234406721527,49505.82475898745,8.3432702625527,0.8140192982496668,4.164905425585747
NNYM_11-02-2025-11-47-05__Y-Maze_cs-p_female_control_1-98_Day1_lightsoff.hdf5,control,44,upright,695,0.5129682997118156,1.0050050784709383,0.5021736465743964,36638.31837610202,6.255059185223611,0.7945313257070606,4.867092799634801
NNYM_11-02-2025-11-47-05__Y-Maze_cs-p_female_control_1-98_Day1_lightsoff.hdf5,control,45,inverse,961,0.5177083333333333,0.9751543536936287,0.6178589504249111,46888.08085646582,7.839267675552664,0.820605741447765,4.037306212520825
NNYM_11-02-2025-11-47-05__Y-Maze_cs-p_female_control_1-98_Day1_lightsoff.hdf5,control,46,upright,1294,0.5607115235885538,0.9709719260905457,0.35414700316698333,47278.57977873328,7.980935969165426,0.8109948732160177,3.229913226641464
NNYM_11-02-2025-11-47-05__Y-Maze_cs-p_female_control_1-98_Day1_lightsoff.hdf5,control,47,inverse,793,0.33585858585858586,0.9210004962703104,0.4643970342335263,38174.94491453461,6.594848991772356,0.7847735778832439,4.271725362816302
NNYM_11-02-2025-11-47-05__Y-Maze_cs-p_female_control_1-98_Day1_lightsoff.hdf5,control,48,upright,1379,0.4593613933236575,0.7822188879266523,0.43024284165939125,54435.07731428102,9.044194422180727,0.8289329199926949,3.563798783168089
NNYM_11-02-2025-11-47-05__Y-Maze_cs-p_female_control_1-98_Day1_lightsoff.hdf5,control,49,inverse,465,0.30603448275862066,1.01189123661114,0.453833289363041,34115.16459325984,5.802386445622278,0.7966909838657192,6.919206488120961
NNYM_11-02-2025-11-47-05__Y-Maze_cs-p_female_control_1-98_Day1_lightsoff.hdf5,control,50,upright,521,0.4461538461538462,0.982492857617434,0.5223243206670314,33584.796146684464,6.045530707040779,0.7458346490331927,5.453192363866073
NNYM_11-02-2025-11-47-05__Y-Maze_cs-p_female_control_1-98_Day1_lightsoff.hdf5,control,51,inverse,761,0.3526315789473684,0.9840335262534974,0.35218081869402285,39868.10559005271,6.806483042622832,0.7977892181657348,4.765910321267974
NNYM_11-02-2025-11-47-05__Y-Maze_cs-p_female_control_1-98_Day1_lightsoff.hdf5,control,52,upright,1326,0.3516981132075472,0.7502964597833282,0.5542602042659006,52912.30850862805,8.91843904424202,0.8145261002502906,3.5059337161015973
NNYM_11-02-2025-11-47-05__Y-Maze_cs-p_female_control_1-98_Day1_lightsoff.hdf5,control,53,inverse,915,0.5459518599562363,0.888114639656859,0.7610942633160696,41917.390149454804,7.13401328512073,0.80249844540661,3.5945408842010598
NNYM_11-02-2025-11-47-05__Y-Maze_cs-p_female_control_1-98_Day1_lightsoff.hdf5,control,54,upright,1251,0.56,1.0121733750636874,0.46320058621941035,50354.53724182939,8.404273996503212,0.824673628337406,3.675204820179388
NNYM_11-02-2025-11-47-05__Y-Maze_cs-p_female_control_1-98_Day1_lightsoff.hdf5,control,55,inverse,831,0.41807228915662653,0.8230631096548023,0.5320281377140086,43342.58740323966,7.501351729826405,0.8002547056280597,4.435373687784788
NNYM_11-02-2025-11-47-05__Y-Maze_cs-p_female_control_1-98_Day1_lightsoff.hdf5,control,56,upright,1036,0.5033816425120773,0.9787681750929859,0.6138547666898759,46788.295698029964,8.00785995489898,0.8021066817331383,3.9074998909254646
NNYM_11-02-2025-11-47-05__Y-Maze_cs-p_female_control_1-98_Day1_lightsoff.hdf5,control,57,inverse,791,0.6341772151898735,0.9396585237653768,0.6335971726088954,37311.93809679877,6.6802536971481725,0.7522776171197224,3.9233508277922464
NNYM_11-02-2025-11-47-05__Y-Maze_cs-p_female_control_1-98_Day1_lightsoff.hdf5,control,58,upright,767,0.4869451697127937,0.9496670094952689,0.4869513771045147,37876.02821458274,6.6114755739727045,0.7741833379926022,4.288159568035434
NNYM_11-02-2025-11-47-05__Y-Maze_cs-p_female_control_1-98_Day1_lightsoff.hdf5,control,59,inverse,489,0.6311475409836066,1.0496256196461538,1.0057887362296383,27188.905425447894,5.303423317343466,0.677918940999562,4.3379708514844175
NNYM_11-02-2025-11-47-05__Y-Maze_cs-p_female_control_1-98_Day1_lightsoff.hdf5,control,60,upright,899,0.48106904231625836,1.024880562772427,0.5120712003350588,44754.69538418751,7.601827153555292,0.8037146358406049,4.173610255436632
NNYM_11-02-2025-11-47-05__Y-Maze_cs-p_female_control_1-98_Day1_lightsoff.hdf5,control,61,unknown,2,,,,2798.3232693902182,5.0482976181847246,0.4640222730691073,
NNYM_11-02-2025-11-47-05__Y-Maze_cs-p_female_control_1-98_Day1_lightsoff.hdf5,control,62,upright,696,0.48201438848920863,0.9378128868147257,0.5125152770518482,27319.645966157572,7.3635879733500875,0.7987788420154213,3.443522587035313
NNYM_11-02-2025-11-47-05__Y-Maze_cs-p_female_control_1-98_Day1_lightsoff.hdf5,control,63,inverse,1020,0.4474975466143278,0.8641449847863264,0.3660673317114897,45876.05886381665,7.842862855640725,0.799016393442623,4.046877329797879
NNYM_11-02-2025-11-47-05__Y-Maze_cs-p_female_control_1-98_Day1_lightsoff.hdf5,control,64,upright,493,0.5873983739837398,1.0126092252461396,0.5808589741349809,29147.7678936073,5.401552604821969,0.7084709337063404,5.010097427961164
NNYM_11-02-2025-11-47-05__Y-Maze_cs-p_female_control_1-98_Day1_lightsoff.hdf5,control,65,unknown,1,,,,7104.558579429224,4.4625983310388895,0.4070671119543005,
NNYM_11-02-2025-11-47-05__Y-Maze_cs-p_female_control_1-98_Day1_lightsoff.hdf5,control,66,upright,527,0.4372623574144487,1.0063197358849534,0.604949076207703,33719.935779962514,6.1044413115469105,0.7430638763188814,5.879132684988535
NNYM_11-02-2025-11-47-05__Y-Maze_cs-p_female_control_1-98_Day1_lightsoff.hdf5,control,67,inverse,921,0.525,0.9730528715695659,0.44080239728639203,44077.79604756956,7.4819816561730494,0.8054997250830527,4.085628661380542
NNYM_11-02-2025-11-47-05__Y-Maze_cs-p_female_control_1-98_Day1_lightsoff.hdf5,control,68,upright,692,0.4703328509406657,0.9657187102119389,0.6055287249689562,37721.38534330234,6.48068495509538,0.7927986126064799,4.495696152817384
NNYM_11-02-2025-11-47-05__Y-Maze_cs-p_female_control_1-98_Day1_lightsoff.hdf5,control,69,inverse,471,0.3893617021276596,1.0806297848410642,0.9216745898206131,31813.47876545869,5.88440572552719,0.7463480141658546,5.0218302698692865
NNYM_11-02-2025-11-47-05__Y-Maze_cs-p_female_control_1-98_Day1_lightsoff.hdf5,control,70,upright,550,0.5901639344262295,0.8412236415247365,0.7144103378892713,33022.51710797999,5.927193535669018,0.7527428536849896,4.555489092986136
NNYM_11-02-2025-11-47-05__Y-Maze_cs-p_female_control_1-98_Day1_lightsoff.hdf5,control,71,unknown,3,,,0.5575064732083946,4229.423930262274,4.262957603379171,0.42855748671404365,
NNYM_11-02-2025-11-47-05__Y-Maze_cs-p_female_control_1-98_Day1_lightsoff.hdf5,control,72,upright,977,0.4293032786885246,0.7618986244356558,0.6522943755817346,46938.58145735017,8.26888354084031,0.7768278301886793,4.029655167476961
NNYM_11-02-2025-11-47-05__Y-Maze_cs-p_female_control_1-98_Day1_lightsoff.hdf5,control,73,inverse,976,0.4266666666666667,0.9296487005157348,0.46185603900797767,49025.42619774995,8.138225388161016,0.8286431487742245,4.335243713282756
NNYM_11-02-2025-11-47-05__Y-Maze_cs-p_female_control_1-98_Day1_lightsoff.hdf5,control,74,upright,1000,0.42042042042042044,0.8800074612585645,0.46372132906445607,46171.54677961657,7.749560078551799,0.8159587357634922,4.040895930680259
NNYM_11-02-2025-11-47-05__Y-Maze_cs-p_female_control_1-98_Day1_lightsoff.hdf5,control,75,inverse,412,0.5085158150851582,0.9368571260206895,0.6985708270044325,27684.00948157014,5.328346632972095,0.6783804928934672,5.69978512009412
NNYM_11-02-2025-11-47-05__Y-Maze_cs-p_female_control_1-98_Day1_lightsoff.hdf5,control,76,upright,966,0.37927461139896373,0.7975322612338238,0.4625194964180609,44942.97958268468,7.684255648371262,0.7982875058627278,4.121183392475088
NNYM_11-02-2025-11-47-05__Y-Maze_cs-p_female_control_1-98_Day1_lightsoff.hdf5,control,77,inverse,1751,0.5108571428571429,0.7470646556980359,0.6212048442156342,68914.86471334408,11.226112738211237,0.8504554492070098,3.483934128410726
NNYM_11-02-2025-11-47-05__Y-Maze_cs-p_female_control_1-98_Day1_lightsoff.hdf5,control,78,upright,969,0.5134297520661157,0.8568746408989641,0.6692312186967723,41818.16528537431,7.227806611102174,0.788026994324899,3.6985825186829233
NNYM_11-02-2025-11-47-05__Y-Maze_cs-p_female_control_1-98_Day1_lightsoff.hdf5,control,79,inverse,586,0.38290598290598293,0.8841042850231201,0.8930991672210311,29625.647797407655,5.646566852000395,0.7178272927042251,4.41254542619784
NNYM_11-02-2025-11-47-05__Y-Maze_cs-p_female_control_1-98_Day1_lightsoff.hdf5,control,80,unknown,1,,,,1526.2949828731944,4.2397748814730445,0.4379201265322262,
NNYM_11-02-2025-11-47-05__Y-Maze_cs-p_female_control_1-98_Day1_lightsoff.hdf5,control,81,inverse,293,0.4315068493150685,1.057647707504868,0.7222200188389698,22817.923164102285,5.388042371113254,0.6707503785065012,6.313301605081547
NNYM_11-02-2025-11-47-05__Y-Maze_cs-p_female_control_1-98_Day1_lightsoff.hdf5,control,82,upright,1206,0.5369294605809128,0.8752062666067636,0.5080840763289579,49701.15564216266,8.266515330313911,0.825570824719433,3.749658112472579
NNYM_11-02-2025-11-47-05__Y-Maze_cs-p_female_control_1-98_Day1_lightsoff.hdf5,control,83,inverse,620,0.4668820678513732,0.8938892994852614,1.4102546199750268,33273.24411218909,6.620193261045464,0.7637472805163531,4.14279095351108
NNYM_11-02-2025-11-47-05__Y-Maze_cs-p_female_control_1-98_Day1_lightsoff.hdf5,control,84,upright,1033,0.2877906976744186,0.9582569294360898,0.5204302954306785,47254.59530682027,7.935965078500316,0.8211091648826239,3.919889554649602
NNYM_11-02-2025-11-47-05__Y-Maze_cs-p_female_control_1-98_Day1_lightsoff.hdf5,control,85,inverse,683,0.436950146627566,0.9549796818075801,2.84707191791524,35965.89264312849,6.956356776552838,0.7531934646298659,3.9579370185129803
NNYM_11-02-2025-11-47-05__Y-Maze_cs-p_female_control_1-98_Day1_lightsoff.hdf5,control,86,upright,976,0.4605128205128205,0.8884983983809382,0.6074441854272146,47669.79413800452,8.067111609152642,0.809312710254048,4.145329465928512
NNYM_11-02-2025-11-47-05__Y-Maze_cs-p_female_control_1-98_Day1_lightsoff.hdf5,control,87,inverse,1228,0.48247758761206194,0.6778308396722499,0.44623178567488375,53115.32998643593,8.935601839951026,0.8198288493276885,3.888017219177695
NNYM_11-02-2025-11-47-05__Y-Maze_cs-p_female_control_1-98_Day1_lightsoff.hdf5,control,88,upright,744,0.288021534320323,0.9496686990436488,0.5873555821466045,39110.544774372305,6.7487353089680395,0.7877482861662858,4.551402253971679
NNYM_11-02-2025-11-47-05__Y-Maze_cs-p_female_control_1-98_Day1_lightsoff.hdf5,control,89,inverse,1357,0.4859882005899705,0.9276657858071932,0.38950596365366846,56639.674361066754,9.350264047355026,0.8353764272602376,3.794324684278079
NNYM_11-02-2025-11-47-05__Y-Maze_cs-p_female_control_1-98_Day1_lightsoff.hdf5,control,90,upright,731,0.5561643835616439,1.0530678704093712,0.505522837228236,39399.18874078305,6.693208582147816,0.805457369509008,4.844044187670409
NNYM_11-02-2025-11-47-05__Y-Maze_cs-p_female_control_1-98_Day1_lightsoff.hdf5,control,91,inverse,1692,0.4518036664695447,0.8791748105856859,0.7982929444524641,64360.95528524263,10.901784974802304,0.8150695243897071,3.3656707280091274
NNYM_11-02-2025-11-47-05__Y-Maze_cs-p_female_control_1-98_Day1_lightsoff.hdf5,control,92,upright,737,0.5584239130434783,0.8524552513874725,0.4732723190256838,35514.960272768774,6.310828734447785,0.7651504558420493,4.470945718113507
NNYM_11-02-2025-11-47-05__Y-Maze_cs-p_female_control_1-98_Day1_lightsoff.hdf5,control,93,inverse,804,0.34993773349937735,0.8687787024373999,0.5389578408367918,39582.85032756766,6.849139695879186,0.786814713612523,4.350109652369317
NNYM_11-02-2025-11-47-05__Y-Maze_cs-p_female_control_1-98_Day1_lightsoff.hdf5,control,94,upright,1159,0.43436960276338515,0.7545738861282942,0.5648676158316854,49240.09583798253,8.324956863222626,0.8107344436974246,3.86664456181046
NNYM_11-02-2025-11-47-05__Y-Maze_cs-p_female_control_1-98_Day1_lightsoff.hdf5,control,95,inverse,762,0.5032851511169514,1.202683497436658,0.49581389844114615,36799.375948654066,6.580038536419916,0.7595928847784916,4.358185426104727
NNYM_11-02-2025-11-47-05__Y-Maze_cs-p_female_control_1-98_Day1_lightsoff.hdf5,control,96,unknown,0,,,,,,,
NNYM_11-02-2025-11-47-05__Y-Maze_cs-p_female_control_1-98_Day1_lightsoff.hdf5,control,97,unknown,0,,,,,,,
NNYM_11-04-2025-19-32-37__Y-Maze_cs-p_female_control_1-98_Day1lightson.hdf5,control,0,upright,548,0.3583180987202925,0.9319759039146794,0.7516510786864563,26379.551373372517,5.704627810586468,0.5971637618826856,4.316163417743325
NNYM_11-04-2025-19-32-37__Y-Maze_cs-p_female_control_1-98_Day1lightson.hdf5,control,1,inverse,676,0.52,0.8262478125237769,0.6465329440828903,30303.181175341506,6.104003737495746,0.6455626152900185,3.9815861150881684
NNYM_11-04-2025-19-32-37__Y-Maze_cs-p_female_control_1-98_Day1lightson.hdf5,control,2,upright,244,0.48148148148148145,1.0013736263736261,2.5606983959675618,15796.089032573065,4.882002151894004,0.4643259349961103,4.458308284637581
NNYM_11-04-2025-19-32-37__Y-Maze_cs-p_female_control_1-98_Day1lightson.hdf5,control,3,inverse,463,0.5367965367965368,0.898575961473694,1.0861606985770362,24013.365892380898,5.3716942854663055,0.566683611366318,4.467126633278857
NNYM_11-04-2025-19-32-37__Y-Maze_cs-p_female_control_1-98_Day1lightson.hdf5,control,4,upright,147,0.821917808219178,1.0130282935455348,3.6539469178912225,9637.301232731228,4.781047257289716,0.4464850726946386,4.3309095104066255
NNYM_11-04-2025-19-32-37__Y-Maze_cs-p_female_control_1-98_Day1lightson.hdf5,control,5,inverse,352,0.31339031339031337,0.8564384868243788,2.7187716312801875,19820.920799665924,5.360749292231364,0.5398112783035107,4.377875682230302
NNYM_11-04-2025-19-32-37__Y-Maze_cs-p_female_control_1-98_Day1lightson.hdf5,control,6,upright,382,0.5879265091863517,0.8418222232531968,0.60534289444704,26688.060828695063,5.292721584788288,0.6451969636290822,5.984009620931357
NNYM_11-04-2025-19-32-37__Y-Maze_cs-p_female_control_1-98_Day1lightson.hdf5,control,7,inverse,55,0.5370370370370371,1.4418737800910866,1.5738246969842806,8475.936846724147,3.965836584266444,0.3213754093480202,8.23510233966087
NNYM_11-04-2025-19-32-37__Y-Maze_cs-p_female_control_1-98_Day1lightson.hdf5,control,8,upright,98,0.5051546391752577,1.0209418402777777,2.152301498002459,9029.810436442218,4.3264405524580605,0.39325500870644275,5.205651892074524
NNYM_11-04-2025-19-32-37__Y-Maze_cs-p_female_control_1-98_Day1lightson.hdf5,control,9,inverse,547,0.532967032967033,0.9066939652054901,0.8228306398586459,28058.476197246597,5.399257184707416,0.6701278227427712,4.271526229683154
NNYM_11-04-2025-19-32-37__Y-Maze_cs-p_female_control_1-98_Day1lightson.hdf5,control,10,upright,423,0.495260663507109,1.0072163843357074,0.7183418717773654,24126.91119134574,5.081177767709963,0.6030145449037759,4.720041253148324
NNYM_11-04-2025-19-32-37__Y-Maze_cs-p_female_control_1-98_Day1lightson.hdf5,control,11,inverse,734,0.519781718963165,0.9659929098083585,0.4486156469690569,33628.14631603874,6.189426762866852,0.7226482164989172,4.215683517176506
NNYM_11-04-2025-19-32-37__Y-Maze_cs-p_female_control_1-98_Day1lightson.hdf5,control,12,upright,90,0.9325842696629213,0.6326099853961296,1.5181839729687219,14455.098302477661,4.3785533018536,0.43093575363429726,12.424340644969334
NNYM_11-04-2025-19-32-37__Y-Maze_cs-p_female_control_1-98_Day1lightson.hdf5,control,13,unknown,0,,,,,,,
NNYM_11-04-2025-19-32-37__Y-Maze_cs-p_female_control_1-98_Day1lightson.hdf5,control,14,upright,5,0.75,0.8888888888888888,1.5962559019681863,2336.6575984370975,3.916386559418771,0.21243773697122892,9.473718465027096
NNYM_11-04-2025-19-32-37__Y-Maze_cs-p_female_control_1-98_Day1lightson.hdf5,control,15,inverse,67,0.5,1.1076923076923078,1.6618363824822073,8693.328290376598,3.8543874075342597,0.29918606901846023,5.274120232342186
NNYM_11-04-2025-19-32-37__Y-Maze_cs-p_female_control_1-98_Day1lightson.hdf5,control,16,upright,591,0.4101694915254237,0.9263349495186038,0.5230283617900898,30645.66781001586,6.028531495522936,0.6612960006177704,4.752588757717518
NNYM_11-04-2025-19-32-37__Y-Maze_cs-p_female_control_1-98_Day1lightson.hdf5,control,17,inverse,489,0.42008196721311475,0.9061056750705803,0.7484905431551083,33004.58608835738,6.291502546918897,0.6921527713130331,4.8956839031922526
NNYM_11-04-2025-19-32-37__Y-Maze_cs-p_female_control_1-98_Day1lightson.hdf5,control,18,unknown,3,,,0.8671259358688265,5158.298140710244,5.262166523684575,0.2611365887266934,
NNYM_11-04-2025-19-32-37__Y-Maze_cs-p_female_control_1-98_Day1lightson.hdf5,control,19,inverse,162,0.515527950310559,1.3012550200803212,0.930461191599544,25701.86350564238,5.63308632059037,0.5819041812084507,10.60535766880574
NNYM_11-04-2025-19-32-37__Y-Maze_cs-p_female_control_1-98_Day1lightson.hdf5,control,20,upright,522,0.46257197696737046,0.994031522160412,0.6441185438614575,31607.934640407733,6.594038801665809,0.6332878450634596,5.351337815530968
NNYM_11-04-2025-19-32-37__Y-Maze_cs-p_female_control_1-98_Day1lightson.hdf5,control,21,inverse,496,0.5070707070707071,1.028545769136899,0.6723010036564067,31944.441284190005,6.506125939783435,0.6525819456377323,5.643916215392002
NNYM_11-04-2025-19-32-37__Y-Maze_cs-p_female_control_1-98_Day1lightson.hdf5,control,22,upright,709,0.3559322033898305,0.8761330483209437,0.8259433210708891,33362.96824451781,6.813643691581653,0.650690584682075,4.135046074390635
NNYM_11-04-2025-19-32-37__Y-Maze_cs-p_female_control_1-98_Day1lightson.hdf5,control,23,inverse,609,0.4506578947368421,0.9249882970743657,0.6678393278557468,34340.34991639929,6.741211555557136,0.6802285709077901,4.9457609916890615
NNYM_11-04-2025-19-32-37__Y-Maze_cs-p_female_control_1-98_Day1lightson.hdf5,control,24,upright,506,0.37425742574257426,0.8302892379017556,1.0223783302842995,25097.86341657426,5.655218998917166,0.5798689200252185,4.233815751265861
NNYM_11-04-2025-19-32-37__Y-Maze_cs-p_female_control_1-98_Day1lightson.hdf5,control,25,inverse,857,0.5537383177570093,0.8069824563987269,0.6683692673504968,37166.16741880721,6.8224530820141975,0.7285479521703998,3.793668264942749
NNYM_11-04-2025-19-32-37__Y-Maze_cs-p_female_control_1-98_Day1lightson.hdf5,control,26,upright,523,0.5555555555555556,1.228214971209213,0.45133882113795254,27105.757682394644,5.527104274942219,0.6259716672720669,4.877257888171761
NNYM_11-04-2025-19-32-37__Y-Maze_cs-p_female_control_1-98_Day1lightson.hdf5,control,27,inverse,347,0.5982658959537572,1.0612815859473732,2.495409188677073,19848.616966985064,6.035693443722079,0.6040893522159324,4.754428624761273
NNYM_11-04-2025-19-32-37__Y-Maze_cs-p_female_control_1-98_Day1lightson.hdf5,control,28,upright,442,0.5396825396825397,0.9880416743499908,1.228621541674863,24627.49385869516,5.403337886964241,0.5985418165945047,4.669974534992795
NNYM_11-04-2025-19-32-37__Y-Maze_cs-p_female_control_1-98_Day1lightson.hdf5,control,29,inverse,168,0.49700598802395207,1.108473480842475,1.3290546513402655,17137.545243034598,4.486951457311525,0.46661351503926946,6.977895237289121
NNYM_11-04-2025-19-32-37__Y-Maze_cs-p_female_control_1-98_Day1lightson.hdf5,control,30,upright,1035,0.2640232108317215,0.7398095033816616,0.5055423152647158,41974.980713605066,7.855092399348073,0.7212500312530543,3.6230086990918426
NNYM_11-04-2025-19-32-37__Y-Maze_cs-p_female_control_1-98_Day1lightson.hdf5,control,31,inverse,800,0.5919899874843555,0.8508554294723958,0.5451434923354973,40405.18033798377,7.452792892912548,0.7308106096027527,4.550056406316014
NNYM_11-04-2025-19-32-37__Y-Maze_cs-p_female_control_1-98_Day1lightson.hdf5,control,32,upright,472,0.34394904458598724,0.7873302501013717,1.0537149607377962,23468.90421276365,6.372028323877387,0.5570442451780664,3.927948158128018
NNYM_11-04-2025-19-32-37__Y-Maze_cs-p_female_control_1-98_Day1lightson.hdf5,control,33,inverse,311,0.3903225806451613,1.0199502697296168,2.7111558871311203,19488.359206185378,5.607333108505098,0.4365031772591425,4.1784480727390125
NNYM_11-04-2025-19-32-37__Y-Maze_cs-p_female_control_1-98_Day1lightson.hdf5,control,34,upright,614,0.43230016313213704,0.8122771562177968,0.5936392650327531,29494.186025609008,6.337401465822995,0.6148710807468806,4.290703911762132
NNYM_11-04-2025-19-32-37__Y-Maze_cs-p_female_control_1-98_Day1lightson.hdf5,control,35,inverse,193,0.3958333333333333,1.0070599861270797,0.8933888347855911,24883.597414517928,5.739285849940215,0.5655680973016346,7.932452760299389
NNYM_11-04-2025-19-32-37__Y-Maze_cs-p_female_control_1-98_Day1lightson.hdf5,control,36,upright,111,0.45454545454545453,1.0915902140672784,1.4675999928563919,16275.444405015041,5.116021048938174,0.4061409543489113,8.974453475195368
NNYM_11-04-2025-19-32-37__Y-Maze_cs-p_female_control_1-98_Day1lightson.hdf5,control,37,inverse,564,0.7104795737122558,1.0164142496124708,0.7442359599577107,27388.09383422444,6.284187249024867,0.5809347923399807,4.284281530205899
NNYM_11-04-2025-19-32-37__Y-Maze_cs-p_female_control_1-98_Day1lightson.hdf5,control,38,upright,261,0.5653846153846154,1.0527517119534457,1.4703174814774846,23343.49728747648,5.871226012817686,0.5397379442354341,6.186084339777583
NNYM_11-04-2025-19-32-37__Y-Maze_cs-p_female_control_1-98_Day1lightson.hdf5,control,39,inverse,552,0.3720508166969147,0.821037527395768,0.6713012933094141,26498.43125580783,5.8260817596876375,0.5851655586674697,4.119020664719235
NNYM_11-04-2025-19-32-37__Y-Maze_cs-p_female_control_1-98_Day1lightson.hdf5,control,40,upright,277,0.43478260869565216,1.0062097902097902,2.12864669260501,18589.68920516535,4.888737903775478,0.49964631583232827,5.264559613477025
NNYM_11-04-2025-19-32-37__Y-Maze_cs-p_female_control_1-98_Day1lightson.hdf5,control,41,inverse,540,0.4972170686456401,0.9665726942183143,0.9685643146618729,30640.555335779376,6.450455623035069,0.6190769780841886,5.240449161920749
NNYM_11-04-2025-19-32-37__Y-Maze_cs-p_female_control_1-98_Day1lightson.hdf5,control,42,upright,596,0.45546218487394957,0.8450891712901415,1.630027041143408,28351.73566576488,6.105780108229839,0.6034629746653645,4.024222072039037
NNYM_11-04-2025-19-32-37__Y-Maze_cs-p_female_control_1-98_Day1lightson.hdf5,control,43,inverse,561,0.45714285714285713,1.0380378495433573,1.0288887096901025,28200.4679585862,5.83507122373833,0.6251044458548123,4.250341460231402
NNYM_11-04-2025-19-32-37__Y-Maze_cs-p_female_control_1-98_Day1lightson.hdf5,control,44,upright,255,0.35039370078740156,0.9550709834051311,0.875311120515677,19321.3409606925,4.938060332293354,0.5003969368095962,5.493480694837327
NNYM_11-04-2025-19-32-37__Y-Maze_cs-p_female_control_1-98_Day1lightson.hdf5,control,45,inverse,4,0.6666666666666666,1.125,1.3199595764710315,3915.1166440651978,6.02399648944147,0.18294087802548722,13.221160197884826
NNYM_11-04-2025-19-32-37__Y-Maze_cs-p_female_control_1-98_Day1lightson.hdf5,control,46,upright,197,0.336734693877551,0.8610363994979381,4.157488465914787,12567.911496668814,5.12366123476334,0.4193339704954911,4.682655497598589
NNYM_11-04-2025-19-32-37__Y-Maze_cs-p_female_control_1-98_Day1lightson.hdf5,control,47,inverse,334,0.3303303303303303,0.9327030707419979,1.4520171775108397,19808.4828499891,4.9987320720101565,0.5071636656017598,4.7203245112715955
NNYM_11-04-2025-19-32-37__Y-Maze_cs-p_female_control_1-98_Day1lightson.hdf5,control,48,upright,334,0.3963963963963964,0.9756231506759738,0.7087722621196305,30094.62658245069,6.008508108787755,0.6606529386352883,7.10990170830676
NNYM_11-04-2025-19-32-37__Y-Maze_cs-p_female_control_1-98_Day1lightson.hdf5,control,49,inverse,223,0.5135135135135135,0.905638908734884,1.5644104066369773,16931.214890976727,4.98696239057616,0.46001083877198257,5.543458168987566
NNYM_11-04-2025-19-32-37__Y-Maze_cs-p_female_control_1-98_Day1lightson.hdf5,control,50,upright,3,1.0,,0.06042307018333966,3955.0971777750347,5.091737368069099,0.19475810915531938,
NNYM_11-04-2025-19-32-37__Y-Maze_cs-p_female_control_1-98_Day1lightson.hdf5,control,51,inverse,792,0.3868520859671302,0.8191644384057508,0.3991554782046986,30223.358863602563,6.780628913613621,0.5779372508075602,3.4516746154373372
NNYM_11-04-2025-19-32-37__Y-Maze_cs-p_female_control_1-98_Day1lightson.hdf5,control,52,upright,422,0.5795724465558195,0.9380436364598632,0.9993174897417756,24974.56094603504,5.746548995374087,0.5551848007934663,4.6591572903733685
NNYM_11-04-2025-19-32-37__Y-Maze_cs-p_female_control_1-98_Day1lightson.hdf5,control,53,inverse,420,0.522673031026253,1.0356223372878024,0.8518509895560941,31087.003701356778,6.389521506086744,0.6374616376868634,6.182187929519809
NNYM_11-04-2025-19-32-37__Y-Maze_cs-p_female_control_1-98_Day1lightson.hdf5,control,54,upright,437,0.5619266055045872,0.9151880604200517,2.922553344169684,21428.202099535036,5.958861976074355,0.5188253112620638,3.5324249437830377
NNYM_11-04-2025-19-32-37__Y-Maze_cs-p_female_control_1-98_Day1lightson.hdf5,control,55,inverse,191,0.48947368421052634,1.037496869444547,2.0879558816745396,16113.571977224594,4.774283224992481,0.514150198536315,6.398282212251127
NNYM_11-04-2025-19-32-37__Y-Maze_cs-p_female_control_1-98_Day1lightson.hdf5,control,56,upright,258,0.46303501945525294,1.0054956765314822,4.116646272048843,16858.561057921135,5.666639893489946,0.5410662872113358,4.540709727881687
NNYM_11-04-2025-19-32-37__Y-Maze_cs-p_female_control_1-98_Day1lightson.hdf5,control,57,inverse,277,0.4927536231884058,0.9311046600458363,1.2007966469959408,18172.332681198965,4.715049728426726,0.46073880415440177,4.807456748399853
NNYM_11-04-2025-19-32-37__Y-Maze_cs-p_female_control_1-98_Day1lightson.hdf5,control,58,upright,105,0.38461538461538464,1.0254854368932038,1.6206288420321484,9699.30212853978,5.720230121572555,0.38911395211981137,4.472135923414978
NNYM_11-04-2025-19-32-37__Y-Maze_cs-p_female_control_1-98_Day1lightson.hdf5,control,59,inverse,342,0.4340175953079179,0.9159510222657892,1.8303525322108951,20363.082736175074,5.42555172104405,0.4974633499496599,4.87862619853617
NNYM_11-04-2025-19-32-37__Y-Maze_cs-p_female_control_1-98_Day1lightson.hdf5,control,60,upright,302,0.4418604651162791,0.9123355263157895,1.5645417168216258,19109.380895949987,5.394901822605409,0.45076558626212637,5.117766065639781
NNYM_11-04-2025-19-32-37__Y-Maze_cs-p_female_control_1-98_Day1lightson.hdf5,control,61,inverse,146,0.4482758620689655,1.1512086004273505,0.9632659463498516,18786.52121203175,4.998792633889067,0.45544068898352724,9.467517867399915
NNYM_11-04-2025-19-32-37__Y-Maze_cs-p_female_control_1-98_Day1lightson.hdf5,control,62,upright,248,0.44129554655870445,0.9727589308202615,2.6608120848144012,22127.002020824166,5.801048787445393,0.556228945791225,6.994588799744784
NNYM_11-04-2025-19-32-37__Y-Maze_cs-p_female_control_1-98_Day1lightson.hdf5,control,63,inverse,14,0.6153846153846154,1.584375,2.774819331917436,5128.876277543512,4.299742983009019,0.20932974941472296,5.928065608703765
NNYM_11-04-2025-19-32-37__Y-Maze_cs-p_female_control_1-98_Day1lightson.hdf5,control,64,upright,314,0.5654952076677316,0.9131033715094035,3.0040319511061284,20564.51531493003,5.759113197814057,0.48947502790807107,5.074065030114962
NNYM_11-04-2025-19-32-37__Y-Maze_cs-p_female_control_1-98_Day1lightson.hdf5,control,65,inverse,347,0.8526011560693642,0.9687020099122922,0.543083549985117,23546.150646566108,5.103317133096906,0.5812038149321103,5.682461496379496
NNYM_11-04-2025-19-32-37__Y-Maze_cs-p_female_control_1-98_Day1lightson.hdf5,control,66,unknown,1,,,,12.822094017244076,5.901569734781622,0.0788699234844026,
NNYM_11-04-2025-19-32-37__Y-Maze_cs-p_female_control_1-98_Day1lightson.hdf5,control,67,inverse,110,0.42201834862385323,1.0439111903483884,1.9094647462992016,14091.56705018206,4.630196727659201,0.39816880077103123,6.654631781043885
NNYM_11-04-2025-19-32-37__Y-Maze_cs-p_female_control_1-98_Day1lightson.hdf5,control,68,upright,190,0.5079365079365079,1.0215339739190117,2.6372260121483375,14225.892309586985,4.864666431441498,0.480372794073072,5.226491748595245
NNYM_11-04-2025-19-32-37__Y-Maze_cs-p_female_control_1-98_Day1lightson.hdf5,control,69,inverse,465,0.5862068965517241,1.0462192436369797,0.9257161917287237,25127.41235773747,5.293835664764905,0.6099712425656152,4.659185064322872
NNYM_11-04-2025-19-32-37__Y-Maze_cs-p_female_control_1-98_Day1lightson.hdf5,control,70,unknown,0,,,,,,,
NNYM_11-04-2025-19-32-37__Y-Maze_cs-p_female_control_1-98_Day1lightson.hdf5,control,71,unknown,0,,,,,,,
NNYM_11-04-2025-19-32-37__Y-Maze_cs-p_female_control_1-98_Day1lightson.hdf5,control,72,upright,70,0.6376811594202898,0.7001470588235293,1.101766609326157,12779.851750143684,4.0223109309836,0.3687853748520718,11.073006306468674
NNYM_11-04-2025-19-32-37__Y-Maze_cs-p_female_control_1-98_Day1lightson.hdf5,control,73,inverse,145,0.4513888888888889,1.0730799871987797,3.0986038242397336,10188.596830244971,4.905583495229793,0.3674027714363138,3.6549667157831873
NNYM_11-04-2025-19-32-37__Y-Maze_cs-p_female_control_1-98_Day1lightson.hdf5,control,74,upright,482,0.5904365904365905,0.8227496775279426,1.6850214958331444,22685.85042598509,6.308540544101439,0.5287329389022318,3.9492732181276793
NNYM_11-04-2025-19-32-37__Y-Maze_cs-p_female_control_1-98_Day1lightson.hdf5,control,75,inverse,175,0.6149425287356322,0.9276356051303097,1.5703543134323827,12225.933037277056,4.556428707455768,0.3810392824929355,5.068514640864864
NNYM_11-04-2025-19-32-37__Y-Maze_cs-p_female_control_1-98_Day1lightson.hdf5,control,76,upright,453,0.5176991150442478,0.9635133022915525,2.7103657654382833,24411.001342930627,6.32557068011106,0.575148050094327,4.559863124102886
NNYM_11-04-2025-19-32-37__Y-Maze_cs-p_female_control_1-98_Day1lightson.hdf5,control,77,inverse,57,0.5892857142857143,0.9765959995209007,1.6105743345503798,10183.90701529601,4.660069168271411,0.3133791889135901,8.025159766061755
NNYM_11-04-2025-19-32-37__Y-Maze_cs-p_female_control_1-98_Day1lightson.hdf5,control,78,upright,12,0.18181818181818182,0.6722222222222223,1.501706575594382,2478.721911165363,4.3419564552024505,0.18704063263974594,6.137641896650245
NNYM_11-04-2025-19-32-37__Y-Maze_cs-p_female_control_1-98_Day1lightson.hdf5,control,79,inverse,138,0.6423357664233577,1.0721814293899377,3.09549009236217,11463.425098986021,4.79255124442926,0.3904421540365149,5.679969345821021
NNYM_11-04-2025-19-32-37__Y-Maze_cs-p_female_control_1-98_Day1lightson.hdf5,control,80,upright,60,0.576271186440678,1.0238235294117648,1.6409842551941636,7217.571059366943,4.394727125728081,0.3003518985142063,5.829976056288655
NNYM_11-04-2025-19-32-37__Y-Maze_cs-p_female_control_1-98_Day1lightson.hdf5,control,81,inverse,263,0.44274809160305345,1.0948140124552745,2.6310098759861695,17369.67126852675,5.075207737015788,0.5013796365643107,4.735866896713851
NNYM_11-04-2025-19-32-37__Y-Maze_cs-p_female_control_1-98_Day1lightson.hdf5,control,82,upright,61,0.6,1.1652542372881356,1.6580491408088596,7983.249412114523,3.9625759454336698,0.3493014615511704,6.413786501227628
NNYM_11-04-2025-19-32-37__Y-Maze_cs-p_female_control_1-98_Day1lightson.hdf5,control,83,inverse,178,0.4067796610169492,0.9889204545454546,2.5482368506383177,16958.140621838425,4.914345267275697,0.5172952515685614,7.180061654808367
NNYM_11-04-2025-19-32-37__Y-Maze_cs-p_female_control_1-98_Day1lightson.hdf5,control,84,unknown,0,,,,,,,
NNYM_11-04-2025-19-32-37__Y-Maze_cs-p_female_control_1-98_Day1lightson.hdf5,control,85,unknown,0,,,,,,,
NNYM_11-04-2025-19-32-37__Y-Maze_cs-p_female_control_1-98_Day1lightson.hdf5,control,86,upright,347,0.41329479768786126,0.9264089234104227,3.3172323278513254,17935.200429193563,5.555158071447004,0.5444701112724356,3.956376472085889
NNYM_11-04-2025-19-32-37__Y-Maze_cs-p_female_control_1-98_Day1lightson.hdf5,control,87,inverse,392,0.33248081841432225,0.9589216864283177,1.0162802982451928,21042.506476631497,5.154551066492704,0.4992080831419534,4.4466574825490675
NNYM_11-04-2025-19-32-37__Y-Maze_cs-p_female_control_1-98_Day1lightson.hdf5,control,88,upright,18,0.47058823529411764,1.12890625,1.2396729895707757,4188.726127615463,3.973867094634189,0.2666224112124951,5.404973592108915
NNYM_11-04-2025-19-32-37__Y-Maze_cs-p_female_control_1-98_Day1lightson.hdf5,control,89,inverse,46,0.4666666666666667,0.8218344155844156,2.8164511399915204,5658.919801345528,3.887141216491394,0.30624983825470353,5.495409880061238
NNYM_11-04-2025-19-32-37__Y-Maze_cs-p_female_control_1-98_Day1lightson.hdf5,control,90,upright,212,0.4028436018957346,0.8709812814014496,2.8386093275073283,16557.633927357514,4.950927050660896,0.49738610261160326,5.342167849590627
NNYM_11-04-2025-19-32-37__Y-Maze_cs-p_female_control_1-98_Day1lightson.hdf5,control,91,inverse,16,0.4666666666666667,2.0089285714285716,1.428906510717487,3808.500167290379,3.7892106799224536,0.23684657162253903,9.526170798385557
NNYM_11-04-2025-19-32-37__Y-Maze_cs-p_female_control_1-98_Day1lightson.hdf5,control,92,upright,283,0.4858156028368794,1.0542292144573737,3.331605852270085,18366.391861409735,5.4859909979829276,0.48380184041346275,4.363757993266489
NNYM_11-04-2025-19-32-37__Y-Maze_cs-p_female_control_1-98_Day1lightson.hdf5,control,93,inverse,500,0.35470941883767537,0.8948346285447083,2.6536541730398375,23960.236785839443,5.899348497739245,0.5906250409744712,3.956427571817909
NNYM_11-04-2025-19-32-37__Y-Maze_cs-p_female_control_1-98_Day1lightson.hdf5,control,94,upright,388,0.5633074935400517,0.9478376081814712,2.564680181688342,19909.373085218453,5.40017059075476,0.5482229988313939,3.959221682604358
NNYM_11-04-2025-19-32-37__Y-Maze_cs-p_female_control_1-98_Day1lightson.hdf5,control,95,inverse,10,0.4444444444444444,1.0125,1.1385004948796758,5700.247908274913,4.2080104841716315,0.2113978362176921,9.634306869488025
NNYM_11-04-2025-19-32-37__Y-Maze_cs-p_female_control_1-98_Day1lightson.hdf5,control,96,unknown,0,,,,,,,
NNYM_11-04-2025-19-32-37__Y-Maze_cs-p_female_control_1-98_Day1lightson.hdf5,control,97,unknown,0,,,,,,,
NNYM_11-04-2025-21-36-50__Y-Maze_cs-p_female_control_1-98_Day1_lightsoff.hdf5,control,0,upright,809,0.400990099009901,0.8512218425477409,0.6681267719020705,39391.21365807086,6.495454749869001,0.8326807418877828,4.390165392345937
NNYM_11-04-2025-21-36-50__Y-Maze_cs-p_female_control_1-98_Day1_lightsoff.hdf5,control,1,inverse,663,0.5498489425981873,0.9198846493595145,0.9535053542448777,34895.25310896202,5.961752653150403,0.7899090733632134,4.378113423661786
NNYM_11-04-2025-21-36-50__Y-Maze_cs-p_female_control_1-98_Day1_lightsoff.hdf5,control,2,upright,270,0.5762081784386617,1.0008627279561446,1.1349785428075108,22527.269431641314,4.346637230340578,0.7044055607463405,5.458711776457582
NNYM_11-04-2025-21-36-50__Y-Maze_cs-p_female_control_1-98_Day1_lightsoff.hdf5,control,3,inverse,568,0.6437389770723104,0.8551226924328525,0.7408088168332551,29453.09520728418,5.228946445053362,0.7461550675066538,4.341545586311219
NNYM_11-04-2025-21-36-50__Y-Maze_cs-p_female_control_1-98_Day1_lightsoff.hdf5,control,4,upright,91,0.7333333333333333,1.1204034729315626,3.966820658758389,5733.098461655005,4.729722366552419,0.6899623766593312,4.877049351787956
NNYM_11-04-2025-21-36-50__Y-Maze_cs-p_female_control_1-98_Day1_lightsoff.hdf5,control,5,inverse,312,0.3954983922829582,0.9714682692468656,2.712968606466342,19463.819921700342,4.936857533655177,0.6977181148942729,4.05648463078432
NNYM_11-04-2025-21-36-50__Y-Maze_cs-p_female_control_1-98_Day1_lightsoff.hdf5,control,6,upright,451,0.5777777777777777,1.0590335698763784,0.7480436811057636,32632.874896003286,5.620235726803538,0.7832525303616493,5.855544279535945
NNYM_11-04-2025-21-36-50__Y-Maze_cs-p_female_control_1-98_Day1_lightsoff.hdf5,control,7,inverse,278,0.3574007220216607,0.9150045480040594,4.338240661413965,17183.769572843154,4.880082390924741,0.7268879105993904,4.028693446359824
NNYM_11-04-2025-21-36-50__Y-Maze_cs-p_female_control_1-98_Day1_lightsoff.hdf5,control,8,upright,799,0.47619047619047616,0.8853199498117943,1.2563069202176966,37037.97788973956,6.329379243481592,0.7980424574737507,3.9248907324019813
NNYM_11-04-2025-21-36-50__Y-Maze_cs-p_female_control_1-98_Day1_lightsoff.hdf5,control,9,inverse,773,0.6062176165803109,0.8638889326478923,0.7897082111339709,35241.169837540656,5.883834180253983,0.8150241979234368,3.8556615070847697
NNYM_11-04-2025-21-36-50__Y-Maze_cs-p_female_control_1-98_Day1_lightsoff.hdf5,control,10,upright,249,0.4314516129032258,1.0067771567284916,5.774706155846257,16201.337608618007,4.922845413263201,0.7557870692776958,4.855972464177356
NNYM_11-04-2025-21-36-50__Y-Maze_cs-p_female_control_1-98_Day1_lightsoff.hdf5,control,11,inverse,1008,0.5948361469712016,0.8908974709144719,0.7225853193931917,43028.8966891099,6.942944657409983,0.8490797906587197,3.835980025138767
NNYM_11-04-2025-21-36-50__Y-Maze_cs-p_female_control_1-98_Day1_lightsoff.hdf5,control,12,upright,364,0.9944903581267218,1.0083179014707557,0.4843163650194404,30280.03879386538,5.392077907032233,0.7645203600700983,7.424468940262518
NNYM_11-04-2025-21-36-50__Y-Maze_cs-p_female_control_1-98_Day1_lightsoff.hdf5,control,13,unknown,0,,,,,,,
NNYM_11-04-2025-21-36-50__Y-Maze_cs-p_female_control_1-98_Day1_lightsoff.hdf5,control,14,upright,57,0.3392857142857143,0.9732833311780679,4.330581919193714,5214.402147842721,4.835974613094815,0.7020403814394545,4.186757631259942
NNYM_11-04-2025-21-36-50__Y-Maze_cs-p_female_control_1-98_Day1_lightsoff.hdf5,control,15,inverse,231,0.508695652173913,0.9085717475407161,3.3846717405966342,14127.53974819248,5.006217018455694,0.705285998495016,3.981830461865762
NNYM_11-04-2025-21-36-50__Y-Maze_cs-p_female_control_1-98_Day1_lightsoff.hdf5,control,16,upright,527,0.4144486692015209,0.8672958190782568,0.7191774917077197,28941.32480069146,5.223255519408293,0.7381821834758268,4.732120930930798
NNYM_11-04-2025-21-36-50__Y-Maze_cs-p_female_control_1-98_Day1_lightsoff.hdf5,control,17,inverse,548,0.5978062157221207,1.0474041121976903,1.3978473230701962,33254.501575741684,5.802286177698382,0.7902557989779002,4.876621624628826
NNYM_11-04-2025-21-36-50__Y-Maze_cs-p_female_control_1-98_Day1_lightsoff.hdf5,control,18,upright,93,0.5978260869565217,1.1197883197883198,3.302204349649426,6922.326760237785,4.574372579534261,0.6675772771499139,4.773133868796584
NNYM_11-04-2025-21-36-50__Y-Maze_cs-p_female_control_1-98_Day1_lightsoff.hdf5,control,19,inverse,137,0.49264705882352944,1.1261694746877529,0.7981363897764674,25351.88101529845,4.674716692756943,0.7082605670221724,11.60101739940875
NNYM_11-04-2025-21-36-50__Y-Maze_cs-p_female_control_1-98_Day1_lightsoff.hdf5,control,20,upright,689,0.39680232558139533,0.8696518659374449,0.6910430565335156,35456.724291909835,5.964277868367335,0.8046548418667632,4.34262843895111
NNYM_11-04-2025-21-36-50__Y-Maze_cs-p_female_control_1-98_Day1_lightsoff.hdf5,control,21,inverse,734,0.6152796725784447,0.9234028288534145,0.7469731904657205,37970.52440882651,6.321788862083658,0.8200805929839539,4.42533130621954
NNYM_11-04-2025-21-36-50__Y-Maze_cs-p_female_control_1-98_Day1_lightsoff.hdf5,control,22,upright,758,0.47424042272126815,0.8859493911022446,0.7652926258261241,36258.57857660862,6.289391272758759,0.7803746255497106,4.193043742624421
NNYM_11-04-2025-21-36-50__Y-Maze_cs-p_female_control_1-98_Day1_lightsoff.hdf5,control,23,inverse,807,0.5186104218362283,0.9503849779699647,0.508285395445002,38249.131986841705,6.359605514901057,0.8161838241979217,4.209506919368128
NNYM_11-04-2025-21-36-50__Y-Maze_cs-p_female_control_1-98_Day1_lightsoff.hdf5,control,24,upright,629,0.4538216560509554,0.910477476117139,1.2387539082558086,31551.818700827207,5.553387744929042,0.7750349311903402,3.9071116991264225
NNYM_11-04-2025-21-36-50__Y-Maze_cs-p_female_control_1-98_Day1_lightsoff.hdf5,control,25,inverse,963,0.47401247401247404,0.8555891292189294,0.4056393862663519,41870.65458418594,6.801747801989329,0.8414024798972363,3.97718636551623
NNYM_11-04-2025-21-36-50__Y-Maze_cs-p_female_control_1-98_Day1_lightsoff.hdf5,control,26,upright,605,0.5447019867549668,0.9729509952310842,0.527109428176548,32714.35577906792,5.4995995363152055,0.8039819678410427,4.954166243994718
NNYM_11-04-2025-21-36-50__Y-Maze_cs-p_female_control_1-98_Day1_lightsoff.hdf5,control,27,inverse,602,0.6555740432612313,0.8636086588685351,0.7644538954834952,38792.8775804442,6.645537461429128,0.8334118416385884,5.578443324528829
NNYM_11-04-2025-21-36-50__Y-Maze_cs-p_female_control_1-98_Day1_lightsoff.hdf5,control,28,upright,535,0.49063670411985016,0.9984739774775039,0.5028508033717023,31563.18662537806,5.366975511082558,0.793137257528309,5.009513217733528
NNYM_11-04-2025-21-36-50__Y-Maze_cs-p_female_control_1-98_Day1_lightsoff.hdf5,control,29,inverse,121,0.6166666666666667,1.0842409819391918,2.1511441057189544,14146.829429080579,4.130143133652763,0.6112733529602121,5.9763804936602565
NNYM_11-04-2025-21-36-50__Y-Maze_cs-p_female_control_1-98_Day1_lightsoff.hdf5,control,30,upright,1193,0.47231543624161076,0.798417514034353,0.444161111088943,49971.199441494,7.9592617320896935,0.8646243340656048,3.71282961017749
NNYM_11-04-2025-21-36-50__Y-Maze_cs-p_female_control_1-98_Day1_lightsoff.hdf5,control,31,inverse,1061,0.590566037735849,0.8201079132384803,0.4937454520936376,46314.623490574086,7.546690981267815,0.8398249195677502,3.9059352730265173
NNYM_11-04-2025-21-36-50__Y-Maze_cs-p_female_control_1-98_Day1_lightsoff.hdf5,control,32,upright,475,0.459915611814346,1.021363490893574,1.513019454630358,28482.374278049254,5.247638026160384,0.7204188282483511,4.192067472125168
NNYM_11-04-2025-21-36-50__Y-Maze_cs-p_female_control_1-98_Day1_lightsoff.hdf5,control,33,inverse,798,0.4755332496863237,0.8034313439855856,0.7717022084359904,38133.14345649928,6.390064982775108,0.8119242792170331,4.066558557299992
NNYM_11-04-2025-21-36-50__Y-Maze_cs-p_female_control_1-98_Day1_lightsoff.hdf5,control,34,upright,776,0.5148387096774194,0.7913946946783088,0.5535264660566779,36991.68729709572,6.16944735403192,0.8116546516536898,4.269134059026051
NNYM_11-04-2025-21-36-50__Y-Maze_cs-p_female_control_1-98_Day1_lightsoff.hdf5,control,35,inverse,169,0.3333333333333333,0.902694610778443,1.1078125864037935,27887.19944029868,4.895009901758054,0.7571387444204386,10.996742798608791
NNYM_11-04-2025-21-36-50__Y-Maze_cs-p_female_control_1-98_Day1_lightsoff.hdf5,control,36,upright,191,0.4105263157894737,1.038547541523732,0.9342433363155054,21208.07083721622,4.249707661015327,0.632774366132304,7.910242385139511
NNYM_11-04-2025-21-36-50__Y-Maze_cs-p_female_control_1-98_Day1_lightsoff.hdf5,control,37,inverse,779,0.577120822622108,0.8964887781034436,3.5316495765568265,33792.51378173931,6.416995273002637,0.7690846422567383,3.525008111748883
NNYM_11-04-2025-21-36-50__Y-Maze_cs-p_female_control_1-98_Day1_lightsoff.hdf5,control,38,upright,561,0.625,1.0075134168157425,1.330558939598965,32600.44886653091,5.664140776597276,0.7972091949854525,4.798057632512333
NNYM_11-04-2025-21-36-50__Y-Maze_cs-p_female_control_1-98_Day1_lightsoff.hdf5,control,39,inverse,700,0.39198855507868385,0.7844584539523464,0.5448028677512142,33044.586318887414,5.646775338663364,0.7882142166448203,4.068641260324559
NNYM_11-04-2025-21-36-50__Y-Maze_cs-p_female_control_1-98_Day1_lightsoff.hdf5,control,40,upright,419,0.2966507177033493,0.9022297632598332,0.7655831998311179,26921.08788922266,4.814571951396498,0.7401409231085249,5.2650644666177815
NNYM_11-04-2025-21-36-50__Y-Maze_cs-p_female_control_1-98_Day1_lightsoff.hdf5,control,41,inverse,677,0.5414201183431953,0.7995610657369868,0.5935238748457384,40389.66776350333,6.848526770352757,0.8400383671303155,5.532852034701355
NNYM_11-04-2025-21-36-50__Y-Maze_cs-p_female_control_1-98_Day1_lightsoff.hdf5,control,42,upright,871,0.46436781609195404,0.8744062459703893,0.7995232156505497,40049.361651126936,6.657127327273558,0.8284002780906597,4.003948935176151
NNYM_11-04-2025-21-36-50__Y-Maze_cs-p_female_control_1-98_Day1_lightsoff.hdf5,control,43,inverse,606,0.37355371900826445,0.9374368899393015,0.9216352423004482,30499.165865054976,5.376834911017084,0.7533684496392915,4.107061228273245
NNYM_11-04-2025-21-36-50__Y-Maze_cs-p_female_control_1-98_Day1_lightsoff.hdf5,control,44,upright,351,0.22,0.985165741612733,0.9845772949822932,23453.943048348898,4.458629597916321,0.7077187435177243,5.073865288042233
NNYM_11-04-2025-21-36-50__Y-Maze_cs-p_female_control_1-98_Day1_lightsoff.hdf5,control,45,unknown,1,,,,2428.25860279667,5.086231709068229,0.6157858321358242,
NNYM_11-04-2025-21-36-50__Y-Maze_cs-p_female_control_1-98_Day1_lightsoff.hdf5,control,46,upright,392,0.4782608695652174,0.8272047397047396,1.8152766917529097,27442.460298457532,5.1671454973079785,0.7424617410653467,4.63274740161025
NNYM_11-04-2025-21-36-50__Y-Maze_cs-p_female_control_1-98_Day1_lightsoff.hdf5,control,47,inverse,380,0.44063324538258575,1.0196658943269497,0.681028789170915,27455.735339276984,4.738338768753807,0.7704670561706167,6.351301042330075
NNYM_11-04-2025-21-36-50__Y-Maze_cs-p_female_control_1-98_Day1_lightsoff.hdf5,control,48,upright,455,0.16740088105726872,0.8790247325451229,1.2364747361808455,31271.782854063546,5.332274334846041,0.7971953087911614,5.221152892936445
NNYM_11-04-2025-21-36-50__Y-Maze_cs-p_female_control_1-98_Day1_lightsoff.hdf5,control,49,inverse,97,0.6458333333333334,0.7593328672725458,2.4307032804662265,12163.847977579073,4.031809406174029,0.7115578333914804,7.264584500084104
NNYM_11-04-2025-21-36-50__Y-Maze_cs-p_female_control_1-98_Day1_lightsoff.hdf5,control,50,upright,3,0.5,2.0,0.6167605456685774,12184.83393964691,4.584780074579312,0.6406776568842582,
NNYM_11-04-2025-21-36-50__Y-Maze_cs-p_female_control_1-98_Day1_lightsoff.hdf5,control,51,inverse,242,0.5103734439834025,0.7669968076799412,1.5162654999611571,14943.88150733799,4.8099047094518985,0.6525457668449579,4.707949743779906
NNYM_11-04-2025-21-36-50__Y-Maze_cs-p_female_control_1-98_Day1_lightsoff.hdf5,control,52,upright,676,0.5214814814814814,0.9156366845504404,0.8142223695562464,35242.207913825696,5.919202522607471,0.8110013345387231,4.25862032603923
NNYM_11-04-2025-21-36-50__Y-Maze_cs-p_female_control_1-98_Day1_lightsoff.hdf5,control,53,inverse,512,0.6594911937377691,1.021594007499654,0.8368656078733643,35252.47486081513,5.876293289767834,0.8168385598515444,5.666137310159331
NNYM_11-04-2025-21-36-50__Y-Maze_cs-p_female_control_1-98_Day1_lightsoff.hdf5,control,54,upright,569,0.6073943661971831,0.758077348099228,2.0662444282764967,30225.94799997893,5.685245460772151,0.7356818436693955,3.5489686438246917
NNYM_11-04-2025-21-36-50__Y-Maze_cs-p_female_control_1-98_Day1_lightsoff.hdf5,control,55,inverse,149,0.6824324324324325,1.0672490609894685,1.4986416400041669,20238.83457265842,4.824934659234888,0.7535622122966956,8.302281013103322
NNYM_11-04-2025-21-36-50__Y-Maze_cs-p_female_control_1-98_Day1_lightsoff.hdf5,control,56,upright,335,0.5568862275449101,1.0039867679362013,2.524598121287067,23239.594088125716,5.266504590518687,0.7611374669783267,4.800347276894165
NNYM_11-04-2025-21-36-50__Y-Maze_cs-p_female_control_1-98_Day1_lightsoff.hdf5,control,57,inverse,197,0.5612244897959183,1.093315986339242,3.0694059748621494,19905.95155800324,4.649970025694423,0.7230940228945782,6.230703413316583
NNYM_11-04-2025-21-36-50__Y-Maze_cs-p_female_control_1-98_Day1_lightsoff.hdf5,control,58,upright,167,0.4578313253012048,1.19638844586213,4.0310690388685915,15577.614758320808,4.753311306804922,0.6678565488299492,4.706739253993938
NNYM_11-04-2025-21-36-50__Y-Maze_cs-p_female_control_1-98_Day1_lightsoff.hdf5,control,59,inverse,366,0.42191780821917807,0.9179917492798333,0.734793584277101,24657.299114584355,4.619155639751914,0.7064702121091855,5.610992627974758
NNYM_11-04-2025-21-36-50__Y-Maze_cs-p_female_control_1-98_Day1_lightsoff.hdf5,control,60,upright,845,0.4834123222748815,0.9286614718803168,0.551085786285547,38352.86671342808,6.289224638024188,0.8301158610736192,3.8601752913216267
NNYM_11-04-2025-21-36-50__Y-Maze_cs-p_female_control_1-98_Day1_lightsoff.hdf5,control,61,inverse,271,0.34814814814814815,0.9664663522035188,0.7586879698767659,27655.41702048412,4.930911328773036,0.7385515519470223,7.958242061423766
NNYM_11-04-2025-21-36-50__Y-Maze_cs-p_female_control_1-98_Day1_lightsoff.hdf5,control,62,upright,223,0.38288288288288286,0.9479367953542682,7.944550525557625,15993.424942662516,6.019172418315299,0.793154604217442,4.978776935177373
NNYM_11-04-2025-21-36-50__Y-Maze_cs-p_female_control_1-98_Day1_lightsoff.hdf5,control,63,inverse,322,0.4205607476635514,1.02589605734767,0.9679068780583205,22771.03525427868,4.483908861670951,0.6853339944263024,5.276529090700691
NNYM_11-04-2025-21-36-50__Y-Maze_cs-p_female_control_1-98_Day1_lightsoff.hdf5,control,64,upright,489,0.5430327868852459,0.9185079605055931,1.1800828545609878,30565.20835752142,5.3514008138546165,0.7746298521583574,4.797155089483103
NNYM_11-04-2025-21-36-50__Y-Maze_cs-p_female_control_1-98_Day1_lightsoff.hdf5,control,65,inverse,292,0.7422680412371134,0.7029712643678161,0.7494141092496166,23716.88349556984,4.3564350474834885,0.6978879557707385,6.030182203482542
NNYM_11-04-2025-21-36-50__Y-Maze_cs-p_female_control_1-98_Day1_lightsoff.hdf5,control,66,unknown,1,,,,21.565472968941204,4.6276702628377,0.6473829201101928,
NNYM_11-04-2025-21-36-50__Y-Maze_cs-p_female_control_1-98_Day1_lightsoff.hdf5,control,67,inverse,51,0.56,1.0767293930559239,2.211020872068938,15613.91472646387,3.9317827334359983,0.6384591756952976,13.560965468934526
NNYM_11-04-2025-21-36-50__Y-Maze_cs-p_female_control_1-98_Day1_lightsoff.hdf5,control,68,upright,392,0.7186700767263428,0.8560392454520569,1.2936124477812712,25189.674053904564,4.734261320801431,0.7325410210562534,4.698582020305014
NNYM_11-04-2025-21-36-50__Y-Maze_cs-p_female_control_1-98_Day1_lightsoff.hdf5,control,69,inverse,866,0.6011560693641619,0.9219967729365375,0.41597770682876084,40323.073550831454,6.572545486383787,0.8442264365260301,4.424027226711376
NNYM_11-04-2025-21-36-50__Y-Maze_cs-p_female_control_1-98_Day1_lightsoff.hdf5,control,70,unknown,0,,,,,,,
NNYM_11-04-2025-21-36-50__Y-Maze_cs-p_female_control_1-98_Day1_lightsoff.hdf5,control,71,unknown,0,,,,,,,
NNYM_11-04-2025-21-36-50__Y-Maze_cs-p_female_control_1-98_Day1_lightsoff.hdf5,control,72,unknown,1,,,,189.84240502520558,3.9787761538437985,0.7607440667094291,
NNYM_11-04-2025-21-36-50__Y-Maze_cs-p_female_control_1-98_Day1_lightsoff.hdf5,control,73,inverse,486,0.36082474226804123,0.7928328636173212,1.2375132057519935,28533.55041830329,5.222761677321098,0.7351610947918124,3.8273227155099487
NNYM_11-04-2025-21-36-50__Y-Maze_cs-p_female_control_1-98_Day1_lightsoff.hdf5,control,74,upright,928,0.5167206040992449,0.7330011512328343,0.7746967295035841,38790.85693212695,6.585950041591891,0.8106582884987398,3.6243874258383206
NNYM_11-04-2025-21-36-50__Y-Maze_cs-p_female_control_1-98_Day1_lightsoff.hdf5,control,75,inverse,558,0.5026929982046678,1.0144179164146763,1.3348615145825922,32231.59622769891,5.599650490603707,0.7821542601529418,4.873435765529421
NNYM_11-04-2025-21-36-50__Y-Maze_cs-p_female_control_1-98_Day1_lightsoff.hdf5,control,76,upright,409,0.5098039215686274,1.061833301833302,0.8384822997198876,29407.805303945483,5.091947740920097,0.7730816081228975,5.485404344828422
NNYM_11-04-2025-21-36-50__Y-Maze_cs-p_female_control_1-98_Day1_lightsoff.hdf5,control,77,inverse,70,0.4782608695652174,1.0902963458110517,1.651391774923782,14121.515476349181,4.259786882667373,0.651054089566229,6.653392471182103
NNYM_11-04-2025-21-36-50__Y-Maze_cs-p_female_control_1-98_Day1_lightsoff.hdf5,control,78,upright,370,0.46612466124661245,0.8025970879548125,5.744474996749838,19683.89127708697,5.540225886342482,0.7397004061573796,3.985514330749757
NNYM_11-04-2025-21-36-50__Y-Maze_cs-p_female_control_1-98_Day1_lightsoff.hdf5,control,79,inverse,370,0.6883468834688347,1.0006920463510114,2.7837466765190775,22361.434456759347,5.335191912198493,0.7469451481978091,4.695386073460226
NNYM_11-04-2025-21-36-50__Y-Maze_cs-p_female_control_1-98_Day1_lightsoff.hdf5,control,80,unknown,1,,,,2214.0544948858255,7.25392963666678,0.7080268773267956,
NNYM_11-04-2025-21-36-50__Y-Maze_cs-p_female_control_1-98_Day1_lightsoff.hdf5,control,81,inverse,683,0.38269794721407624,0.9323742982346099,0.6930607384704391,35717.58072816451,5.993536487273511,0.8162467208601872,4.362569992027001
NNYM_11-04-2025-21-36-50__Y-Maze_cs-p_female_control_1-98_Day1_lightsoff.hdf5,control,82,upright,324,0.5139318885448917,0.9510489439659179,1.5582418747042397,20111.428789344904,4.96296030563129,0.7703056902231933,4.362249724021011
NNYM_11-04-2025-21-36-50__Y-Maze_cs-p_female_control_1-98_Day1_lightsoff.hdf5,control,83,inverse,502,0.4251497005988024,0.9942821302816901,0.7162260924292356,33810.80778770165,6.0044095554125,0.820886391444238,6.225422034297203
NNYM_11-04-2025-21-36-50__Y-Maze_cs-p_female_control_1-98_Day1_lightsoff.hdf5,control,84,unknown,0,,,,,,,
NNYM_11-04-2025-21-36-50__Y-Maze_cs-p_female_control_1-98_Day1_lightsoff.hdf5,control,85,unknown,0,,,,,,,
NNYM_11-04-2025-21-36-50__Y-Maze_cs-p_female_control_1-98_Day1_lightsoff.hdf5,control,86,upright,606,0.31074380165289256,0.993305943521919,1.2238937553285407,32812.73564039303,5.725067629107184,0.7783758121617406,4.126341505325329
NNYM_11-04-2025-21-36-50__Y-Maze_cs-p_female_control_1-98_Day1_lightsoff.hdf5,control,87,inverse,526,0.4228571428571429,0.8992688648893772,0.8336387148890341,29674.00009592946,5.164106882989365,0.7775377034088755,4.689997934947707
NNYM_11-04-2025-21-36-50__Y-Maze_cs-p_female_control_1-98_Day1_lightsoff.hdf5,control,88,unknown,4,,,1.408536476189384,2289.6820572272427,4.080654033303434,0.5962295807797171,2.6156736039255906
NNYM_11-04-2025-21-36-50__Y-Maze_cs-p_female_control_1-98_Day1_lightsoff.hdf5,control,89,inverse,347,0.4190751445086705,0.8989095502000244,3.5427886741617933,20577.836032909818,5.051194910932858,0.7449746463640033,4.104963473847734
NNYM_11-04-2025-21-36-50__Y-Maze_cs-p_female_control_1-98_Day1_lightsoff.hdf5,control,90,upright,580,0.41968911917098445,0.9128236125604926,1.021533725136929,30910.299207061827,5.378743303265468,0.7754006505505906,4.408088571332864
NNYM_11-04-2025-21-36-50__Y-Maze_cs-p_female_control_1-98_Day1_lightsoff.hdf5,control,91,inverse,666,0.5368421052631579,0.7662082152137965,1.2261391979168488,30392.760475868577,5.424069920921255,0.7850558659217877,3.71281467107676
NNYM_11-04-2025-21-36-50__Y-Maze_cs-p_female_control_1-98_Day1_lightsoff.hdf5,control,92,upright,16,0.4,1.6369047619047619,1.800352280006282,7501.835661271225,4.6276122825904595,0.633212009420445,5.6857426852863435
NNYM_11-04-2025-21-36-50__Y-Maze_cs-p_female_control_1-98_Day1_lightsoff.hdf5,control,93,inverse,813,0.37192118226600984,0.8683203664199775,0.5707839228450335,36845.324900691165,6.227460655155618,0.8094193426673315,4.042623507740654
NNYM_11-04-2025-21-36-50__Y-Maze_cs-p_female_control_1-98_Day1_lightsoff.hdf5,control,94,upright,347,0.5144508670520231,0.8644902334814402,3.4017113942600967,20124.038315627255,4.920074992032685,0.7388829112991185,4.165697246924682
NNYM_11-04-2025-21-36-50__Y-Maze_cs-p_female_control_1-98_Day1_lightsoff.hdf5,control,95,unknown,1,,,,2102.341773505478,4.285704817266651,0.6360114855347275,
NNYM_11-04-2025-21-36-50__Y-Maze_cs-p_female_control_1-98_Day1_lightsoff.hdf5,control,96,unknown,0,,,,,,,
NNYM_11-04-2025-21-36-50__Y-Maze_cs-p_female_control_1-98_Day1_lightsoff.hdf5,control,97,unknown,0,,,,,,,
